meme_id,dataset,image_path,filename,is_valid,width,height,format,sha256,error,is_exact_duplicate,source,published_at,telegram_caption,ocr_raw,ocr_clean
meme_004680,rus,data/raw/rus/5209.jpg,5209.jpg,True,800,688,JPEG,f8f3623f61277c9c41795f0331fc641e075519e9080fbb07857c94f0fe679713,,False,,,,,
meme_002806,rus,data/raw/rus/3522.jpg,3522.jpg,True,640,640,JPEG,963cc74b4200ddb22dcea25fdbf4d5f3f3cd69691d32adccb2511bbc9d7710a9,,False,,,,,
meme_001684,rus,data/raw/rus/2512.jpg,2512.jpg,True,800,614,JPEG,c4bf1d01ad5e5407b8b0f1d44be5f53e7c407caa5b9eb6f52bfd37f7373085cc,,False,,,,,
meme_000863,rus,data/raw/rus/1774.jpg,1774.jpg,True,738,301,JPEG,c67e8fcce0b13d6ae02eecb19412f1efd95b3d972a2d8cf3ee62f46fe8e16a8d,,False,,,,,
meme_014445,ukr,data/raw/ukr/1o9i19euLtzvfbWcP_joM8Usyc2ZE1497.jpeg,1o9i19euLtzvfbWcP_joM8Usyc2ZE1497.jpeg,True,231,360,JPEG,f3787e5678a12da233c1a8b7c430856ee6613d0526be264a558f8c90e3a5ae3b,,False,,,,,
meme_010732,ukr,data/raw/ukr/1R6FzyKw0wWEwUYAdVSP9O3iMnov8P9dN.jpeg,1R6FzyKw0wWEwUYAdVSP9O3iMnov8P9dN.jpeg,True,800,800,JPEG,8d8d5f6ea56cd1bb506fb853db59f8fb2452eb0779acf8884f92ed73336d51c8,,False,,,,,
meme_003026,rus,data/raw/rus/3720.jpg,3720.jpg,True,550,510,JPEG,fb90432402d3583025b72e5ff57e3d1b4f83e969f447157b2ceb4fc15e30361b,,False,,,,,
meme_013523,ukr,data/raw/ukr/1i4RzhumrVzTHa5Iixqt2zV4CzI5SuXWc.jpeg,1i4RzhumrVzTHa5Iixqt2zV4CzI5SuXWc.jpeg,True,993,1280,JPEG,65c2028debb0e9bece185a38d16667ad3c6fa2f1df6d9e9d0baa1d2af9c6fb78,,False,,,,,
meme_001748,rus,data/raw/rus/2570.jpg,2570.jpg,True,659,733,JPEG,41ae7c5186113af01967a4711fe7cc14073cafa23b7aeb07a3dd07974202f349,,False,,,,,
meme_000089,rus,data/raw/rus/1077.jpg,1077.jpg,True,800,784,JPEG,10077079ccf28c24c313c35b94c1460a74d69fa22935bfa0a742ad1eec7d7530,,False,,,,,
meme_010183,ukr,data/raw/ukr/1NPcZv-5RETkATGiUX1IIo2rkjTObSIqQ.jpeg,1NPcZv-5RETkATGiUX1IIo2rkjTObSIqQ.jpeg,True,596,447,JPEG,66cbdb6237b06d052d53401d6dd2c0aded2af6e8989a04786e310e18fc2c0b0e,,False,,,,,
meme_009964,ukr,data/raw/ukr/1M1QSDMjUYWj62KYzZEXA8muf2ErsHxOf.jpeg,1M1QSDMjUYWj62KYzZEXA8muf2ErsHxOf.jpeg,True,1085,763,JPEG,2c466b2994d11fd86b069c1ac26286f44dcc2dbf3c0e34908bb77bf4993314e2,,False,,,,,
meme_014996,ukr,data/raw/ukr/1ro8wcg2pjPpb05p988KsdoButLNiDIu4.jpeg,1ro8wcg2pjPpb05p988KsdoButLNiDIu4.jpeg,True,1002,753,JPEG,27c0db100d4ccdd169d05e3b6aa09338a12181b49cc30b87bdedcbd2a6f2b3f6,,False,,,,,
meme_012350,ukr,data/raw/ukr/1as3NrrJQb11_2Ju3SP7SimpAWCsr3VpZ.jpeg,1as3NrrJQb11_2Ju3SP7SimpAWCsr3VpZ.jpeg,True,750,630,JPEG,e2b92cec7f965665b99c08b77339f3a142e569e350ac491dadff9788c8498a2f,,False,,,,,
meme_015122,ukr,data/raw/ukr/1sXoXArVKgVORUz67vtslz2SWm2Bn90Xv.jpeg,1sXoXArVKgVORUz67vtslz2SWm2Bn90Xv.jpeg,True,500,583,JPEG,f87056caefee365ea63db60f3cee39d66efea1577bfd1c3e4e25f382b6744764,,False,,,,,
meme_010417,ukr,data/raw/ukr/1OyZ9Wf194aAtCdUhKIGCqD9Kq6ULKVhI.jpeg,1OyZ9Wf194aAtCdUhKIGCqD9Kq6ULKVhI.jpeg,True,861,564,JPEG,725c763086bbbc824b1cd32bfafd98a6dfba7cdface1656ff0e4c0119a1ab6dc,,False,,,,,
meme_016133,ukr,data/raw/ukr/1zIK_mXZqH100sZy5xbAJmVpuaUWxuB-z.jpeg,1zIK_mXZqH100sZy5xbAJmVpuaUWxuB-z.jpeg,True,1410,1116,JPEG,54ee9e13d07d830da08c858372b99779659bedda738085011b06b0cb16c8f2ea,,False,,,,,
meme_016033,ukr,data/raw/ukr/1y_cGvVuo8ABqQS8viehli4ctK8riUE58.jpeg,1y_cGvVuo8ABqQS8viehli4ctK8riUE58.jpeg,True,719,939,JPEG,38d81ead3d3371401a32138c65a7565a7faa7cd858703dd8654d3a3d15ff3c61,,False,,,,,
meme_007579,ukr,data/raw/ukr/16BhFgzsxltYXNSk-wJidqPLo0RV-OeDr.jpeg,16BhFgzsxltYXNSk-wJidqPLo0RV-OeDr.jpeg,True,1280,768,JPEG,7bd0a729494ab5addc64a9deec7cbd50eb270016f08ace9270eb542aa84879c5,,False,,,,,
meme_012642,ukr,data/raw/ukr/1cd4MCgdRMa3rXVy8PNqL_zPTXuYGMLqG.jpeg,1cd4MCgdRMa3rXVy8PNqL_zPTXuYGMLqG.jpeg,True,547,316,JPEG,ec846f65bf1baa2e027cb56dec195280e1b1ca0527c48d24e597c9bb1d053cf3,,False,,,,,
meme_013244,ukr,data/raw/ukr/1gLRB5Dr0Su0Bc6JpzvTDEef1G1uNtGAk.jpeg,1gLRB5Dr0Su0Bc6JpzvTDEef1G1uNtGAk.jpeg,True,957,1280,JPEG,91b21a9feb7af42e5ebb7aca337e6c508dcb40bd208e9d763e7cd560fa7e9d8a,,False,,,,,
meme_007748,ukr,data/raw/ukr/17JisWAUSTFbDr8jiS13ffHFe1OSRGJX_.jpeg,17JisWAUSTFbDr8jiS13ffHFe1OSRGJX_.jpeg,True,954,714,JPEG,bb4d85afff044d77e392da0f659352c4b2964a33903f53de1662834c7d4f7cac,,False,,,,,
meme_000150,rus,data/raw/rus/1131.jpg,1131.jpg,True,774,800,JPEG,57cd5a28c32dc74e95b842e50c327351950376134759561f45e4ddfb1d9047c0,,False,,,,,
meme_007624,ukr,data/raw/ukr/16VBeBZTrORCf68kxZVt0Sgh3eolRx4ff.jpeg,16VBeBZTrORCf68kxZVt0Sgh3eolRx4ff.jpeg,True,815,1279,JPEG,09722874d02d330180c3a84639b775395990bffffdce66b7e8feb084940a7283,,False,,,,,
meme_008055,ukr,data/raw/ukr/19RisT7ojjAHMc3jHTeRbujI2EbsO62w5.jpeg,19RisT7ojjAHMc3jHTeRbujI2EbsO62w5.jpeg,True,700,700,JPEG,b158b995ca043984d1add50081d764a4830a946149eade8a0c9daecd6e2b7bf0,,False,,,,,
meme_002513,rus,data/raw/rus/3259.jpg,3259.jpg,True,708,800,JPEG,0d4f6d17b956a3c361b31e5cb1c94f3e40b802aefe1f8c32fbb68829aa3ad5a6,,False,,,,,
meme_004378,rus,data/raw/rus/4938.jpg,4938.jpg,True,1200,1200,JPEG,6b13fc7eed97e0b658fc8a8822cb8fc61758856aa2386cea84133e2fedf8e331,,False,,,,,
meme_006425,rus,data/raw/rus/924.jpg,924.jpg,True,604,532,JPEG,f1424a54749d68b6817c2b4cef2643d752f7544a3dfb73252cc22110bb21e8cb,,False,,,,,
meme_007158,ukr,data/raw/ukr/13TrhXVU8QkkD71kY3JIHOGxW6XAe2-kV.jpeg,13TrhXVU8QkkD71kY3JIHOGxW6XAe2-kV.jpeg,True,1024,1280,JPEG,0ab417027c637c13e929e613f3a898dc1bc3e37202a6ce02bbfdc5aaf91e66d4,,False,,,,,
meme_015848,ukr,data/raw/ukr/1xLVMgln_C5lNKCM07_02n5-3EZSXRerk.jpeg,1xLVMgln_C5lNKCM07_02n5-3EZSXRerk.jpeg,True,447,447,JPEG,37c455ab957289c916792f209a7bf9b1d73078aee57b427bc119d3d1a88e1ae3,,False,,,,,
meme_003845,rus,data/raw/rus/4458.jpg,4458.jpg,True,617,800,JPEG,b5e607629087ca1539741a9f2efa6ad1a164bad8dc4128578397638765562cce,,False,,,,,
meme_014599,ukr,data/raw/ukr/1pFdWN1Rag4Z4VUaGuN6iYJar0sEVGSHM.jpeg,1pFdWN1Rag4Z4VUaGuN6iYJar0sEVGSHM.jpeg,True,1077,1280,JPEG,2d339275a3fe0dc2b8b8f2db486773f8e46b09110c8112d6e36a946562a95d78,,False,,,,,
meme_006406,rus,data/raw/rus/907.jpg,907.jpg,True,604,384,JPEG,df85f3516c9bae63237449536dc00742ff0d8746bf7a6c62c933d6e3145a1dbd,,False,,,,,
meme_006308,rus,data/raw/rus/819.jpg,819.jpg,True,1280,720,JPEG,96d6521c60e49b44f17a161db8fd58f3f8d1f53b426fd61f3950a0da1274261d,,False,,,,,
meme_015629,ukr,data/raw/ukr/1vqYeR2Zh_xjdpvhuK13Bug0mB5FG4s5L.jpeg,1vqYeR2Zh_xjdpvhuK13Bug0mB5FG4s5L.jpeg,True,1200,800,JPEG,ed27e37424d907a5f04aab37dcf2df48150d425e19185400a62f3ee80767be90,,False,,,,,
meme_007199,ukr,data/raw/ukr/13iCc5pOgjpiur-YKuknEvOclLsNgjnwA.jpeg,13iCc5pOgjpiur-YKuknEvOclLsNgjnwA.jpeg,True,889,1280,JPEG,f2489a67470fafa76b2991798eb6209c45f0d6a76a592b63e18a3b8cb3f957d1,,False,,,,,
meme_004639,rus,data/raw/rus/5172.jpg,5172.jpg,True,1280,942,JPEG,a69a171c12191e7cdc7b0b05a24934eeee6b2420f6f0880f44c15c0bd136ced8,,False,,,,,
meme_014275,ukr,data/raw/ukr/1n3n23qar3mfEUPH0yKLdbMqabIJs8saU.jpeg,1n3n23qar3mfEUPH0yKLdbMqabIJs8saU.jpeg,True,1279,1279,JPEG,21813b8d798acaeda2efa3d12fe659c9f76f05a5f15b9f1c266f7a3b71dee2d2,,False,,,,,
meme_006746,ukr,data/raw/ukr/10nOYamSDFzDEMPEtuJL14OzjXZqhEIxS.jpeg,10nOYamSDFzDEMPEtuJL14OzjXZqhEIxS.jpeg,True,1269,1713,JPEG,2142f738691a95e71e78c9e53f29d3a583797000e41b07057d8bab2780222862,,False,,,,,
meme_013156,ukr,data/raw/ukr/1foB8d4CoNhcrq6cFJo21fxHfINOvmH1o.jpeg,1foB8d4CoNhcrq6cFJo21fxHfINOvmH1o.jpeg,True,754,528,JPEG,62fa54f2cae056b989ee2f2ff824fd5c2ec378c6a45d6427050ed16be1a83c45,,False,,,,,
meme_012734,ukr,data/raw/ukr/1dAWErrqIRubalIxxK_9pLfaRQJzsVfp3.jpeg,1dAWErrqIRubalIxxK_9pLfaRQJzsVfp3.jpeg,True,1023,1074,JPEG,eaeff01d4463ebf98a2e06ecee4e9d27ffbfd516fa96bc707c23532e5756c1e0,,False,,,,,
meme_000124,rus,data/raw/rus/1108.jpg,1108.jpg,True,1185,1068,JPEG,a6781b7efba47c9d9f40eeda93fb2f97e5dfc9bf2270481fbd3f889d43cb471d,,False,,,,,
meme_007050,ukr,data/raw/ukr/12iAzRXuN_NkgfoKz7fRNW8sbIUTt446Z.jpeg,12iAzRXuN_NkgfoKz7fRNW8sbIUTt446Z.jpeg,True,1280,1127,JPEG,45e829a3e64e779e80ce2b87b9c4f937526d8eef8a494ddadd513c0c4e71b0c4,,False,,,,,
meme_006217,rus,data/raw/rus/737.jpg,737.jpg,True,1084,1080,JPEG,53cfa79689e65a8c2ff6561c983c5180da1ead195d8fdcaab2e959a524cb4bab,,False,,,,,
meme_010629,ukr,data/raw/ukr/1QPPM1BuIjhG5JYm-s1Vhwch6XQ60czZg.jpeg,1QPPM1BuIjhG5JYm-s1Vhwch6XQ60czZg.jpeg,True,447,560,JPEG,698c45cb4f141facafa61b6b0a113fc28564c2815081d0c34894f3e8de0e461b,,False,,,,,
meme_010290,ukr,data/raw/ukr/1O8VefN4AhKKrvqvma423CtBxQmLV83W6.jpeg,1O8VefN4AhKKrvqvma423CtBxQmLV83W6.jpeg,True,526,522,JPEG,7f67ac9f62b38c50332002c07ace72846b178995c4cd0295588a627bdb684111,,False,,,,,
meme_004752,rus,data/raw/rus/5274.jpg,5274.jpg,True,800,787,JPEG,257cbcbd4feab56b5b5ed44efdf301e52979955a977e7811abf20d31f874b74f,,False,,,,,
meme_016131,ukr,data/raw/ukr/1zH2OlFuONUmE6s-og50ehQ4_zO_mcUg1.jpeg,1zH2OlFuONUmE6s-og50ehQ4_zO_mcUg1.jpeg,True,811,729,JPEG,a331a3a5e0e84cf10d470e0a0baab62511973b5549bac9eda024afb5aaf1b260,,False,,,,,
meme_007757,ukr,data/raw/ukr/17LzmQgcsT_IvVVChDW6Qs7WVLiCmbc7l.jpeg,17LzmQgcsT_IvVVChDW6Qs7WVLiCmbc7l.jpeg,True,1240,1653,JPEG,907ecc9166512c3234fdf284c283cfb9c42dedd8932f586129613938a6fad802,,False,,,,,
meme_002590,rus,data/raw/rus/3328.jpg,3328.jpg,True,604,604,JPEG,7c6626fce641981e586ca2a05a1d85b1cdf10201888419a28a372b6c6f768f24,,False,,,,,
meme_002237,rus,data/raw/rus/301.jpg,301.jpg,True,800,747,JPEG,c67c9059283e62de972a498d5b19264adff87a81fa5cf569cb63b1a4f11fcff4,,False,,,,,
meme_015589,ukr,data/raw/ukr/1vYwoJe0fdj0vBYNgm4PbPu2v1hDW0Zue.jpeg,1vYwoJe0fdj0vBYNgm4PbPu2v1hDW0Zue.jpeg,True,458,509,JPEG,75fefa3e0a29dff8683c2da6a162115a0614147bacaf1f63e339d10737010ddf,,False,,,,,
meme_004476,rus,data/raw/rus/5025.jpg,5025.jpg,True,702,500,JPEG,0079f851736d01645cec5c40b2c7cc7cfd2ef035ee2cf4f3d94dbbe0df5ed450,,False,,,,,
meme_010408,ukr,data/raw/ukr/1OuteboCiSiTeuiBMpeYgn1I94fNP8rmW.jpeg,1OuteboCiSiTeuiBMpeYgn1I94fNP8rmW.jpeg,True,720,767,JPEG,64eb8ecbca2e58446a2ea34aac55328cb95ca2e6b684f68733b5a12cce8ec4ae,,False,,,,,
meme_003352,rus,data/raw/rus/4013.jpg,4013.jpg,True,961,1280,JPEG,bd620e6b54704f19d6f2ce92fe98d6aa3a0803a07ccb628ac196b8e9659a219b,,False,,,,,
meme_010085,ukr,data/raw/ukr/1MrU3jFKJN2eYgSJPMuNTPpD3PyDjm3F4.jpeg,1MrU3jFKJN2eYgSJPMuNTPpD3PyDjm3F4.jpeg,True,800,600,JPEG,e664fa674769c4b17d67f8545e8ed8102f19d0e35010d26beb0f974d7f192169,,False,,,,,
meme_012480,ukr,data/raw/ukr/1bf02LFuw6a7YHBvBGZCmF3aEmgWjvjSS.jpeg,1bf02LFuw6a7YHBvBGZCmF3aEmgWjvjSS.jpeg,True,848,1092,JPEG,d9fc7ce584a3b9cb1d019dce9ab33559bc8570add208e0af7ab36c48e7d79190,,False,,,,,
meme_002831,rus,data/raw/rus/3545.jpg,3545.jpg,True,1080,677,JPEG,b815158c415af1d678edddabe37e0b865a23a3689f5f7e02f7c90333e55956df,,False,,,,,
meme_001985,rus,data/raw/rus/2784.jpg,2784.jpg,True,451,604,JPEG,626918e2eb6ed71d6ade69a69e994568fb933c3e54d85e8de201c2fb3bff68d4,,False,,,,,
meme_007310,ukr,data/raw/ukr/14N8C7XIIFpKl15fzaRrKaS2Uwiu8EhK4.jpeg,14N8C7XIIFpKl15fzaRrKaS2Uwiu8EhK4.jpeg,True,800,781,JPEG,bb6eac597826ab85e0c4d80ea5919522bbd86d4627ae407b7057084ed00cac12,,False,,,,,
meme_015242,ukr,data/raw/ukr/1tPiLwErGTQbeDGtJNc4WvsXFaFNQIAZp.jpeg,1tPiLwErGTQbeDGtJNc4WvsXFaFNQIAZp.jpeg,True,900,669,JPEG,7677f562cce7b333f15122c0eb1df21071c077814c5e84ea60e0d4b163476160,,False,,,,,
meme_008396,ukr,data/raw/ukr/1BgA1xrfYF4K5Jbi9VFacvxultB-T9T65.jpeg,1BgA1xrfYF4K5Jbi9VFacvxultB-T9T65.jpeg,True,1280,1052,JPEG,d90795289c7ccae3087c01b77ac58188a85b6d438bb933f3b24bdba6be6e0eb5,,False,,,,,
meme_008662,ukr,data/raw/ukr/1DWAIKOJv8s6oEs1QnD48KO-BH7yGMygq.jpeg,1DWAIKOJv8s6oEs1QnD48KO-BH7yGMygq.jpeg,True,644,680,JPEG,92e5c57ccab625269483587a11cb5d32057e89e17c0a20d8c5a5b28f944bc6a2,,False,,,,,
meme_000641,rus,data/raw/rus/1574.jpg,1574.jpg,True,1182,1024,JPEG,701776e8c774a6263deebbdee5ae4117e7ac4cd1ce444bf2376f9f2da779772d,,False,,,,,
meme_004049,rus,data/raw/rus/4641.jpg,4641.jpg,True,583,900,JPEG,eb61ed00807ff0bb784c416daad8987e453fc173d495bd2690c325df4b4c1b2e,,False,,,,,
meme_011684,ukr,data/raw/ukr/1XWVAGV7MbsMA3LQIF7cecl9HFRLTrE0-.jpeg,1XWVAGV7MbsMA3LQIF7cecl9HFRLTrE0-.jpeg,True,470,368,JPEG,b89fa4e7e43369b8e8991c52e2cb3bb0ce3429879c4f7f42b710a8ee17b826ca,,False,,,,,
meme_008026,ukr,data/raw/ukr/19C7QcXVbeelXL4b18L2vVLB40GFG7dvv.jpeg,19C7QcXVbeelXL4b18L2vVLB40GFG7dvv.jpeg,True,1200,835,JPEG,19dd50c8ce26841e6b7c7040a8c2a59cc3a81b8c6ca9a49101f766fdfeddfce8,,False,,,,,
meme_012472,ukr,data/raw/ukr/1bakDfgq_NJBzHazrYYXuTXr_BSNTSfRS.jpeg,1bakDfgq_NJBzHazrYYXuTXr_BSNTSfRS.jpeg,True,945,1183,JPEG,09f7b8d810812e4712d7964f941b0493167137b7cc727bd18c2567f2fb1a6eb8,,False,,,,,
meme_003014,rus,data/raw/rus/371.jpg,371.jpg,True,1170,1016,JPEG,7e0b7100efea82d4762f8e7ae292aac9e3809c497bc2fc1ca08fff911b343ded,,False,,,,,
meme_011180,ukr,data/raw/ukr/1UBaTZ8pK9z84ZzaoCPvfJeQkgoFYUMX2.jpeg,1UBaTZ8pK9z84ZzaoCPvfJeQkgoFYUMX2.jpeg,True,1280,842,JPEG,59e01d3c9be799f49e0595965b8b6297336771db2573c9c8a9929344d54a69c6,,False,,,,,
meme_012848,ukr,data/raw/ukr/1dwqGpHhnfX4nEElr6hwrjAIjNh-lmio1.jpeg,1dwqGpHhnfX4nEElr6hwrjAIjNh-lmio1.jpeg,True,1080,660,JPEG,2391a58c7a7f6a5a4af29d0043361feb15c90bd37da9e02986f4671495a6ca6d,,False,,,,,
meme_013794,ukr,data/raw/ukr/1jsGu8Ufhkh4oB8dgRNlgzSKxRI5KGj9m.jpeg,1jsGu8Ufhkh4oB8dgRNlgzSKxRI5KGj9m.jpeg,True,887,573,JPEG,d1d0a9276d107d8b084df54c22996f66bc22ab76df67ea42e53f1f4b24ebe776,,False,,,,,
meme_009582,ukr,data/raw/ukr/1JZf-09UYj4RBsFp8RwWm21eGCvA-RwhT.jpeg,1JZf-09UYj4RBsFp8RwWm21eGCvA-RwhT.jpeg,True,1198,652,JPEG,e2991706956f1554c1b9881005f0b95f7c5b1d54f71ac0da70602970a4a43432,,False,,,,,
meme_013059,ukr,data/raw/ukr/1fJwEgJK0PpJOqVml6sA2coyTGnwBARl4.jpeg,1fJwEgJK0PpJOqVml6sA2coyTGnwBARl4.jpeg,True,601,600,JPEG,d4d1b5de854445eb7addb00853794b764c9943bca8b608c34daf70fe90d93353,,False,,,,,
meme_008973,ukr,data/raw/ukr/1FU2g6XgyoiEQdVQiJcOCyJ6C5Ij_HFil.jpeg,1FU2g6XgyoiEQdVQiJcOCyJ6C5Ij_HFil.jpeg,True,2031,2032,JPEG,074843cc93e9c799b7f20db3d8fb574a685314089395d8d829b9ff69b1fb8d80,,False,,,,,
meme_005197,rus,data/raw/rus/5675.jpg,5675.jpg,True,816,1056,JPEG,d19d081490c006e8dd7127dfd7a274360e5d16b0ec9d3cb320476d492f61b2c6,,False,,,,,
meme_007208,ukr,data/raw/ukr/13kM_zcx9XzaFJWkunBER4GefVVVLjI0C.jpeg,13kM_zcx9XzaFJWkunBER4GefVVVLjI0C.jpeg,True,889,887,JPEG,7410d0bca93e38c1dffbddf82b2bad9f63020424049708d2e87889c1a129024b,,False,,,,,
meme_015334,ukr,data/raw/ukr/1u3OfTRNoTjvLIj6qgOlzvF64wAFtgwIY.jpeg,1u3OfTRNoTjvLIj6qgOlzvF64wAFtgwIY.jpeg,True,1080,772,JPEG,ce56280358aab00db4307581fa0176b0980673c7d91921e1573e00feaac86598,,False,,,,,
meme_003920,rus,data/raw/rus/4525.jpg,4525.jpg,True,585,489,JPEG,9d38b030b631698134b20c057799c246727221362486b41505c596e859ec50be,,False,,,,,
meme_001036,rus,data/raw/rus/193.jpg,193.jpg,True,968,1090,JPEG,414274c712c08f2d2051ca0df02be8b9f347c2ae4a8b03e7057407eb452a7374,,False,,,,,
meme_000857,rus,data/raw/rus/1769.jpg,1769.jpg,True,655,449,JPEG,61fe40d3aaad344a44a86a31f1523822e00f5c4d470f3b7626eb2c10849f0832,,False,,,,,
meme_013754,ukr,data/raw/ukr/1jalzEbXZhc0mPlpvpC3d131cB1ZbPHVu.jpeg,1jalzEbXZhc0mPlpvpC3d131cB1ZbPHVu.jpeg,True,800,800,JPEG,16bb118bd73f7f3fb6507fa19ef0d485b5548d9feeaea60be5fe9840cf7efffc,,False,,,,,
meme_002699,rus,data/raw/rus/3426.jpg,3426.jpg,True,1255,1056,JPEG,a7fccf241669fee6be0b20230ecbee5cb6e2183e748594e04316ea89f02e193c,,False,,,,,
meme_000285,rus,data/raw/rus/1253.jpg,1253.jpg,True,1280,1205,JPEG,1da2fb0a150a999470ab9a07adc057e49c4e090c2d1123993e9e6b931804d248,,False,,,,,
meme_005923,rus,data/raw/rus/6328.jpg,6328.jpg,True,1080,1254,JPEG,3c056c37486d80fbc3df119978c979c45c4d0afcdbfd72723a7060657a31c8b1,,False,,,,,
meme_013673,ukr,data/raw/ukr/1j71Abjj8NNZyHHz5JfglMYoojOxxQHYY.jpeg,1j71Abjj8NNZyHHz5JfglMYoojOxxQHYY.jpeg,True,720,531,JPEG,d1c42dc8ae59dcab92da9f27833e4a19fdca04228fbbe20ebc21730e250d8ac7,,False,,,,,
meme_009103,ukr,data/raw/ukr/1GK2MWirDU_F927j6leEhdBnzv3fzVv0k.jpeg,1GK2MWirDU_F927j6leEhdBnzv3fzVv0k.jpeg,True,996,1280,JPEG,b5245edb4f28098f4e525135fcded8e4d73c09aa64eaedd773d187fbab7ada5f,,False,,,,,
meme_013151,ukr,data/raw/ukr/1fmRu-FR7yH47r7zgpdqmimpxcIXR-jk8.jpeg,1fmRu-FR7yH47r7zgpdqmimpxcIXR-jk8.jpeg,True,685,1148,JPEG,0104f731c8a2967fa93c5b2767c8074e8624489ccf81d53edfff3c7386fb1645,,False,,,,,
meme_002765,rus,data/raw/rus/3486.jpg,3486.jpg,True,700,586,JPEG,67ca07e9882a018cb8fda34531c6fbfa70cd8d7f8be2320f575e2cf232eef7be,,False,,,,,
meme_000004,rus,data/raw/rus/100.jpg,100.jpg,True,1280,1218,JPEG,0b266bbfa715d14214f699d8c0e38df3cb630b97021244762209bc22f3c2d778,,False,,,,,
meme_015870,ukr,data/raw/ukr/1xUezG51tD8jwvJj17uOxwQamBVpTGAMQ.jpeg,1xUezG51tD8jwvJj17uOxwQamBVpTGAMQ.jpeg,True,988,1276,JPEG,306a94bd3d57c33ed473d06faa2a48b7892ee260902ef975bf80214d977dd412,,False,,,,,
meme_014138,ukr,data/raw/ukr/1m2InmrfXrSWegSA2fkfya4lv_0_0kqVL.jpeg,1m2InmrfXrSWegSA2fkfya4lv_0_0kqVL.jpeg,True,1280,960,JPEG,b338605033f972b41b4948c8e8a9be09522d96b43990395116b1f6b63e67adb9,,False,,,,,
meme_009337,ukr,data/raw/ukr/1HrnnlCARvZpS08Ra6Z4Ks67kaVWWx_Yd.jpeg,1HrnnlCARvZpS08Ra6Z4Ks67kaVWWx_Yd.jpeg,True,1024,1280,JPEG,ff0be3210a888fe948dd1621c08f8806b4ad3c13aa95c3488e55b8a5ca34303e,,False,,,,,
meme_002949,rus,data/raw/rus/3651.jpg,3651.jpg,True,800,722,JPEG,fb27b2255bfd6c2f8f93e9d6b52dec1ef3b6d2f299d3683601112275806c09a4,,False,,,,,
meme_000323,rus,data/raw/rus/1288.jpg,1288.jpg,True,736,594,JPEG,0a6a4dbddfcaa43fda194e7e2a0516fdbfa5134e39d383933d582717592b6f70,,False,,,,,
meme_015806,ukr,data/raw/ukr/1x6LBxaNMF_BIL9fc2GmxqTzFlNBYrC5F.jpeg,1x6LBxaNMF_BIL9fc2GmxqTzFlNBYrC5F.jpeg,True,720,896,JPEG,912eb761f6617e25942d5445a950040bffd72058d94ad1f5f49cb7f11314d774,,False,,,,,
meme_012624,ukr,data/raw/ukr/1cYh5xAFk3sTa-7q9BFStIoErNjg3-HoC.jpeg,1cYh5xAFk3sTa-7q9BFStIoErNjg3-HoC.jpeg,True,1170,638,JPEG,3a6a5d320aa8a02b18a7b753591893c19418de911ad942caf956b5403004d93a,,False,,,,,
meme_009788,ukr,data/raw/ukr/1Kxpf4401D7bkQq-UKwCGwvfGo5-AmmDd.jpeg,1Kxpf4401D7bkQq-UKwCGwvfGo5-AmmDd.jpeg,True,505,581,JPEG,3b22d8c8104c11ef1e275d1f40ac252985008a3fbe15f8fbfa6fb9e553f8d0c4,,False,,,,,
meme_010827,ukr,data/raw/ukr/1RpYPBC5rqaoiRg8e5uiilHurKVCC_0nX.jpeg,1RpYPBC5rqaoiRg8e5uiilHurKVCC_0nX.jpeg,True,1548,1867,JPEG,1da2fa594782b160912c6428e4c48351c8631f548409675860315531d22b501b,,False,,,,,
meme_002326,rus,data/raw/rus/3090.jpg,3090.jpg,True,754,800,JPEG,a50d2932bc89a5f6e6af511b78cca82bed7a696c2bc33a8b91998ec5aab42e99,,False,,,,,
meme_001419,rus,data/raw/rus/2274.jpg,2274.jpg,True,1242,890,JPEG,8b2ddd1c07c35f6f394002b1ee8f8fafbcacc9cd92097f777dfb0a2ea4a5ad2d,,False,,,,,
meme_013958,ukr,data/raw/ukr/1ktkTfB9Bz7kh8fxN0GGdohoDkOPsQCWR.jpeg,1ktkTfB9Bz7kh8fxN0GGdohoDkOPsQCWR.jpeg,True,1153,759,JPEG,779708ba2912e782832fcdc60e4fa7263a175738e2c875c3b12267cb553bc5a3,,False,,,,,
meme_007064,ukr,data/raw/ukr/12pBnC-lf4u5Ef2gDKZWDH9_uFIrgS_wr.jpeg,12pBnC-lf4u5Ef2gDKZWDH9_uFIrgS_wr.jpeg,True,906,503,JPEG,7a048d51380f5ebde57f69d547559fe9f8fc127046d17429d4b7a390270569da,,False,,,,,
meme_000103,rus,data/raw/rus/109.jpg,109.jpg,True,522,624,JPEG,d2d4619cadc17202c2c54e1426df64a019ce717f45773ac82e4b218cdf97514a,,False,,,,,
meme_013771,ukr,data/raw/ukr/1jiGoD81Cz837e57vzdKdJ04IVESxa926.jpeg,1jiGoD81Cz837e57vzdKdJ04IVESxa926.jpeg,True,1080,864,JPEG,2291afcfa8d4af540f22b8ff673204fa460ac237e71a7c308aed4fc960ccd520,,False,,,,,
meme_003036,rus,data/raw/rus/373.jpg,373.jpg,True,564,629,JPEG,87ecbe003cbdfd55df9d7e9ce96988a017897dcf4bdd9275fcfb4b43249984e2,,False,,,,,
meme_004169,rus,data/raw/rus/475.jpg,475.jpg,True,800,797,JPEG,5984199efd85151055df11538f63f3fddb9a9129e92989f7f5789c4cb41b2986,,False,,,,,
meme_000829,rus,data/raw/rus/1743.jpg,1743.jpg,True,748,550,JPEG,fb29e56543fd95dc9e8e421eff4d89b402072cc6a866ff2779c7ca96bcc200bc,,False,,,,,
meme_003657,rus,data/raw/rus/4289.jpg,4289.jpg,True,665,562,JPEG,4ef07137f7a1170d289be446284584c81c8a0c6fa79185d8d4c4f4e2c4a687bf,,False,,,,,
meme_003895,rus,data/raw/rus/4502.jpg,4502.jpg,True,800,638,JPEG,f02669d2e2ef8ec4e88e1167097b0eec5c478b2ca30ea1547896560c948b158e,,False,,,,,
meme_008047,ukr,data/raw/ukr/19Nl3cCCX_B4K0XhTQOPaXdbs5CSpqzhJ.png,19Nl3cCCX_B4K0XhTQOPaXdbs5CSpqzhJ.png,True,447,358,PNG,05eaef3a9e931de137023ba24070e5dcf3b6695a68e2ded61975de49cdbc6d27,,False,,,,,
meme_009783,ukr,data/raw/ukr/1KvJBvPLKUVkoB3tmMlB22mJGF64Rb2wC.jpeg,1KvJBvPLKUVkoB3tmMlB22mJGF64Rb2wC.jpeg,True,806,1003,JPEG,660cdbc8b796d24788d5028339ac4ebb8525c0ab0df01f7963b87f9623fa6f57,,False,,,,,
meme_004953,rus,data/raw/rus/5455.jpg,5455.jpg,True,1175,1280,JPEG,01e312115d7e71af4c30f53428017973812cc756b5fc53e77fe7942c59a0dbe9,,False,,,,,
meme_008750,ukr,data/raw/ukr/1E4s6iLuPYjSp8rgOP5RdB1_KPz6TJsun.jpeg,1E4s6iLuPYjSp8rgOP5RdB1_KPz6TJsun.jpeg,True,904,1022,JPEG,3cf2929557fa3bc61a1efc93ab535fe5fbf56c8057ed4207a1cc484fe6bd6992,,False,,,,,
meme_003965,rus,data/raw/rus/4566.jpg,4566.jpg,True,640,555,JPEG,de0ab51bf3a16bd3eec539e8ed4a31bb13510c8908ca32395c95c04ad24c119b,,False,,,,,
meme_003403,rus,data/raw/rus/406.jpg,406.jpg,True,704,469,JPEG,9769abc71772d1e4d3014d666ba9c66a04b152884fd2bea6f3935922f3591345,,False,,,,,
meme_007927,ukr,data/raw/ukr/18RG6i6RV4vcC_dK1U2zRwRz0Lj5wSv76.jpeg,18RG6i6RV4vcC_dK1U2zRwRz0Lj5wSv76.jpeg,True,1059,675,JPEG,af75ab414828fba0fdee851feb7b494cf22eb8a49cc5ec67b1504ecc5d19db39,,False,,,,,
meme_005206,rus,data/raw/rus/5683.jpg,5683.jpg,True,518,604,JPEG,fc04ea5c362e5a3d9b6b58444e5784f25c920505b508ca817addc27b8dfb28fe,,False,,,,,
meme_005772,rus,data/raw/rus/6192.jpg,6192.jpg,True,563,421,JPEG,768ddd854fedebfb700c1e93026a2b825b6638b607c0a9f9f2fb56fdf2709f71,,False,,,,,
meme_000291,rus,data/raw/rus/1259.jpg,1259.jpg,True,650,800,JPEG,cff28fddb9c09ca8bb70352714c0711ceadd1eaaa0625b016601c3d14a506974,,False,,,,,
meme_011736,ukr,data/raw/ukr/1Xs-ELUAquctIQQGuzvHxx23gsWUAlYRJ.jpeg,1Xs-ELUAquctIQQGuzvHxx23gsWUAlYRJ.jpeg,True,685,444,JPEG,a76e61a2044d9d06042551f32de9d61e3a3b3017a09bfc9b8ac052f8e1f8e786,,False,,,,,
meme_014800,ukr,data/raw/ukr/1qg_gEBRBnZI-QE39RafaBeBrSRm4cVoI.jpeg,1qg_gEBRBnZI-QE39RafaBeBrSRm4cVoI.jpeg,True,1279,1279,JPEG,bd7e4a84f8dc4eea234d758864236d4003827abbb03edd6a7adb4937581521ae,,False,,,,,
meme_002679,rus,data/raw/rus/3408.jpg,3408.jpg,True,518,604,JPEG,8b6ed304ff6699bf17bd15568579dd6b7076da0700a7dc91e439859f27fca68d,,False,,,,,
meme_013854,ukr,data/raw/ukr/1kCgvs6CFng9SiQJKwmLQ_cGqYH4lO8NC.jpeg,1kCgvs6CFng9SiQJKwmLQ_cGqYH4lO8NC.jpeg,True,714,1000,JPEG,e0d357f49d3ed7967e7861ccad3bf79d8281ea3a01ee426fa9140c9e8c6bbf10,,False,,,,,
meme_001990,rus,data/raw/rus/2789.jpg,2789.jpg,True,602,547,JPEG,a12e8bd861f102078c2bdb17838076ee56c8e360ae66cd2ba38d4fb9f2df3eda,,False,,,,,
meme_009838,ukr,data/raw/ukr/1LEA7FMskwaescs_tRzPH1gMp8MzX2GOR.jpeg,1LEA7FMskwaescs_tRzPH1gMp8MzX2GOR.jpeg,True,711,619,JPEG,f9113908f721fb0a3692dc9abace13778900c06b5e1ac1ca40484635f8f13c6f,,False,,,,,
meme_016064,ukr,data/raw/ukr/1yoTmS1bAyehyu0kxKXaM0Rx0HELD1Xr7.jpeg,1yoTmS1bAyehyu0kxKXaM0Rx0HELD1Xr7.jpeg,True,500,561,JPEG,f6aa4287ee56687d20327547889890c6f22bbfe67c22991879cb9e01879cde9b,,False,,,,,
meme_001731,rus,data/raw/rus/2555.jpg,2555.jpg,True,692,800,JPEG,5ef8377b3598eddfd639f04d8941f32e54c827df47701410f7cc327cfeeb19bc,,False,,,,,
meme_006385,rus,data/raw/rus/889.jpg,889.jpg,True,1280,1074,JPEG,bced976089db637190fcf24e2c728c239233ce1fb3b20d9e3eee12b5609ae220,,False,,,,,
meme_015313,ukr,data/raw/ukr/1tvPsK3SkXqFTmlcQSLFxQi3p_gGctkGf.jpeg,1tvPsK3SkXqFTmlcQSLFxQi3p_gGctkGf.jpeg,True,1280,835,JPEG,c6525518ef74b3bed41074b4b1b4727c73b07b1191127354dfd13f506982956e,,False,,,,,
meme_013315,ukr,data/raw/ukr/1gnJaoYb5aLNspJb7InrcvDEsSnfhv4Kn.jpeg,1gnJaoYb5aLNspJb7InrcvDEsSnfhv4Kn.jpeg,True,2048,1474,JPEG,72005531a3f3e7cd85b13d804cba2adefa95bbc90d19a9dd9f84ca49dae2d78e,,False,,,,,
meme_000305,rus,data/raw/rus/1271.jpg,1271.jpg,True,953,1068,JPEG,a4e9cba001c939e138cc2bede9e30fa30c37397ee5f52835eb742cd7dbcd8ce3,,False,,,,,
meme_000102,rus,data/raw/rus/1089.jpg,1089.jpg,True,451,412,JPEG,103f70e75fff56ceda09eb63f81c5bdb9c737b127b86d88050fea9deee538427,,False,,,,,
meme_008232,ukr,data/raw/ukr/1A_5_xVq2qAzJ2dIDsttM4C-lEWT7NpY0.jpeg,1A_5_xVq2qAzJ2dIDsttM4C-lEWT7NpY0.jpeg,True,690,1143,JPEG,c0722ecec9eaacda0ab3566bc4ab348b3a95b9d4f201b20a49870c8bf46e6082,,False,,,,,
meme_003939,rus,data/raw/rus/4542.jpg,4542.jpg,True,627,800,JPEG,43206a1f818109bf1591fe34e4496945598f4a5dfd55f37094ac18c3f2bb715b,,False,,,,,
meme_011207,ukr,data/raw/ukr/1UMET-Hnv8V8LYRwjFJ7jC2wCnCw41z52.jpeg,1UMET-Hnv8V8LYRwjFJ7jC2wCnCw41z52.jpeg,True,700,924,JPEG,914c3a3ac56f76a3a36ad1b2cf50598ec80d095e6c6066ef2946f279b82372c2,,False,,,,,
meme_009613,ukr,data/raw/ukr/1Jm4b7ULTtFLg_-sOdMNrOPWPEGpDkS4l.jpeg,1Jm4b7ULTtFLg_-sOdMNrOPWPEGpDkS4l.jpeg,True,1079,1277,JPEG,00119f1b9b37d8439ae6550d2a2d6f4954da9bc36a45fd2f2d9a91f76147c8d6,,False,,,,,
meme_014452,ukr,data/raw/ukr/1oD0AcihCtxA4dItyVo3Ji2_HeGKm3jJc.jpeg,1oD0AcihCtxA4dItyVo3Ji2_HeGKm3jJc.jpeg,True,720,746,JPEG,1188cff41ffd281e38a722512006e8dff9a08d2aaf5d60732a552847a3e5517d,,False,,,,,
meme_001403,rus,data/raw/rus/226.jpg,226.jpg,True,497,471,JPEG,737c2960e38e5d4e73cf9089485c06593f257a39aeae9bd9ba1da9cf7617af5b,,False,,,,,
meme_014413,ukr,data/raw/ukr/1nysylS4AHphhVDzSpzGw-yXQWuN--8Z5.jpeg,1nysylS4AHphhVDzSpzGw-yXQWuN--8Z5.jpeg,True,1280,1077,JPEG,474aaa59b2f6fcc7a8d3532e99a1c6bc2373a6d031248df5db23c1b9ee373c03,,False,,,,,
meme_008953,ukr,data/raw/ukr/1FM2GcGYxPVfJUu0OQKhdLZU89kOR4Ojv.jpeg,1FM2GcGYxPVfJUu0OQKhdLZU89kOR4Ojv.jpeg,True,1617,2021,JPEG,d9ce16c47bcfcb4e7ca8abb8a76e1e0dba013e8fae1c2f0d441f091bedb1b101,,False,,,,,
meme_008994,ukr,data/raw/ukr/1FazvwzCpfXY8Jk-lsPVTpo1g98Ikgr9G.jpeg,1FazvwzCpfXY8Jk-lsPVTpo1g98Ikgr9G.jpeg,True,454,462,JPEG,affb876d8134d27ebdcfa6ca8733f6a1905332696242df0b58b1700f909e7049,,False,,,,,
meme_004140,rus,data/raw/rus/4723.jpg,4723.jpg,True,565,604,JPEG,d7e2eb4b19a0916a95f499c9adb5b59e80a1f190030adaaa41446be8feca8b63,,False,,,,,
meme_005675,rus,data/raw/rus/6104.jpg,6104.jpg,True,529,594,JPEG,51cf6e52b621db4970f5a28cc0b1702404aab5857d2af9f1840330a55e529ae8,,False,,,,,
meme_000020,rus,data/raw/rus/1014.jpg,1014.jpg,True,625,676,JPEG,e19a41c037de680c5f6f6f5ca4282821d6e41cb522b042e2eb7e3bc43dc6056d,,False,,,,,
meme_015307,ukr,data/raw/ukr/1tq710kYZ3iHu_ftmK9Jn_fWdqUbtDf1O.jpeg,1tq710kYZ3iHu_ftmK9Jn_fWdqUbtDf1O.jpeg,True,1055,611,JPEG,ad8352ca465870c434119e2a3ccc20477d55c4472b8a15c6a630dd5223a0d44e,,False,,,,,
meme_010506,ukr,data/raw/ukr/1PgPpJ3l15Nn7_WQNZvDAAqTdEr1yRq2k.jpeg,1PgPpJ3l15Nn7_WQNZvDAAqTdEr1yRq2k.jpeg,True,1100,871,JPEG,8be0d4e653b754afbd1f7d307522ea6071bcfd3be9b8ec538fcbbd81a6ebcc5b,,False,,,,,
meme_014649,ukr,data/raw/ukr/1pcTy8fbaHPp2ueRpL6WqI9LiHACeJMYh.jpeg,1pcTy8fbaHPp2ueRpL6WqI9LiHACeJMYh.jpeg,True,811,803,JPEG,bf3c10a6878fb17c7b01b06e3477b7bc281b69e6bc611621d0e73e76b2787469,,False,,,,,
meme_002089,rus,data/raw/rus/2878.jpg,2878.jpg,True,640,559,JPEG,acfcd0c6c1a044b84465edf3845ec030b710fb5437b4a1d41d209df2f8ab8a10,,False,,,,,
meme_007840,ukr,data/raw/ukr/17q7sEPHG3B7HFuwjGMvblZFYv08X8pNf.jpeg,17q7sEPHG3B7HFuwjGMvblZFYv08X8pNf.jpeg,True,1260,1233,JPEG,26879b7692b9496702c920d58c84b007f80bcbcce15d47e65862978fd78f8adc,,False,,,,,
meme_012572,ukr,data/raw/ukr/1cEE8EtRjEVHWsa4I_-ha4ZK7LzKR5AVW.jpeg,1cEE8EtRjEVHWsa4I_-ha4ZK7LzKR5AVW.jpeg,True,701,756,JPEG,9b190503ca0081ededfd6f173fcb9886b4eb3d4790186cfdc71d45bd0f84fb66,,False,,,,,
meme_010906,ukr,data/raw/ukr/1SK9qfXBkQrucq4HtW1GI7ibog8ts8oTk.jpeg,1SK9qfXBkQrucq4HtW1GI7ibog8ts8oTk.jpeg,True,982,1279,JPEG,93f344bd29b1d29487b1473ec9e44ade886ef11b65646a0dfeefea4ab568c151,,False,,,,,
meme_014679,ukr,data/raw/ukr/1pldIGbeYgR9z5RkoQgISbC8oeoqqsZZe.jpeg,1pldIGbeYgR9z5RkoQgISbC8oeoqqsZZe.jpeg,True,1080,1079,JPEG,e83adf91f25300650c864b3e0a8a161aa035eaa4ed38fe752e6cc16661a5fac0,,False,,,,,
meme_010009,ukr,data/raw/ukr/1MKu8ZFMhc3Lx1Rh4lsbO_kPSziBg7OLC.jpeg,1MKu8ZFMhc3Lx1Rh4lsbO_kPSziBg7OLC.jpeg,True,1115,1280,JPEG,e5533015c17e1240b3fa49583284a9316b1f7c636bfc20664d4a503179d25c42,,False,,,,,
meme_000352,rus,data/raw/rus/1313.jpg,1313.jpg,True,1189,702,JPEG,13ec9cc49d57a4582e08ccf211f1a210ade6af61cd72f38288aa6747cd763a20,,False,,,,,
meme_014869,ukr,data/raw/ukr/1r5YRkfRRo53p4x8sJtXTM-N7NWnvbdLK.jpeg,1r5YRkfRRo53p4x8sJtXTM-N7NWnvbdLK.jpeg,True,1001,1280,JPEG,eb5514fd4cdff7fbcb344f1cb38f2fc725f077fb717d3224754e89e77e9b6ba1,,False,,,,,
meme_014406,ukr,data/raw/ukr/1nvnuYw1hEsoVkBqY3gB6sKTHw2MdhH88.jpeg,1nvnuYw1hEsoVkBqY3gB6sKTHw2MdhH88.jpeg,True,1787,2048,JPEG,c1256902514d2bd401f08a8ee59802fe7f1503484363d7a79c6c1aab44ee8f12,,False,,,,,
meme_014720,ukr,data/raw/ukr/1q4LzqafmbU_5Q26ABhOVVp638OL7I39h.jpeg,1q4LzqafmbU_5Q26ABhOVVp638OL7I39h.jpeg,True,720,768,JPEG,f159fb536436999680c580f138c06c4fdc98c4db09453bd41249709d14666312,,False,,,,,
meme_009253,ukr,data/raw/ukr/1HHWRt1j7tnBDSWBmgowUQlULKYm7ix0h.jpeg,1HHWRt1j7tnBDSWBmgowUQlULKYm7ix0h.jpeg,True,483,364,JPEG,dec92288e6283d9641750bbc763291e7766908a6d2ea12a72c903b82d5aec618,,False,,,,,
meme_013675,ukr,data/raw/ukr/1j80-Ngp4qWyUS87sehAl2oIErdyyBgID.jpeg,1j80-Ngp4qWyUS87sehAl2oIErdyyBgID.jpeg,True,533,755,JPEG,d646b4bf60194c5e2d42b42ffe6aa9a2caa285891a42be284c0419e034bb0e8d,,False,,,,,
meme_001922,rus,data/raw/rus/2727.jpg,2727.jpg,True,480,535,JPEG,0ad7485dde7ade1383f7f3fb6b47e75e7ed676804bf2ae25aa52b89416cc8a05,,False,,,,,
meme_009933,ukr,data/raw/ukr/1LpLTQ17Riz9xKSJ9QYndVvGzMileC4iv.jpeg,1LpLTQ17Riz9xKSJ9QYndVvGzMileC4iv.jpeg,True,676,896,JPEG,4710398cbcabd28f5a2b5349a0bd9b0e11c2a1135a56b49bf254a2cb5a979505,,False,,,,,
meme_010399,ukr,data/raw/ukr/1Os7_mrRpz5Zc-Znm8rYXSabN_EJvHeeO.jpeg,1Os7_mrRpz5Zc-Znm8rYXSabN_EJvHeeO.jpeg,True,1503,1126,JPEG,1b3bf060b084c17dfad44c13adbf0322a50220d24d499ed77ee99b78f2aa48cf,,False,,,,,
meme_011791,ukr,data/raw/ukr/1YAitcDWM1wh6slHrnNF00qRT6LXj9YHG.jpeg,1YAitcDWM1wh6slHrnNF00qRT6LXj9YHG.jpeg,True,782,782,JPEG,b69379f1f9c9d579ec7f540331e13a05278bf8b5a162a596fd4bef3adb690ba1,,False,,,,,
meme_012027,ukr,data/raw/ukr/1Zeu4aSBoDEglR7waO0P-UlVmww8IJ6hc.jpeg,1Zeu4aSBoDEglR7waO0P-UlVmww8IJ6hc.jpeg,True,960,960,JPEG,7b03c4d43e226e587270d256353f019f0a2038f8f24c6af02a005ac932cf2d0e,,False,,,,,
meme_007221,ukr,data/raw/ukr/13nZ-3ftXZpmJpgLrPLwTDnK4opKIC5pH.jpeg,13nZ-3ftXZpmJpgLrPLwTDnK4opKIC5pH.jpeg,True,720,954,JPEG,3cf3bd61a3a3460944bdac454e4faab36533dac8a0848231f528e3d7a0479626,,False,,,,,
meme_007284,ukr,data/raw/ukr/14B8oTNowJMWwM9Svpk-2fqJHh75Zo1oT.jpeg,14B8oTNowJMWwM9Svpk-2fqJHh75Zo1oT.jpeg,True,700,933,JPEG,dfcf64141b6958188df29f2adb56bb2af1dbb76035e890048616e3dc4eb68197,,False,,,,,
meme_011361,ukr,data/raw/ukr/1VKK57QMPS6oYM4jeAhNPL7-lOg6TEAlu.jpeg,1VKK57QMPS6oYM4jeAhNPL7-lOg6TEAlu.jpeg,True,720,605,JPEG,9f0567e721747ffe6235d379caaa90757972ebcd6388ba835f9c3c775082a1dd,,False,,,,,
meme_004338,rus,data/raw/rus/4901.jpg,4901.jpg,True,604,604,JPEG,7c19ed7e34081ecf7efeb5da4decfb4935e602ec3c06a48ec70e912004ddf40c,,False,,,,,
meme_007725,ukr,data/raw/ukr/178BmA1t-kjsjsbMpEl0D-YJ_3m2LetzU.jpeg,178BmA1t-kjsjsbMpEl0D-YJ_3m2LetzU.jpeg,True,971,1279,JPEG,6a5cc4703b45083016257b3f3f7a21d6562fe3c83cfba021d896fdd0506b3fd0,,False,,,,,
meme_000451,rus,data/raw/rus/1402.jpg,1402.jpg,True,1241,1152,JPEG,144cc9d420c8f93005ccce510df11143c8c52ad292cf840defc0bcb94335ff40,,False,,,,,
meme_007361,ukr,data/raw/ukr/14fHfIZhL8ixDVQIuaZB5gHXn-G8NYODg.jpeg,14fHfIZhL8ixDVQIuaZB5gHXn-G8NYODg.jpeg,True,1110,751,JPEG,c88017b787c9fea04ad61419472540924659c3c15815f6811544a2797a1cc07a,,False,,,,,
meme_002324,rus,data/raw/rus/3089.jpg,3089.jpg,True,719,800,JPEG,611b72a63700431db40ce74521bae0de0b42440fc74a1f39caf8946411804cf7,,False,,,,,
meme_010393,ukr,data/raw/ukr/1OqZzPIGvBjTCi-C5z-DUGH9hrQQfWHWH.webp,1OqZzPIGvBjTCi-C5z-DUGH9hrQQfWHWH.webp,True,700,458,WEBP,9e959f9763668ed2020df4c767843ff230791452da43555fe6e42e676edd9644,,False,,,,,
meme_007214,ukr,data/raw/ukr/13mkeDefVTGM3K4JWWt_MM1txbBN187mz.jpeg,13mkeDefVTGM3K4JWWt_MM1txbBN187mz.jpeg,True,1080,1080,JPEG,f9e9cbe61a038ae411ca332df1f0233a44477c0d9ac25f9a73efd615bed9a2cc,,False,,,,,
meme_015822,ukr,data/raw/ukr/1xC2EdRovTcxh6xqcA8JdB1cdZA1DiXIn.jpeg,1xC2EdRovTcxh6xqcA8JdB1cdZA1DiXIn.jpeg,True,1279,858,JPEG,d1b1369eb154d182e746e87a8e5bdb3832ee6ed788ebc52769abd50d5c2c355d,,False,,,,,
meme_009322,ukr,data/raw/ukr/1HjjgzmnGKp4ytH6HBCrh6k5EutcPccR2.jpeg,1HjjgzmnGKp4ytH6HBCrh6k5EutcPccR2.jpeg,True,730,900,JPEG,038964c38155fcafa31ffb852117ed26ea76677b2daa46544a5e7902e32d322d,,False,,,,,
meme_004554,rus,data/raw/rus/5096.jpg,5096.jpg,True,1280,1008,JPEG,6bc2736687ae8e94d75e308d21560b609bdd23b4d9fad5f53cfec6a83aa1626e,,False,,,,,
meme_010747,ukr,data/raw/ukr/1RFiAh0crF_CRXEUy_hZz2AmC8XyEFja4.jpeg,1RFiAh0crF_CRXEUy_hZz2AmC8XyEFja4.jpeg,True,929,929,JPEG,e9b3f7eb9e47338abdc545288d21e547ad47f2275b6f55599099efab10250a88,,False,,,,,
meme_005271,rus,data/raw/rus/5741.jpg,5741.jpg,True,1165,1080,JPEG,fffd899ec83cfa1fd301d002e7fad29d3ab201925e10263deed70befb149ae43,,False,,,,,
meme_006316,rus,data/raw/rus/826.jpg,826.jpg,True,800,717,JPEG,68642c2d81ef3ae1c9487eb99b9335568615c2349b01dc983770e4adaeb2f306,,False,,,,,
meme_016152,ukr,data/raw/ukr/1zU3Avw-XY-JUcaVzAHQjjFs039bCvfGF.jpeg,1zU3Avw-XY-JUcaVzAHQjjFs039bCvfGF.jpeg,True,526,526,JPEG,fa1e4ded605df51971e35e41f61563f24315fe817ed314a1f12e69d7a8099b9a,,False,,,,,
meme_002120,rus,data/raw/rus/2905.jpg,2905.jpg,True,320,153,JPEG,9a05d32a39cc06a3bbf364a5b988afeae7e1505e838de34c128346a1e0afe57c,,False,,,,,
meme_007426,ukr,data/raw/ukr/15BiuOAK765cNL7ctfcqjgum0juoXwOBu.jpeg,15BiuOAK765cNL7ctfcqjgum0juoXwOBu.jpeg,True,1280,811,JPEG,8b37c3ee7e2c0f3139981060967f8afbacde8ef3915c9cf79491d2e252dd0748,,False,,,,,
meme_014519,ukr,data/raw/ukr/1og_U285hlTtcHAHSWUwgMMb8qcSoPa0N.jpeg,1og_U285hlTtcHAHSWUwgMMb8qcSoPa0N.jpeg,True,947,1200,JPEG,cc79140977fa449755c074e341e3f55fb2d349abca09b15f5524715b95c71db5,,False,,,,,
meme_012224,ukr,data/raw/ukr/1a0iRbDFgCx5Bg3WyyybigYQLUX1Xjs10.jpeg,1a0iRbDFgCx5Bg3WyyybigYQLUX1Xjs10.jpeg,True,755,995,JPEG,05f929e265a1317acbac27117b525f0fc141df9603c9ad772250dc6a2de2f237,,False,,,,,
meme_003707,rus,data/raw/rus/4333.jpg,4333.jpg,True,948,1221,JPEG,ed9fe1354ec86c6e9f909eced94d2500388c204132e48d613d53ea38b17e67dd,,False,,,,,
meme_011274,ukr,data/raw/ukr/1UoDwFURTmQfHMvhK47qeusVTmddJ5sjb.jpeg,1UoDwFURTmQfHMvhK47qeusVTmddJ5sjb.jpeg,True,526,657,JPEG,70821957341db852dff5cb4e504a511adbf99d4b78a24ef9b634e049af362771,,False,,,,,
meme_003943,rus,data/raw/rus/4546.jpg,4546.jpg,True,800,728,JPEG,f307d2d06da4da12b5dff2620b9264d9c8600ae208059835677e94e671c4cbf5,,False,,,,,
meme_005457,rus,data/raw/rus/5909.jpg,5909.jpg,True,800,800,JPEG,36012997da90c8183862165e6cc1d61f2939fbdca84402b1e3f952fae5822a35,,False,,,,,
meme_005385,rus,data/raw/rus/5844.jpg,5844.jpg,True,1080,739,JPEG,9308e1196eb00f42be5b63be7ee60e437e6b8ad009921d0392e41fde0194f6a0,,False,,,,,
meme_012738,ukr,data/raw/ukr/1dAwYIoU9bkMxjrppyHtPRJTn7ww9HQtj.jpeg,1dAwYIoU9bkMxjrppyHtPRJTn7ww9HQtj.jpeg,True,1080,795,JPEG,a6452d3e105ec581d086c26b3389b7cf41f7f263e9612ff0daf4e14ab3e7b87e,,False,,,,,
meme_010544,ukr,data/raw/ukr/1PvqVDpxf_IWNxHggHzovz-_VSqgn0hFh.jpeg,1PvqVDpxf_IWNxHggHzovz-_VSqgn0hFh.jpeg,True,925,753,JPEG,e0445b0e6e733dc189249b8803966352f9aaa7065751cdfed6a09a6822333a80,,False,,,,,
meme_005844,rus,data/raw/rus/6257.jpg,6257.jpg,True,800,687,JPEG,72a45d3a8c15bc5d36d0e44f93798e7769f083bceda104b30b65768c16ccb67c,,False,,,,,
meme_015971,ukr,data/raw/ukr/1y8bJh0AMAtatCTU_2ZAmMNFwbJH8SGZm.jpeg,1y8bJh0AMAtatCTU_2ZAmMNFwbJH8SGZm.jpeg,True,719,626,JPEG,68dbcc26d259903a3562e7dca717a545e98e9a0b74c7457e6027657aec0dee30,,False,,,,,
meme_006978,ukr,data/raw/ukr/12LnCFhVPeOW3CGRcu19hY3o4b-lBt-T6.jpeg,12LnCFhVPeOW3CGRcu19hY3o4b-lBt-T6.jpeg,True,1280,721,JPEG,39d350fe9b6c620c13e46585e2ce735ada02204754e2790f37c9056ff7f27ecf,,False,,,,,
meme_008402,ukr,data/raw/ukr/1Bj_mfIzev0Vs4Bev_YEM7RaRdE5gdHal.jpeg,1Bj_mfIzev0Vs4Bev_YEM7RaRdE5gdHal.jpeg,True,480,360,JPEG,d21e1a874bf42efd9b27ac3aba709ac4079876b3e35846eb5027035d25188632,,False,,,,,
meme_003729,rus,data/raw/rus/4353.jpg,4353.jpg,True,779,800,JPEG,6fc6dc1b37d33c610e193fa159edb9bd244a3d35c7bac65208d8eec5fd3d215c,,False,,,,,
meme_006903,ukr,data/raw/ukr/11oq3mrtIerRReFlarCHvlYG5c5ZpcXTx.jpeg,11oq3mrtIerRReFlarCHvlYG5c5ZpcXTx.jpeg,True,1053,1119,JPEG,0b2a113352c002e5f0c531035558975671fc7501a40d9c80e979854e5dd030a6,,False,,,,,
meme_006844,ukr,data/raw/ukr/11NiPLNRr8cmaWiPTZd933G2kUBIMwJzC.jpeg,11NiPLNRr8cmaWiPTZd933G2kUBIMwJzC.jpeg,True,1080,1080,JPEG,001443aa9b822d57880ade9f1a9bbd4c485e863e5823352aed72d9000828ddc8,,False,,,,,
meme_011393,ukr,data/raw/ukr/1VZE_PswKdD818CtgwDBNGfTckMeuH1Tb.jpeg,1VZE_PswKdD818CtgwDBNGfTckMeuH1Tb.jpeg,True,720,644,JPEG,5b58ece15c56a2ef38b8471dcac38db4ee88e9262da47ee31c2035f330c31530,,False,,,,,
meme_003450,rus,data/raw/rus/4101.jpg,4101.jpg,True,732,800,JPEG,854a54d49f358e02c0156e034229fa81c2a3ba87cdca13240a471818adfdcde2,,False,,,,,
meme_011228,ukr,data/raw/ukr/1UU988zrKxZ-dXvykhAQw24GzJGwNGNvx.jpeg,1UU988zrKxZ-dXvykhAQw24GzJGwNGNvx.jpeg,True,1080,920,JPEG,3ccd7d00e5bb1cd51d96102934faeba57a4bb132723fd666986fca0bd4e719cb,,False,,,,,
meme_014158,ukr,data/raw/ukr/1mCTzXlvAPMUaVCaVtJmOccHuoqBdbfpz.jpeg,1mCTzXlvAPMUaVCaVtJmOccHuoqBdbfpz.jpeg,True,1280,832,JPEG,a202a3c8ad7c8983451377c56a60aa5c478d95b65ac1b7d97a86e3a6379f9426,,False,,,,,
meme_006166,rus,data/raw/rus/691.jpg,691.jpg,True,800,542,JPEG,7a21d0fcf102b02dfa48cab173e903868ba8b25139714cbb0d62e330cfd75f5a,,False,,,,,
meme_015238,ukr,data/raw/ukr/1tMOMVmuvLFbtJ2q6J_ws-ak3eaVUlWbA.jpeg,1tMOMVmuvLFbtJ2q6J_ws-ak3eaVUlWbA.jpeg,True,920,810,JPEG,3e8d188a371de92eae1320c1d6200305841bc8af5e107755e121041c4ec828b6,,False,,,,,
meme_007458,ukr,data/raw/ukr/15NYQKyrdwKAdQ3TEA_92zptSalNc-Jui.jpeg,15NYQKyrdwKAdQ3TEA_92zptSalNc-Jui.jpeg,True,960,810,JPEG,08c1e8c51bb76baff7026cd42273775f2b1584be718417546ba9b9a2ee63f32f,,False,,,,,
meme_014531,ukr,data/raw/ukr/1olWF5slUF1Gp7RijiKh1zluS1cFPaDFP.jpeg,1olWF5slUF1Gp7RijiKh1zluS1cFPaDFP.jpeg,True,1103,549,JPEG,dd570ad03dd0868f84bb1d09f08c1a8912abd01d9c950ad44950d7639d311e59,,False,,,,,
meme_007384,ukr,data/raw/ukr/14ts39k1BL5mjsCQH2iznc63lyJ7Lv1dG.jpeg,14ts39k1BL5mjsCQH2iznc63lyJ7Lv1dG.jpeg,True,634,1280,JPEG,49cf2f4bd4954c6505d0c0fa97800d9dfd23867b93c43e00a632ad06424395a7,,False,,,,,
meme_006832,ukr,data/raw/ukr/11Imj90JDWDv_u2YDjVqKv3C9vPJ3Ftah.jpeg,11Imj90JDWDv_u2YDjVqKv3C9vPJ3Ftah.jpeg,True,1080,600,JPEG,201207ee8809fbcb81d526e81e2c89c8bb42b446a793e1138012c5bac8299670,,False,,,,,
meme_007112,ukr,data/raw/ukr/13BIv6VXHeuzeHXSpAV4S_zMshRpnVELE.jpeg,13BIv6VXHeuzeHXSpAV4S_zMshRpnVELE.jpeg,True,1024,1198,JPEG,54a83751257f9f44f746f2fd6b1229deb7fb8758438025cfa20e3210a712dd9e,,False,,,,,
meme_013535,ukr,data/raw/ukr/1iAQCg0nzsNNwRaqXZVpTgVMllCUyUpka.jpeg,1iAQCg0nzsNNwRaqXZVpTgVMllCUyUpka.jpeg,True,900,671,JPEG,f35d3a8cf1002fe3bb7d0c2b021c3bcde7b97bef270bc019204d360beb6927a2,,False,,,,,
meme_015209,ukr,data/raw/ukr/1tAMej72roTgRjHmdAkeJnVMkXIaQH-7R.jpeg,1tAMej72roTgRjHmdAkeJnVMkXIaQH-7R.jpeg,True,960,879,JPEG,8d144d88503d13069aaf3aca83e55aaa75e08a62f3cef4972886e25470ed221c,,False,,,,,
meme_001768,rus,data/raw/rus/2589.jpg,2589.jpg,True,639,1007,JPEG,8e19ad3b876480a86a3fd8df95c2ace8fb9926f27826106a91b6b33b5a51ad2c,,False,,,,,
meme_014280,ukr,data/raw/ukr/1n747XWyifOnrWPGp_KNV0-BqlAi69l_s.jpeg,1n747XWyifOnrWPGp_KNV0-BqlAi69l_s.jpeg,True,426,339,JPEG,5242bf8deb6df0820dc71fdb3dbc3902caa5b8c530b86ab95925f1c97b645553,,False,,,,,
meme_010586,ukr,data/raw/ukr/1QBxC13mn7zC9ffaeLPsPzeBsEKKQYyuJ.jpeg,1QBxC13mn7zC9ffaeLPsPzeBsEKKQYyuJ.jpeg,True,1258,803,JPEG,94c20ddd63c213a27249ad1deb8105447d75b6fe96757d2708c6ab46e7aade0c,,False,,,,,
meme_005858,rus,data/raw/rus/627.jpg,627.jpg,True,800,569,JPEG,472d23e8c8443fe9b7976b67ee9f1149e81f52b1080e16eb4b81e0ec2fee21ba,,False,,,,,
meme_010079,ukr,data/raw/ukr/1Mp5rhhILDOwdXhKv_bmgSEAEmfuvcXGZ.jpeg,1Mp5rhhILDOwdXhKv_bmgSEAEmfuvcXGZ.jpeg,True,1080,782,JPEG,789fa8040edd77ddcd297c9d1d6783dda721323aac16a7e1a1f99400185ff085,,False,,,,,
meme_004817,rus,data/raw/rus/5332.jpg,5332.jpg,True,638,594,JPEG,e1b4c91ce02912119e0eb5ffef74c7de2847ca0085be923be3ff8679f69c920b,,False,,,,,
meme_003257,rus,data/raw/rus/3929.jpg,3929.jpg,True,538,526,JPEG,128fa6e5e7b12077da4d485477692bad7e7364dea0cd7b70dae5a6cb3000bcf8,,False,,,,,
meme_000427,rus,data/raw/rus/1381.jpg,1381.jpg,True,640,517,JPEG,f04652d860ba323fccdae63d18bc0b0fe10bdbbd43ab4bd49f863759756086d9,,False,,,,,
meme_010655,ukr,data/raw/ukr/1QZziXpClJbHVS7-7duT7EikkTgqdf8ZE.jpeg,1QZziXpClJbHVS7-7duT7EikkTgqdf8ZE.jpeg,True,1242,1203,JPEG,e73535b82c47c7e7aa53bd43cd77624bdac661f589063d2cd1d833cd10334833,,False,,,,,
meme_006082,rus,data/raw/rus/6471.jpg,6471.jpg,True,670,800,JPEG,64a027bc012170811dfc1b61a1902533116fb5d01937830974213b6595ae712c,,False,,,,,
meme_006665,ukr,data/raw/ukr/10Em9dKchPZ8AJuctiB6sueEPuXLqfzSU.jpeg,10Em9dKchPZ8AJuctiB6sueEPuXLqfzSU.jpeg,True,1080,1013,JPEG,8696caee3d068fc9bf79b403bde3c47b57e792bcfb5441f0958f824c19495dee,,False,,,,,
meme_007402,ukr,data/raw/ukr/153-C4n5nAFvXVOegKDyh-zD5W4SFSXmP.jpeg,153-C4n5nAFvXVOegKDyh-zD5W4SFSXmP.jpeg,True,720,807,JPEG,30e2fec7228bb4797b70e6f5f4574a61eb29047a8b1aa61ad447d8433d02b778,,False,,,,,
meme_015447,ukr,data/raw/ukr/1uehQbI0dcV6eAIUxVc0ce6XPluiVKN-D.jpeg,1uehQbI0dcV6eAIUxVc0ce6XPluiVKN-D.jpeg,True,522,343,JPEG,830d749328fae8dec47dff134acdbbcba0aca1ca6ba727d7fe19c1c07aa00f23,,False,,,,,
meme_013202,ukr,data/raw/ukr/1g4qivU2Watd1ODz9syCX5tG7gkux0n3p.jpeg,1g4qivU2Watd1ODz9syCX5tG7gkux0n3p.jpeg,True,1280,915,JPEG,999d11d07e5059d753df9fe7df5d51f1615625a1e19a4f1ae904e17b4e814095,,False,,,,,
meme_007026,ukr,data/raw/ukr/12Zl7JUsL9Cm7BbkKYPDNJKf9kr2fgwh2.jpeg,12Zl7JUsL9Cm7BbkKYPDNJKf9kr2fgwh2.jpeg,True,968,1168,JPEG,fc85f25dddee8725348a9600ef177105a90b93b23f384d46bd4e7c48d90d6122,,False,,,,,
meme_013319,ukr,data/raw/ukr/1gpIYZzJayUQmi6Tfu-2811OLwMlHGInT.jpeg,1gpIYZzJayUQmi6Tfu-2811OLwMlHGInT.jpeg,True,960,581,JPEG,babcb2ec5be026537bae52d77728942e0f7aae9d704fa790d9e41a6bc98363c9,,False,,,,,
meme_008385,ukr,data/raw/ukr/1BZGCRIIHtV4j_jCpKWoTWRyEsGEMIb2t.jpeg,1BZGCRIIHtV4j_jCpKWoTWRyEsGEMIb2t.jpeg,True,680,662,JPEG,9a8e6c5c8401f87f8e59192cefe0939383f432020a27faa622562b502a9e70db,,False,,,,,
meme_004991,rus,data/raw/rus/549.jpg,549.jpg,True,800,400,JPEG,aeff727ca20a770c74b92d5ee4e214000a045bb33126b8f09c834fff4f90504d,,False,,,,,
meme_005562,rus,data/raw/rus/6002.jpg,6002.jpg,True,640,640,JPEG,3300926ae1d415dc9854298ec387013e4c7e4c48bb5c4626a1f0978143ed7228,,False,,,,,
meme_007710,ukr,data/raw/ukr/172mhlYIW_S5iwmLGsuQAll41QPiaGMu8.jpeg,172mhlYIW_S5iwmLGsuQAll41QPiaGMu8.jpeg,True,1585,2048,JPEG,107bd67dc5255f9de15b0326bfa37cf31894f15ae13704da9e90733826779335,,False,,,,,
meme_010204,ukr,data/raw/ukr/1NWMds__3YSIoVX57rTOyxKBIvdNxCmZY.jpeg,1NWMds__3YSIoVX57rTOyxKBIvdNxCmZY.jpeg,True,1200,817,JPEG,a71258cd9ad868621597397cd28efe4a133e85ecd65314765d14ff069ddd6eb6,,False,,,,,
meme_008864,ukr,data/raw/ukr/1ElRY38tB79UqBPFDrc77vWz-gKibzzJb.jpeg,1ElRY38tB79UqBPFDrc77vWz-gKibzzJb.jpeg,True,1210,670,JPEG,9f5ed433245148a06b8786afce0f825da778ad18224824470389004a093448a6,,False,,,,,
meme_008271,ukr,data/raw/ukr/1AsIhl_FU909VthMW6DwUpdERkvc7KQgg.jpeg,1AsIhl_FU909VthMW6DwUpdERkvc7KQgg.jpeg,True,630,900,JPEG,cb7dd576e1f09cc1ac7f597e253a9b671b87e523357b8b2e78b42f1e20cc98d6,,False,,,,,
meme_003647,rus,data/raw/rus/428.jpg,428.jpg,True,800,533,JPEG,d61b08eadd4870995bc0614bffbbe66bdabd9b48747976f8fe2371e5584df684,,False,,,,,
meme_004202,rus,data/raw/rus/478.jpg,478.jpg,True,800,468,JPEG,ccc4efd91eec3fc721953f2e5952ad16862b2db3938fdbd3121b9b968e97b635,,False,,,,,
meme_006725,ukr,data/raw/ukr/10ckdmgBZXmaOpP0hsaC0h20tQh-LtY0f.jpeg,10ckdmgBZXmaOpP0hsaC0h20tQh-LtY0f.jpeg,True,1057,773,JPEG,1ae3cfa7777734175ff60b9ef0c7bb71311a9df746f6ec308e737a4ce81e1968,,False,,,,,
meme_003129,rus,data/raw/rus/3813.jpg,3813.jpg,True,1109,1280,JPEG,fb4f97a5a66a4cd4045fcf2148075c558af58896cdcc13394949ce34362f2781,,False,,,,,
meme_003313,rus,data/raw/rus/398.jpg,398.jpg,True,780,1080,JPEG,6dcfa501a1ceb5c01b7d49093bfeeea792a44f46af7aed3523974dac877dfbca,,False,,,,,
meme_011248,ukr,data/raw/ukr/1UamVyoIE17_o2-gK0GXhV7a_WVumg1va.jpeg,1UamVyoIE17_o2-gK0GXhV7a_WVumg1va.jpeg,True,960,1273,JPEG,dd837e91a16efb665e3cc3bc8da861f9e6222ee179b479c33de97ef82728a561,,False,,,,,
meme_003888,rus,data/raw/rus/4497.jpg,4497.jpg,True,800,529,JPEG,f97ecc365d911fe6905f0ff995eb3eab7633663fe76889c66d47069dce9dab49,,False,,,,,
meme_000292,rus,data/raw/rus/126.jpg,126.jpg,True,1125,1240,JPEG,941a11b1bdd19453201d52c7295f1ea3937777912700014e3252ff2a2b2a528e,,False,,,,,
meme_015895,ukr,data/raw/ukr/1xf7lGTnYFCTxLBpDrNvBjzO7icrt6VcO.jpeg,1xf7lGTnYFCTxLBpDrNvBjzO7icrt6VcO.jpeg,True,720,907,JPEG,d6d72b7821e0571c60e22da7425f7814389938a8bd459c48d2f75aa8062e8075,,False,,,,,
meme_004045,rus,data/raw/rus/4638.jpg,4638.jpg,True,656,800,JPEG,160f32bcafce1bc288ff1fcd32faeefdf7fdfc6ecb0f4fdbef53a37699e32f12,,False,,,,,
meme_002617,rus,data/raw/rus/3352.jpg,3352.jpg,True,754,800,JPEG,b42332fe5c5f309848058366c2549d3c5710d2eb57c1224bf9f21ffa18cacaa2,,False,,,,,
meme_015433,ukr,data/raw/ukr/1ubTqxT8xCkOghD-X-8jW-dgloIU4m05W.jpeg,1ubTqxT8xCkOghD-X-8jW-dgloIU4m05W.jpeg,True,1200,675,JPEG,16f81a0f1776b3cfc3a79087472d0cb53fcd0fd448fc68bc27815c24727c69a1,,False,,,,,
meme_012497,ukr,data/raw/ukr/1bkf75oK3CffaBU7EXFA3Ja9cNI4S5UQN.jpeg,1bkf75oK3CffaBU7EXFA3Ja9cNI4S5UQN.jpeg,True,1080,540,JPEG,240bb5e045bbd71f65afe32b4873ea50e857c51948d3ace96f277249114d52f8,,False,,,,,
meme_006555,ukr,data/raw/ukr/1-Q0_cpyklcY_mIngCNMzFMgZqkBgQN72.jpeg,1-Q0_cpyklcY_mIngCNMzFMgZqkBgQN72.jpeg,True,540,440,JPEG,e5d8a741e6c484f3b7f58f334575bc461f986153e1086c0937a58c75e20cce23,,False,,,,,
meme_009746,ukr,data/raw/ukr/1KhOtmVDtFd3Y1-YEO6CjM7EqXJ-YyS9Z.jpeg,1KhOtmVDtFd3Y1-YEO6CjM7EqXJ-YyS9Z.jpeg,True,1200,821,JPEG,c3d1917db9d8113cd434428fe91bbcd38a9b3a9b63e946a71916b0897ed72c74,,False,,,,,
meme_011051,ukr,data/raw/ukr/1TK9VOIwh1Fqtmfx1E57OCtuTEDNUXpLJ.png,1TK9VOIwh1Fqtmfx1E57OCtuTEDNUXpLJ.png,True,600,400,PNG,cb6b07215d228040aa909f94732d5cce260c83da524bc4c0369924f3e0b6d395,,False,,,,,
meme_005628,rus,data/raw/rus/6062.jpg,6062.jpg,True,514,483,JPEG,9a5de7fd6be24f6a7b9e8f2e7e9530f24536c4623d8a6907f31b401408461392,,False,,,,,
meme_003423,rus,data/raw/rus/4078.jpg,4078.jpg,True,666,685,JPEG,2ba6af109e40816158d395446ce08b538a3557e729a9c38eaf90ca62eb0abd18,,False,,,,,
meme_003070,rus,data/raw/rus/3760.jpg,3760.jpg,True,720,298,JPEG,7adcc36857fd9847a01b3524279e5afbdfe846de5b00074828b462581f45c55a,,False,,,,,
meme_010285,ukr,data/raw/ukr/1O6YU8VmVvpEPxGLcd8XaQTXp0z8gtDxV.jpeg,1O6YU8VmVvpEPxGLcd8XaQTXp0z8gtDxV.jpeg,True,628,397,JPEG,51e6ea0db8ce3e7da7705be74c9c915ffbcebc8a0bd919577df0736c72c72e53,,False,,,,,
meme_001618,rus,data/raw/rus/2453.jpg,2453.jpg,True,1280,1280,JPEG,eb60892ae0625a90d74ede3b9812c96e151b3525ebfe23a0f5d527ff001c3cc6,,False,,,,,
meme_009143,ukr,data/raw/ukr/1GeEIf--pBl5uUqXVJgRv8N5Z1u-a-kcH.jpeg,1GeEIf--pBl5uUqXVJgRv8N5Z1u-a-kcH.jpeg,True,720,720,JPEG,8f9fda352472f9776f32550ead3ffb63ca94e641a43e8910d21e67675bd6a95e,,False,,,,,
meme_014652,ukr,data/raw/ukr/1pcfEXkWPeTnQld_2ip5Xx6VEZfviyuz0.jpeg,1pcfEXkWPeTnQld_2ip5Xx6VEZfviyuz0.jpeg,True,454,570,JPEG,ce634fda011f0a2ba4e622abe3e02015f649dd37db8ff1d61f6aa079e283e1c5,,False,,,,,
meme_015679,ukr,data/raw/ukr/1wEh49UeUc_h483Jd9ft4GU0C1mBxVKm5.jpeg,1wEh49UeUc_h483Jd9ft4GU0C1mBxVKm5.jpeg,True,501,640,JPEG,ac137e5cac496ec93b1c7c4d3e378402859dbc235672a49b22d382537f3b0702,,False,,,,,
meme_006537,ukr,data/raw/ukr/1-HlJhejYQ1cRuFJ3wz7IKqQ_EGqLCEeW.jpeg,1-HlJhejYQ1cRuFJ3wz7IKqQ_EGqLCEeW.jpeg,True,755,564,JPEG,ee909e40b8fbcfcd72fbc02847ebe50ffbb26fa63b0a8e3888dadb87a1d497de,,False,,,,,
meme_014631,ukr,data/raw/ukr/1pX72ckk64VQ4IFvvAQmxlK_sb48rxzup.jpeg,1pX72ckk64VQ4IFvvAQmxlK_sb48rxzup.jpeg,True,800,383,JPEG,6680f450b7d79bd5a6833d43f79d7d913cade151bd6c406fce1c312a5366e9df,,False,,,,,
meme_011593,ukr,data/raw/ukr/1WqFOXEOHjllD2L7w0DesNM8fy1AfVgzS.jpeg,1WqFOXEOHjllD2L7w0DesNM8fy1AfVgzS.jpeg,True,700,763,JPEG,71d6a0e18832239ce3bf056eb3d9f6b8e45dc67532f6f5257ac3d9002d408959,,False,,,,,
meme_006652,ukr,data/raw/ukr/108XfPTm9c990VUspzsQ7rILH-Z1iPij4.jpeg,108XfPTm9c990VUspzsQ7rILH-Z1iPij4.jpeg,True,1387,2048,JPEG,f06bfb358f3bca6db72a9d4c40c2cd90db5e5cb45c80e7c837bf2a75a31daad4,,False,,,,,
meme_011225,ukr,data/raw/ukr/1UTj3IHDAsqNu1gqV9_EeF0lnP7J4kD5e.jpeg,1UTj3IHDAsqNu1gqV9_EeF0lnP7J4kD5e.jpeg,True,735,775,JPEG,91506ae45c3104847f28518c3389b24b2718855e6b90558c79e874598a1b27f2,,False,,,,,
meme_000358,rus,data/raw/rus/1319.jpg,1319.jpg,True,604,599,JPEG,35f3d073bf480dd7834eada45f963284a38e1b7de4aa385f75b947bf0c69e44a,,False,,,,,
meme_003609,rus,data/raw/rus/4245.jpg,4245.jpg,True,719,800,JPEG,8ccc7f21ad1bd3567334beb333deda1e06405320c91eb156d5128b5eb0ed2d08,,False,,,,,
meme_012658,ukr,data/raw/ukr/1cgyz7g2HjPfg4BxhNFdiO0GqX1j2L5UD.jpeg,1cgyz7g2HjPfg4BxhNFdiO0GqX1j2L5UD.jpeg,True,1039,1280,JPEG,7e1792bdc08fe7d87b53fe7ff12040e26406524279b7af07ae04bf0c7990ed0c,,False,,,,,
meme_006006,rus,data/raw/rus/6402.jpg,6402.jpg,True,521,515,JPEG,6e877f93d7ed2743a78335f6d890a271b2fd9047940f559cf9c199163cc01fcc,,False,,,,,
meme_010766,ukr,data/raw/ukr/1ROLjXRXnaTL1xWtjB-cvhpsemROeBRaL.jpeg,1ROLjXRXnaTL1xWtjB-cvhpsemROeBRaL.jpeg,True,720,480,JPEG,74f90a9f7cfdc1a6a11a1f3eeac9bc9cffeca317e123d2c13440324e0f47c85a,,False,,,,,
meme_004041,rus,data/raw/rus/4634.jpg,4634.jpg,True,1080,1006,JPEG,916c1fe6b679cbe415e5a43fcd8bdb948ab8c69395cf5a23102931b1b5b75d75,,False,,,,,
meme_010024,ukr,data/raw/ukr/1MP5lmF4Kx68016B_PxqPsQM2IDWyGMXO.jpeg,1MP5lmF4Kx68016B_PxqPsQM2IDWyGMXO.jpeg,True,1280,959,JPEG,3252c56e57e272acf440bb21716567e5c7b6d685d5ed1cfeb261a5a43fe48404,,False,,,,,
meme_005246,rus,data/raw/rus/5719.jpg,5719.jpg,True,947,1280,JPEG,4e59049638309f9ee8cf61d3952b6b9c3c2bdc3d53f3a510cb5cc7426b56038b,,False,,,,,
meme_014936,ukr,data/raw/ukr/1rTakLdODnYIbu65ehqkGvEG5_h1GmPwt.jpeg,1rTakLdODnYIbu65ehqkGvEG5_h1GmPwt.jpeg,True,750,1115,JPEG,cfce86f90a94789fa9a92fa048c94b2c023363901bf0cbbe8c64853a6e161b91,,False,,,,,
meme_006292,rus,data/raw/rus/804.jpg,804.jpg,True,600,583,JPEG,d257c72662d44c0a4e4b80b50b24066f2a3e97623a8b590e706f0e47ef7aa155,,False,,,,,
meme_016214,ukr,data/raw/ukr/1zwPZEjYsG2gk36rNU-voYbFEMmblVUkQ.jpeg,1zwPZEjYsG2gk36rNU-voYbFEMmblVUkQ.jpeg,True,1067,706,JPEG,b85fd9df74c9e1e143b0483aa41d6090c2e80e8350cef68d8c818b1f33d77795,,False,,,,,
meme_003572,rus,data/raw/rus/4211.jpg,4211.jpg,True,1280,971,JPEG,4238f0b5b7e163cbfdaa48407adff4cea3095641521722c1ff15e2426c54ceab,,False,,,,,
meme_009887,ukr,data/raw/ukr/1LY3MqUdOsc83yeiZQjYQ3FIdLo96Qp-A.jpeg,1LY3MqUdOsc83yeiZQjYQ3FIdLo96Qp-A.jpeg,True,1487,1208,JPEG,9de9f5c0f9224adf2d1d373f140e37fdb0e1e81d6bf95ba968d6e2a5902dad54,,False,,,,,
meme_011271,ukr,data/raw/ukr/1UmXhDm_GfzfS20HfaNtzxYDaapGjNO7A.jpeg,1UmXhDm_GfzfS20HfaNtzxYDaapGjNO7A.jpeg,True,1080,787,JPEG,0af5698352f6ede253eff60baf89acaf61dc75570814623b6ec2ae8b6abb4da6,,False,,,,,
meme_001087,rus,data/raw/rus/1976.jpg,1976.jpg,True,750,739,JPEG,22e1e5faf24c14651ce771f935fc76b0909f795f765583f876e3d78691b72c49,,False,,,,,
meme_013083,ukr,data/raw/ukr/1fRJc1ldaV8bIz2Mdw5WwfeakAx2FCnbr.jpeg,1fRJc1ldaV8bIz2Mdw5WwfeakAx2FCnbr.jpeg,True,993,649,JPEG,ac7a4d2fbb8a7200c97e5628a972afb046fed8b7717c0b8a4e502a6ac16cf948,,False,,,,,
meme_012882,ukr,data/raw/ukr/1eDDqxKrOCG3mQspCC7QrbAvuE8C89j3q.jpeg,1eDDqxKrOCG3mQspCC7QrbAvuE8C89j3q.jpeg,True,2040,1724,JPEG,0f06c7f4cfddbdef44d9cdc8491e5372375a313c4cd348f9499e47d7036b83d6,,False,,,,,
meme_002499,rus,data/raw/rus/3246.jpg,3246.jpg,True,800,743,JPEG,834ff46b839e8b27c1607dfba0070bd572f345cb09de2b1e1fadf1e203f22171,,False,,,,,
meme_009125,ukr,data/raw/ukr/1GV5NbCgbW9LzEq0qBI7l3minJzeOOtAI.jpeg,1GV5NbCgbW9LzEq0qBI7l3minJzeOOtAI.jpeg,True,771,780,JPEG,35a776656af9258b66118f36eb8f44ee4294a594cb89587f6d0d90805e3abfa1,,False,,,,,
meme_009420,ukr,data/raw/ukr/1IT2vFxCGDf_KvmluetjWyvrWm3PcTnAO.jpeg,1IT2vFxCGDf_KvmluetjWyvrWm3PcTnAO.jpeg,True,1280,813,JPEG,3da55f0497d7332891226b78a78ae972ff5a7b389856f4ed05b500da0824b116,,False,,,,,
meme_011397,ukr,data/raw/ukr/1Vb1qxv-Lhe8GC_5T7vg_9ltxDCDTYCc7.jpeg,1Vb1qxv-Lhe8GC_5T7vg_9ltxDCDTYCc7.jpeg,True,1122,1202,JPEG,47bd520eff79afae701c888a7f7c5c5bc2d1bea6af8b0048ba8040e6a3e1d046,,False,,,,,
meme_008342,ukr,data/raw/ukr/1BJ_ciILE7C40_0iHWqxwgb1FZMRd0MI6.jpeg,1BJ_ciILE7C40_0iHWqxwgb1FZMRd0MI6.jpeg,True,828,601,JPEG,0c54ed5b8ba7d7c91a2763cf4609eb1425d549b83c9729b2238c439da5d907eb,,False,,,,,
meme_002085,rus,data/raw/rus/2874.jpg,2874.jpg,True,1125,1214,JPEG,b2aa7ce8b79b430818e37a1e4599971c50964ed1f12986eb7423fd5ad81c4f79,,False,,,,,
meme_015312,ukr,data/raw/ukr/1tv2O1uGSYK0oNEexh7ozOzunK-fjFUSa.jpeg,1tv2O1uGSYK0oNEexh7ozOzunK-fjFUSa.jpeg,True,680,680,JPEG,76fa8e62f3d2d83a058de218c0b76a8a33bb56d41bbc199d934f37aa14375472,,False,,,,,
meme_003652,rus,data/raw/rus/4284.jpg,4284.jpg,True,540,500,JPEG,fdf3f4879a36bbf3395e56f64ab030f97e632151ed991db6943c870d8d379653,,False,,,,,
meme_001806,rus,data/raw/rus/2622.jpg,2622.jpg,True,774,800,JPEG,6bbd76ccb0368fd3c3edce22071ebbe697b61142387cc2572754d1044de1973c,,False,,,,,
meme_015770,ukr,data/raw/ukr/1ws-2pJFTKgqrw4gbuuPsczJ9QIKx7a8b.jpeg,1ws-2pJFTKgqrw4gbuuPsczJ9QIKx7a8b.jpeg,True,854,1280,JPEG,be8d4f97cdf7f3e81ade7218f157f7f9905ff3d006af42b12948c1f2013f9945,,False,,,,,
meme_005124,rus,data/raw/rus/5609.jpg,5609.jpg,True,604,483,JPEG,3b1498ecc83d3fd14087c224f14f12610beb4cba8be8320d0c2544efb45c1d93,,False,,,,,
meme_013881,ukr,data/raw/ukr/1kOKdvH2aQrFZBXKOzLDxHrAWy58ax1QB.jpeg,1kOKdvH2aQrFZBXKOzLDxHrAWy58ax1QB.jpeg,True,1599,2048,JPEG,09904cfe626a670a0843d77efad7b6eda7066fafd05c982080bc73bc3f2daa2e,,False,,,,,
meme_009414,ukr,data/raw/ukr/1IQEQo2faV4VuXi1BQAXwomYggdTrXA2v.jpeg,1IQEQo2faV4VuXi1BQAXwomYggdTrXA2v.jpeg,True,540,709,JPEG,483f19d86f6fd6cc19d9520f976d5c4a4f65aa869279a6f174c52a03a5635967,,False,,,,,
meme_000170,rus,data/raw/rus/115.jpg,115.jpg,True,747,705,JPEG,008cbc72a4b24b446cac797dd6cadec3a0733ab7a04f1237e4401c81d2abe8b8,,False,,,,,
meme_004112,rus,data/raw/rus/4699.jpg,4699.jpg,True,1280,720,JPEG,a9497de9a8a62454733f8bcd6bbc43913c5f0251ea5302ce0d28ec92cf645d01,,False,,,,,
meme_003470,rus,data/raw/rus/412.jpg,412.jpg,True,1280,771,JPEG,4027db1c50f508cbced8172b93254640ab84f1084f2cd66a9228b4578b9d381e,,False,,,,,
meme_012371,ukr,data/raw/ukr/1b-Hg62zonhxA4FsxP0jXn0MOtFCSkt7d.jpeg,1b-Hg62zonhxA4FsxP0jXn0MOtFCSkt7d.jpeg,True,1280,760,JPEG,fe80046fa647672ceadac3cb94046f8c083b83a5eaccdca07925e59454300663,,False,,,,,
meme_002253,rus,data/raw/rus/3024.jpg,3024.jpg,True,532,582,JPEG,895dccf20cb66bf9a3bc6ff50b7b834f7473a8aba18f6614048e815cde50d286,,False,,,,,
meme_008281,ukr,data/raw/ukr/1AwuvugnIg9tUEQNEArZFKZ3UIYXtkyXf.jpeg,1AwuvugnIg9tUEQNEArZFKZ3UIYXtkyXf.jpeg,True,1119,1280,JPEG,1ce06ad2fa6ba9c4c1d8e49eebf2d61f087640e2ea3ea880b9584010743fc376,,False,,,,,
meme_002862,rus,data/raw/rus/3573.jpg,3573.jpg,True,452,1080,JPEG,484bd2dd1e43a63c13178cac19f3a7def0b6fc2f38d9667dd2e94890acfb7c19,,False,,,,,
meme_002301,rus,data/raw/rus/3068.jpg,3068.jpg,True,741,1080,JPEG,c412cf4ca55674e813612928c53a8309f9f9a93b5539e4a016baa66ba6722de5,,False,,,,,
meme_001581,rus,data/raw/rus/242.jpg,242.jpg,True,604,412,JPEG,87af12d8e8592c3265f0c75451a3a2384c772f1238e50c92a1b09373f2e1ddb9,,False,,,,,
meme_009593,ukr,data/raw/ukr/1Jd0Sw_wwa7Rk-gKFmQZFaG5OnkuY9ZMc.jpeg,1Jd0Sw_wwa7Rk-gKFmQZFaG5OnkuY9ZMc.jpeg,True,866,488,JPEG,9185c34c3377e43bd609ce0957ee31de6d491e1451fbc67759de2ebb036aefbf,,False,,,,,
meme_002449,rus,data/raw/rus/3200.jpg,3200.jpg,True,750,750,JPEG,f1e06cf8007370f92925d780811d284e2894308be355cbda7cbbb4cca8f37166,,False,,,,,
meme_001984,rus,data/raw/rus/2783.jpg,2783.jpg,True,1125,1081,JPEG,f761963f8ea200f26b12e641e41c96ad5f2f2542c6a9cecc3c210e6636cea19a,,False,,,,,
meme_015648,ukr,data/raw/ukr/1vxXlQVjWz2aK7hVolvS9gQRdg4cq1Otu.jpeg,1vxXlQVjWz2aK7hVolvS9gQRdg4cq1Otu.jpeg,True,2632,2088,JPEG,adde82ea484955f526511f838f60a8544fefd0e425a477f576bf5a9cc33e00c9,,False,,,,,
meme_008764,ukr,data/raw/ukr/1E9q7bgwB8sEtQkFLLpY4eqbXmniGYRxQ.jpeg,1E9q7bgwB8sEtQkFLLpY4eqbXmniGYRxQ.jpeg,True,1001,1001,JPEG,f991efa79ec1f387d29eda93fd466d7c1affaac1a529d9adfa3edbc61025e128,,False,,,,,
meme_011414,ukr,data/raw/ukr/1VhrifPFCitHbeWsy330q-w_2CR7feqQe.jpeg,1VhrifPFCitHbeWsy330q-w_2CR7feqQe.jpeg,True,1217,1280,JPEG,ef57d18f5bb0b27f6d78ca4fdc13fd2bc1b9e9b360cb3d2c3817c1531e3af84d,,False,,,,,
meme_011100,ukr,data/raw/ukr/1TbtNIfVzErB74YrXiYLXcXDBnLNwatek.jpeg,1TbtNIfVzErB74YrXiYLXcXDBnLNwatek.jpeg,True,890,1280,JPEG,da10fa578172b550f852e6e2155910f8742273165c338557461b3255f86d652b,,False,,,,,
meme_008049,ukr,data/raw/ukr/19P2Yc81k8AKvHatu8HVM-nKxCtE-Yibz.jpeg,19P2Yc81k8AKvHatu8HVM-nKxCtE-Yibz.jpeg,True,1200,600,JPEG,cbf0631eb28229959654b80d110d000510df8b3f0fde601d3aa6db03eec0034e,,False,,,,,
meme_002920,rus,data/raw/rus/3625.jpg,3625.jpg,True,1080,954,JPEG,622bdc99a8c0821edf6648ebac65551172c5f1bb33674a3e0d8708e7438e29b4,,False,,,,,
meme_010494,ukr,data/raw/ukr/1Pb0XJtXR6npyxHNp30VivrixwJHImRUo.jpeg,1Pb0XJtXR6npyxHNp30VivrixwJHImRUo.jpeg,True,1017,1280,JPEG,a4816060e17a64136404d1ccdfdc7998d3c9be3472f708bc6f8b050dc5ecfb6a,,False,,,,,
meme_014028,ukr,data/raw/ukr/1lMnk3-nI_KJvdNNfTX5dss7vhSOJQ85W.jpeg,1lMnk3-nI_KJvdNNfTX5dss7vhSOJQ85W.jpeg,True,667,435,JPEG,92d16653dbc4384d4932bc1dddca0dab1afbd8a0723aa96803c7276f6619a64d,,False,,,,,
meme_013561,ukr,data/raw/ukr/1iQu63QOJ7A313cEOiIqo4zniqHkiI7vq.jpeg,1iQu63QOJ7A313cEOiIqo4zniqHkiI7vq.jpeg,True,638,668,JPEG,614d095b8d52f8e09203eeece7a9ff8021af28fd9db2fe8d76da4de17a9adeba,,False,,,,,
meme_005609,rus,data/raw/rus/6045.jpg,6045.jpg,True,500,500,JPEG,0720126fc1b99ddfb43d4c6b41159c027eef1e6d86f119ffc6d15e5a551ebf3a,,False,,,,,
meme_003502,rus,data/raw/rus/4149.jpg,4149.jpg,True,736,552,JPEG,ce6c20b69c3cebbb74eefd389155db1590b564b0e7243ab3fea3fb8f87e060a2,,False,,,,,
meme_008674,ukr,data/raw/ukr/1DaOaGCwwGZkIv5w9uUmihiVa449NhWqO.jpeg,1DaOaGCwwGZkIv5w9uUmihiVa449NhWqO.jpeg,True,891,960,JPEG,b636314d126bd680308fef4069ed3a6fb1b3ec2840ce41fb1dedd505025613eb,,False,,,,,
meme_003935,rus,data/raw/rus/4539.jpg,4539.jpg,True,754,1080,JPEG,c020c94e941ab4584a2de4034d800e37e80084b463a3d4310a1d00460e6ea8c9,,False,,,,,
meme_007040,ukr,data/raw/ukr/12eKY_11DKhS3OJkRBe3Ik-w6IF0XoKHP.jpeg,12eKY_11DKhS3OJkRBe3Ik-w6IF0XoKHP.jpeg,True,991,1280,JPEG,edede031883fcb9ad2b927f0d47ef43a37726e9ac844cd325dc66a25680cb539,,False,,,,,
meme_001476,rus,data/raw/rus/2325.jpg,2325.jpg,True,604,548,JPEG,20f07741bdb74d27a7b181a54bcf8fccbd7542fafc3168afb553bcfa79f9463c,,False,,,,,
meme_003435,rus,data/raw/rus/4089.jpg,4089.jpg,True,992,670,JPEG,b1fb9f3118216ea445e7bace2d56780571b88409f6c1866cb87118503d8975ce,,False,,,,,
meme_004686,rus,data/raw/rus/5214.jpg,5214.jpg,True,618,800,JPEG,b28ff0ae3f2345f061ae163928b30cc5a008594d6c9d0ed3d9b90a7a5b8afbc3,,False,,,,,
meme_000519,rus,data/raw/rus/1464.jpg,1464.jpg,True,1170,1132,JPEG,cd11b15f16f56341c3bdc0d7c56b0a7cb1e1bab9625149e860865edc7abd243f,,False,,,,,
meme_000151,rus,data/raw/rus/1132.jpg,1132.jpg,True,922,1080,JPEG,413c0fc9f0880b8eec204547dc082e6124b59384e77f465375c464dce1f99968,,False,,,,,
meme_006190,rus,data/raw/rus/712.jpg,712.jpg,True,1000,769,JPEG,4afcaf4d50215ab8f81dc9b04caec227480cc308a9b18665f337c3ad4c77b0a2,,False,,,,,
meme_002761,rus,data/raw/rus/3482.jpg,3482.jpg,True,1280,544,JPEG,7dea7c3f1f75b689da1ff97fd67ba5d7dfde1372eb3656645e0cccc6cbdbfe22,,False,,,,,
meme_000388,rus,data/raw/rus/1346.jpg,1346.jpg,True,750,761,JPEG,10cf416c0e82bc7c3708bac87054fdf61b8d358feaa0f7a6db5b7a16add8fda6,,False,,,,,
meme_001721,rus,data/raw/rus/2546.jpg,2546.jpg,True,1276,960,JPEG,58f90911fcadd627a1e9e49ffad7794a614fd93bda6bfc4f89cdf3d9d00d26c7,,False,,,,,
meme_007013,ukr,data/raw/ukr/12WmwRCIe5lP-Oqw4XfzcL1AyjrkH477H.jpeg,12WmwRCIe5lP-Oqw4XfzcL1AyjrkH477H.jpeg,True,964,1280,JPEG,76becde883e7a1a6ecd4083604b2ee777018a7d4dd982b274d807512d40b448c,,False,,,,,
meme_002481,rus,data/raw/rus/323.jpg,323.jpg,True,610,703,JPEG,22e038570cd7251dca90f5da759765399bd64318a4438e4373511991d5e922e5,,False,,,,,
meme_010639,ukr,data/raw/ukr/1QUOjvWSrurY5e4RtfKeiwXK-1uy7W80g.jpeg,1QUOjvWSrurY5e4RtfKeiwXK-1uy7W80g.jpeg,True,1080,1080,JPEG,e8e7ee1ad4047fb6867fa02e5108ef0213358aaf290fc5836d2ba413054a67bf,,False,,,,,
meme_004376,rus,data/raw/rus/4936.jpg,4936.jpg,True,1239,1237,JPEG,d49a9875beda5f9d6a111ef125b9a34533e2968efe4a997ec208f200bdcb2bcc,,False,,,,,
meme_012005,ukr,data/raw/ukr/1ZVFa1nJmLXRrnjY2QBOG9fmglb9qhOKo.jpeg,1ZVFa1nJmLXRrnjY2QBOG9fmglb9qhOKo.jpeg,True,1280,1280,JPEG,4a8066862c8ad3ef5d6fadc040028de046b0fd531c39d0322958fe8a280fb315,,False,,,,,
meme_007842,ukr,data/raw/ukr/17r6M3X87NWXT4OMHQ57e2oQRLfAwtez1.jpeg,17r6M3X87NWXT4OMHQ57e2oQRLfAwtez1.jpeg,True,1280,847,JPEG,4f1ff23bbcaea560acae8e424e20f6af2e1f7e87db6523b55d266e0d2eefe27c,,False,,,,,
meme_008871,ukr,data/raw/ukr/1EnNLlKL2o2HfnypLilWunUf4ELv_smqj.jpeg,1EnNLlKL2o2HfnypLilWunUf4ELv_smqj.jpeg,True,718,481,JPEG,531160c9545c2f840bb942bb681c01a5cc4cc92bda0cc31a919b6445630dfa7d,,False,,,,,
meme_009849,ukr,data/raw/ukr/1LHOZd1gLUcek2bjIQkLdXmgrXgEzDAQs.jpeg,1LHOZd1gLUcek2bjIQkLdXmgrXgEzDAQs.jpeg,True,900,542,JPEG,956a49c1c319e73cae21e59a5e4da966b85613d8680e0709f15c201f787ca9af,,False,,,,,
meme_008205,ukr,data/raw/ukr/1AMzcniNITDb2QeeBzpWJXPDJ8iVecOMO.jpeg,1AMzcniNITDb2QeeBzpWJXPDJ8iVecOMO.jpeg,True,1024,975,JPEG,82b84daa52ac0b8a66fb2d314542fb740644684bf4ad8bbe0a9a97dec7212d85,,False,,,,,
meme_006597,ukr,data/raw/ukr/1-m8E0Ln-LHgV0PTi-FUHEu0hzqgj617q.jpeg,1-m8E0Ln-LHgV0PTi-FUHEu0hzqgj617q.jpeg,True,766,565,JPEG,6e7c735d70e98aac75573c2711e9fc506488fc66b0393d0ab21fe25edabc114b,,False,,,,,
meme_010098,ukr,data/raw/ukr/1MvBIne8T1wpgNX8UoTiRvDFLEBhlCXST.jpeg,1MvBIne8T1wpgNX8UoTiRvDFLEBhlCXST.jpeg,True,887,1280,JPEG,26fcf204fc6f28abe2e1bbce538a5a0885f081d04a844539ee4ba4706155bc50,,False,,,,,
meme_008356,ukr,data/raw/ukr/1BPucOgtZoqeJBvLFQHThbnW5VhGLm-rG.jpeg,1BPucOgtZoqeJBvLFQHThbnW5VhGLm-rG.jpeg,True,1095,1280,JPEG,fd97f43adba65d2eab6c1c3492654cc51935bd69e06e2610ac8ee4357774c7db,,False,,,,,
meme_009712,ukr,data/raw/ukr/1KTez4UC5TqRrSw4-RsEbEgeMUymlZTNR.jpeg,1KTez4UC5TqRrSw4-RsEbEgeMUymlZTNR.jpeg,True,556,884,JPEG,215b64fe205046da1690ec1a2182c6e9bcab0c01183ec03232d48d72d7a5c39c,,False,,,,,
meme_011144,ukr,data/raw/ukr/1TxNceL_9re4a30QWRQgbViEU5F64PKmm.jpeg,1TxNceL_9re4a30QWRQgbViEU5F64PKmm.jpeg,True,852,1280,JPEG,d8ab3d9fe78425713aa99d7113327bf16382457474244409c1361308ed76020d,,False,,,,,
meme_012949,ukr,data/raw/ukr/1efceCuLZk1UIkeDhSeJCAZ5l_nwZ60S9.jpeg,1efceCuLZk1UIkeDhSeJCAZ5l_nwZ60S9.jpeg,True,1106,1279,JPEG,660e6531d02f207dd016ebc32069e4627e1cad942c23988b62bf441feb1d9ddf,,False,,,,,
meme_004238,rus,data/raw/rus/4811.jpg,4811.jpg,True,735,496,JPEG,e489cc9277262aa47c24502b87fae820b6b665f4e69c3df3bef0e58478bf211d,,False,,,,,
meme_015487,ukr,data/raw/ukr/1usxtwoiQocFqR-JWZBs6rM2bQYS7JciT.jpeg,1usxtwoiQocFqR-JWZBs6rM2bQYS7JciT.jpeg,True,895,595,JPEG,2876b0a5dd339b0f0891da2cb0442bbba70702efcc0301d692dbbea05aa05a09,,False,,,,,
meme_010591,ukr,data/raw/ukr/1QDHl8ThMyTCaalQUExffOM0vAsQJgeWz.jpeg,1QDHl8ThMyTCaalQUExffOM0vAsQJgeWz.jpeg,True,1023,997,JPEG,5eb7aa3067d5b6fd887903ac982b2d269ef477382bab00f45e823fcfb9e90671,,False,,,,,
meme_013163,ukr,data/raw/ukr/1fpW0m7AWb_tHqET3H9w6ggYUEYd1DGjJ.jpeg,1fpW0m7AWb_tHqET3H9w6ggYUEYd1DGjJ.jpeg,True,555,449,JPEG,fddd6a0b5b9ca86ee1ed8a6eba79c5f8e65f2563bce4ef58ab27b167779ed048,,False,,,,,
meme_006502,rus,data/raw/rus/994.jpg,994.jpg,True,1080,575,JPEG,6d2beeb8f661be4d414a432160d5697c063ea63c53e833170f0fdc0f55ea8fe6,,False,,,,,
meme_011617,ukr,data/raw/ukr/1WyRiGBIxc32Fj0VftkrFyvbWBfpDBKNg.jpeg,1WyRiGBIxc32Fj0VftkrFyvbWBfpDBKNg.jpeg,True,1280,862,JPEG,9e79d7e7e53ccff3845f37c766a88b177abff0f308b48935dc687dd984c58dc4,,False,,,,,
meme_005377,rus,data/raw/rus/5837.jpg,5837.jpg,True,604,486,JPEG,b5e1154c4b86a3f6412ad4c08994ae48c4dbc3c45e02fc63bb3b7dda438d4fa0,,False,,,,,
meme_011784,ukr,data/raw/ukr/1Y8t7uCuGcqsM3IkTNf8PJlvGHY62fbJr.jpeg,1Y8t7uCuGcqsM3IkTNf8PJlvGHY62fbJr.jpeg,True,2040,1615,JPEG,c898ad684e93126bd94d03bff3deaa25dc513e1c04eceff0a087366c695d3993,,False,,,,,
meme_006024,rus,data/raw/rus/6419.jpg,6419.jpg,True,1080,939,JPEG,3ce909ed0fec8a96d32bf96c697d6424ba9b7bd55b7a7aef19023e7e38edcad5,,False,,,,,
meme_012390,ukr,data/raw/ukr/1b7zxOzdSbp78Ev2zNnDKzdsYyNHLrQi4.jpeg,1b7zxOzdSbp78Ev2zNnDKzdsYyNHLrQi4.jpeg,True,850,1112,JPEG,a5ee6f631fea231ac7b994d6702f7061a5956b37640555147998567cd7ef40e1,,False,,,,,
meme_011514,ukr,data/raw/ukr/1WFo0RO6I4xWRPaMYGovq7NESPawU0Zni.jpeg,1WFo0RO6I4xWRPaMYGovq7NESPawU0Zni.jpeg,True,1195,789,JPEG,04b4d398ab72f970b3ee1a61f3c815de303644ab949fbc882662c157dd0cf889,,False,,,,,
meme_004808,rus,data/raw/rus/5324.jpg,5324.jpg,True,779,1080,JPEG,b18ae2eeb5c685cd6e6305a7a4351e511f8924511a6217ee99185293f6ec7bba,,False,,,,,
meme_006067,rus,data/raw/rus/6458.jpg,6458.jpg,True,1280,1151,JPEG,7b766cf19d2635df3a1c3e4bd7df77d9389843630f32a932ec72ed80a261aad6,,False,,,,,
meme_015427,ukr,data/raw/ukr/1u_J0tbhFJeLcgO0ggkLUvIowPr03FsA-.jpeg,1u_J0tbhFJeLcgO0ggkLUvIowPr03FsA-.jpeg,True,720,720,JPEG,e5a77ce445c4bdac167bd66b134ef079a21ea0d2e6fd126883c6138ba93fddb2,,False,,,,,
meme_006331,rus,data/raw/rus/84.jpg,84.jpg,True,1280,1280,JPEG,58f7e53f7a3740ba4f578bab68a58dee876f02673eaffa773d089c71930f5614,,False,,,,,
meme_003170,rus,data/raw/rus/3850.jpg,3850.jpg,True,800,790,JPEG,7a5e2b0e696e990986d2200b033be68833db030589681db3448729c66a294cbe,,False,,,,,
meme_009935,ukr,data/raw/ukr/1Lq44U0jFJGGSbrW75FsbhKWx48GfLtaF.jpeg,1Lq44U0jFJGGSbrW75FsbhKWx48GfLtaF.jpeg,True,1000,495,JPEG,bf6f0e4a76283f3065323ebbe86dbc3917675129e7fec2b98b2ff6a5a017b6d9,,False,,,,,
meme_001371,rus,data/raw/rus/2230.jpg,2230.jpg,True,647,800,JPEG,8bf8b1762858d415e6999b5cb6608ec5000dbaf66d30f78e9158a47cf2f694a1,,False,,,,,
meme_004878,rus,data/raw/rus/5388.jpg,5388.jpg,True,836,1080,JPEG,f9dfd8194aceb05efbc12bdf406081d0d484d721bff2170f88504e57bfbb87b3,,False,,,,,
meme_001715,rus,data/raw/rus/2540.jpg,2540.jpg,True,402,497,JPEG,d32c8ce267f00e28f8cc7bf096c0d1c626f432a8ff3aea7322c4511c2401badc,,False,,,,,
meme_012085,ukr,data/raw/ukr/1_562lHLURV2TRKn6cu2VPrcDalgvNA7R.jpeg,1_562lHLURV2TRKn6cu2VPrcDalgvNA7R.jpeg,True,592,384,JPEG,96ddce64a734f5cf2f2d268b976792501c8458d0ebced57caceb470d91e685e2,,False,,,,,
meme_009316,ukr,data/raw/ukr/1HfrlECp7EKEz90ptPXO7Szf5NzyVt9VE.jpeg,1HfrlECp7EKEz90ptPXO7Szf5NzyVt9VE.jpeg,True,657,542,JPEG,41add8040a028fe3d7af30be289233d0a8f1201b6a91487c3228fc62ef48ba6c,,False,,,,,
meme_014524,ukr,data/raw/ukr/1ojM1I3K_jMra02jIEctz_Kc7r-JJt3RU.jpeg,1ojM1I3K_jMra02jIEctz_Kc7r-JJt3RU.jpeg,True,1280,853,JPEG,7a32e859b9c25031a65ea9b743300c004fd2b63a8c503ba74ab9fa35044728e2,,False,,,,,
meme_003205,rus,data/raw/rus/3882.jpg,3882.jpg,True,604,601,JPEG,003a378a2fbbb3fcd1546164957acdb03fe57088b01a3a1aece4af297b980842,,False,,,,,
meme_010376,ukr,data/raw/ukr/1OjqCfNOWw-yHJhPX9_pKLInJ4GJR_R-i.jpeg,1OjqCfNOWw-yHJhPX9_pKLInJ4GJR_R-i.jpeg,True,1200,861,JPEG,243f63d38e1f96f3d8d07184f1b51a077cf1bb594265deede67b37fc5788fdba,,False,,,,,
meme_012400,ukr,data/raw/ukr/1bDwxMr5gW-Elcxmsi5VB5ohTj1C0Y92h.jpeg,1bDwxMr5gW-Elcxmsi5VB5ohTj1C0Y92h.jpeg,True,1536,1536,JPEG,bf3e6efc0274abdcd5fcb07660dc4153fe7e549fe6bbd23dfcbdc15ac4ca91c8,,False,,,,,
meme_000752,rus,data/raw/rus/1674.jpg,1674.jpg,True,627,627,JPEG,c2fc47189df0eaa82a27336647eb6d59d52986187a69b8b30bebd0dfb0dfa2fa,,False,,,,,
meme_012614,ukr,data/raw/ukr/1cRJyadXY4eJ-sgDZz2NbbfYUtGdjrz7a.jpeg,1cRJyadXY4eJ-sgDZz2NbbfYUtGdjrz7a.jpeg,True,1070,947,JPEG,2559b49139f07a7a6b965ebc600445ede92621996c904ff025dc266270822877,,False,,,,,
meme_015110,ukr,data/raw/ukr/1sRaP48THXXgcb4W-iSZ8u3mAzEh5wyKr.jpeg,1sRaP48THXXgcb4W-iSZ8u3mAzEh5wyKr.jpeg,True,1280,910,JPEG,915a0781a4ccaf2f467e96591be9be231375473155bec2957aa2e5efc097a743,,False,,,,,
meme_003387,rus,data/raw/rus/4045.jpg,4045.jpg,True,600,750,JPEG,d822f09660da424776ef4ddd834892f827aec0ae949540bc9295ad14d74d3027,,False,,,,,
meme_006422,rus,data/raw/rus/921.jpg,921.jpg,True,711,1024,JPEG,f8cf15f50e648fddad7f90b93e5271fe8bc1711f1a68cdb0988c7a86046c9372,,False,,,,,
meme_011542,ukr,data/raw/ukr/1WW-ZB8s85Qftt2nAb81YfpxbGdB-3oil.jpeg,1WW-ZB8s85Qftt2nAb81YfpxbGdB-3oil.jpeg,True,1024,682,JPEG,ffef8b4c848305d4db62528c7b3385a594d63fe8407dc175d036546834006cd9,,False,,,,,
meme_014352,ukr,data/raw/ukr/1naDp0NP7HJCeLVbzcO4jMTvuE4xCJMR2.jpeg,1naDp0NP7HJCeLVbzcO4jMTvuE4xCJMR2.jpeg,True,547,316,JPEG,4aba02e5d7bd4145ca1de96f7c2d963acee5b8ccb572f9f8206b10be54a917c5,,False,,,,,
meme_009934,ukr,data/raw/ukr/1LpUclxFZiKWXgPKczIJq4QHm8zvDYZVV.jpeg,1LpUclxFZiKWXgPKczIJq4QHm8zvDYZVV.jpeg,True,1045,1032,JPEG,1e03e0744f0cf748060f5bd55ac949a08fa2281c8738b9124c2685555be8ff32,,False,,,,,
meme_004963,rus,data/raw/rus/5464.jpg,5464.jpg,True,800,727,JPEG,f6022f368b108794f46bcad68df474a9afb3dd07068ecee3691e6993b713c8b8,,False,,,,,
meme_005757,rus,data/raw/rus/6179.jpg,6179.jpg,True,600,600,JPEG,01200625876b4daedd44d28fa1dd4bf5b584b15f252b5ec348a53ac7a2601df6,,False,,,,,
meme_005438,rus,data/raw/rus/5892.jpg,5892.jpg,True,500,742,JPEG,33d549376f38cf9cdc51272bdad128806ef235560475249f3a2c9f2dcdd3d7f1,,False,,,,,
meme_003903,rus,data/raw/rus/451.jpg,451.jpg,True,592,800,JPEG,744a284efc3d4808b840e565e0a9501546f0b13591150ba198c09a2b64e219e9,,False,,,,,
meme_013470,ukr,data/raw/ukr/1hplEn8S2zGNf1bDPbBhpVb24RauVJEYJ.jpeg,1hplEn8S2zGNf1bDPbBhpVb24RauVJEYJ.jpeg,True,1280,873,JPEG,474d890ff06ab90259064d92b8fdc915854e5e0fe89c062bfdda7903f66e68b0,,False,,,,,
meme_007229,ukr,data/raw/ukr/13qgciwoyedjPM07ld2Er7NEW9r11L5bM.jpeg,13qgciwoyedjPM07ld2Er7NEW9r11L5bM.jpeg,True,1080,717,JPEG,80d798481feed825ad428395c4aa33d3ec2ecd8931a44f7269db12086a1fa2bb,,False,,,,,
meme_010297,ukr,data/raw/ukr/1OBI4_oNUrKZXa3JGTKA9xzgUGQjlsXy7.jpeg,1OBI4_oNUrKZXa3JGTKA9xzgUGQjlsXy7.jpeg,True,1000,1000,JPEG,c04df987f0e72f6faf37f06d8485fa44f3eb2b6da2ab12c5ca2cc0c76e659336,,False,,,,,
meme_009218,ukr,data/raw/ukr/1H67wUpDqcMN4luyipxBD_RyCDzFFrlN1.jpeg,1H67wUpDqcMN4luyipxBD_RyCDzFFrlN1.jpeg,True,1152,1440,JPEG,3140bb04922dba64d354e509b068d7b820b7f6aca321fb8c294fd177e5b141d2,,False,,,,,
meme_000903,rus,data/raw/rus/181.jpg,181.jpg,True,1063,1064,JPEG,8f9e9fc7c28d979844b28111493ba738a90adc7e1554a4343f76a04f96cd164e,,False,,,,,
meme_008903,ukr,data/raw/ukr/1F0OlE3--ZuIoPFGCkkAPjOBBC1dje8Mn.jpeg,1F0OlE3--ZuIoPFGCkkAPjOBBC1dje8Mn.jpeg,True,1080,984,JPEG,75162ea042b279465765550069a048eeb317ce964867f383626f21d0d3da1512,,False,,,,,
meme_007810,ukr,data/raw/ukr/17jDLfzblcIvAZY-InXiAmrHZ46RSZ3cX.jpeg,17jDLfzblcIvAZY-InXiAmrHZ46RSZ3cX.jpeg,True,1179,720,JPEG,155c6ca23135a34b4dbddd0b2a2324e1fb10958f170d77a1c31530ad55417845,,False,,,,,
meme_015556,ukr,data/raw/ukr/1vLWhPCbk8BiKHexg_e-iQwGTy5FISq49.jpeg,1vLWhPCbk8BiKHexg_e-iQwGTy5FISq49.jpeg,True,1280,1280,JPEG,c4ddcdba8fd825a5ce769fe5f04b6552e4acaa7db0e4a0bb6eef1cb9d72db763,,False,,,,,
meme_004128,rus,data/raw/rus/4712.jpg,4712.jpg,True,960,893,JPEG,0a611fb3a0f3496bc76fecb9542f78e23de76e1b06e822adbebc7da506c692ad,,False,,,,,
meme_012215,ukr,data/raw/ukr/1_zGix86zFhfvzpKX8GRNvV5ytzfs-M9m.jpeg,1_zGix86zFhfvzpKX8GRNvV5ytzfs-M9m.jpeg,True,1212,844,JPEG,d74262a9a97ebe0169706167ec723e015ef456053706970852e63fe5d5824d99,,False,,,,,
meme_009931,ukr,data/raw/ukr/1LobEYw7cEt-uM1wex3VILL6eNqZ6Skwi.jpeg,1LobEYw7cEt-uM1wex3VILL6eNqZ6Skwi.jpeg,True,1280,716,JPEG,2bad611d187fdd7b165b4f3ab2bf758ed0b65fff6b3fb9a2900c92dee55127d5,,False,,,,,
meme_013515,ukr,data/raw/ukr/1i1Zb_aK_XxxycIP0p6L8G-5g5TvT6Dv2.jpeg,1i1Zb_aK_XxxycIP0p6L8G-5g5TvT6Dv2.jpeg,True,592,636,JPEG,d4cda0fe9ead32270f7015c033966de07c54888f01fd1710176e69f064d95eec,,False,,,,,
meme_009981,ukr,data/raw/ukr/1M8QevOtxXrZbg3bu-07w0tpn9jy92lFg.jpeg,1M8QevOtxXrZbg3bu-07w0tpn9jy92lFg.jpeg,True,1280,963,JPEG,350b76c2292edb0018b99814ca4044681fb35a78a0be9822e52b25eff5bfb1cc,,False,,,,,
meme_015317,ukr,data/raw/ukr/1txSFB1BLNUO5tJQis7WrXKO-0SWClXdb.jpeg,1txSFB1BLNUO5tJQis7WrXKO-0SWClXdb.jpeg,True,720,720,JPEG,04de1e7fbebf8d9730778d3898b11bf6ec27c0f7014f455fb2f944cbda8c15dd,,False,,,,,
meme_010743,ukr,data/raw/ukr/1RCkQ1ZYYe6ZS4SgS-yv7ooQBhgsjeY6G.png,1RCkQ1ZYYe6ZS4SgS-yv7ooQBhgsjeY6G.png,True,1270,1066,PNG,10b65bb28660578e179a7facb4f382b5a438b3b4fe336c22ac226193344511d4,,False,,,,,
meme_006052,rus,data/raw/rus/6444.jpg,6444.jpg,True,1080,734,JPEG,b58aad3caf4442cdd416e03667b8542761d167db0f4c57ce5562e62af839ad24,,False,,,,,
meme_004148,rus,data/raw/rus/4730.jpg,4730.jpg,True,1280,1054,JPEG,62bf6cc25737eee636b02f84f1cbf8f812eb8b684856b7c6a36ea52120790234,,False,,,,,
meme_000737,rus,data/raw/rus/1660.jpg,1660.jpg,True,586,474,JPEG,fd72f76e3d0aea8ff7d6c38b2562bcac1aa83bfd31c0f16a9f9ed67673710931,,False,,,,,
meme_002901,rus,data/raw/rus/3608.jpg,3608.jpg,True,750,703,JPEG,e5ec9549f5fdf2e9899b79f393e046731fbdd89c0ad6ceb1922a52bbd5ef48a2,,False,,,,,
meme_009361,ukr,data/raw/ukr/1I7IXUMd57OFRox7PSeLA-CiZwhcTACZx.jpeg,1I7IXUMd57OFRox7PSeLA-CiZwhcTACZx.jpeg,True,1031,1080,JPEG,6289bf4840276e027cfc03d857dc2acf0921db874ee52131eedbd91d83fc1bcb,,False,,,,,
meme_002128,rus,data/raw/rus/2912.jpg,2912.jpg,True,668,1080,JPEG,a42e1b114b740300ea5201c8ba34d340864698d47d5ff0f3f732d68c35c88832,,False,,,,,
meme_012814,ukr,data/raw/ukr/1dh_J7IeZb1ptJP2B8QvJ3cPIZmbZ7lkr.jpeg,1dh_J7IeZb1ptJP2B8QvJ3cPIZmbZ7lkr.jpeg,True,400,300,JPEG,45a29d794b94e35e779393501a54c029ccb3f1775d2b14f7e1f03c3957f65dda,,False,,,,,
meme_007862,ukr,data/raw/ukr/180AHAjY1qn-aEcnbP6lq4NL1tpYsNiuA.jpeg,180AHAjY1qn-aEcnbP6lq4NL1tpYsNiuA.jpeg,True,700,700,JPEG,cdfb312c8b483061bb4f4669e4ce6355ed5aa7ff205a137b11f35c7c2af2259d,,False,,,,,
meme_004101,rus,data/raw/rus/4689.jpg,4689.jpg,True,1184,879,JPEG,5d147acd1b1439107c6f7f2970a2e64698be612066ce6e17b67eab74d0af39a0,,False,,,,,
meme_000567,rus,data/raw/rus/1507.jpg,1507.jpg,True,604,575,JPEG,3e250b34bae00405479e60cd854b1756ac352a8522c7cb86d38679574c06ae9e,,False,,,,,
meme_006429,rus,data/raw/rus/928.jpg,928.jpg,True,654,800,JPEG,78835b2e2916e4f5fabba663342ac4d308241931f432a3cbae619829e8c24ea5,,False,,,,,
meme_004537,rus,data/raw/rus/5080.jpg,5080.jpg,True,943,1263,JPEG,7c9dde2d24f3b4e3f1cec502c086e2f21de01edbc884629668ca154c3a2bc7b8,,False,,,,,
meme_004626,rus,data/raw/rus/5160.jpg,5160.jpg,True,549,599,JPEG,014e9eb4466418d9486b9467e74b099b780742995064b92c1f8a039f512a8049,,False,,,,,
meme_005704,rus,data/raw/rus/6130.jpg,6130.jpg,True,670,704,JPEG,c590875abc7a58a1de66af97a52a2ad37d353325355ece761c5e109b13723c7c,,False,,,,,
meme_004405,rus,data/raw/rus/4962.jpg,4962.jpg,True,604,604,JPEG,fe59349ff8a3632124816dca9ae87803ef4cfc134afff7f87fba42e3db83c79f,,False,,,,,
meme_002389,rus,data/raw/rus/3147.jpg,3147.jpg,True,640,543,JPEG,59d187bafbbf2750f4c85486cdbe19de92b648e7f4c75d725e51fa19229679fa,,False,,,,,
meme_011170,ukr,data/raw/ukr/1U6wMXVD2DYzwV0QgAyBdZqvHE2-YpUef.jpeg,1U6wMXVD2DYzwV0QgAyBdZqvHE2-YpUef.jpeg,True,1107,698,JPEG,9567e71f4490deceae6b5a5ab84512021a7ba9f456019dea229700b739fab75e,,False,,,,,
meme_000197,rus,data/raw/rus/1174.jpg,1174.jpg,True,644,800,JPEG,ac089dba6c0e0280541ca09ee69c2b667714c56486338969f47d5deaff08d582,,False,,,,,
meme_002345,rus,data/raw/rus/3107.jpg,3107.jpg,True,797,1028,JPEG,4765bccb944761dfd41dc819870df46ba73d8130c4c768257edf98d0cd7ca70d,,False,,,,,
meme_012630,ukr,data/raw/ukr/1c_o1pf-yhwok-2XaIcFiE-a9gHq-iNbm.jpeg,1c_o1pf-yhwok-2XaIcFiE-a9gHq-iNbm.jpeg,True,1280,1170,JPEG,5af0e870451220b68e9b487e72501088f60db12c9e9aaa7d6be25ef064b77fe6,,False,,,,,
meme_013652,ukr,data/raw/ukr/1j0M6WIMZTwETNj3_LE1L1GHWIiJ2R1iv.jpeg,1j0M6WIMZTwETNj3_LE1L1GHWIiJ2R1iv.jpeg,True,833,900,JPEG,09a044e8b83260ca9a889dc362a7b2a24f46c5b775bc0d39739ed43fec8ba89b,,False,,,,,
meme_015153,ukr,data/raw/ukr/1skZwded4ttNq2VVnWfHU7rfhxkl7XktA.jpeg,1skZwded4ttNq2VVnWfHU7rfhxkl7XktA.jpeg,True,600,768,JPEG,7bbb2e1bad66ccbfe4bbfe35ef9a338cd8d6011a49c2b56b731846fd2609f546,,False,,,,,
meme_008725,ukr,data/raw/ukr/1DthIxq2KNma3KqEzUSMLxZGUv-svfCwm.jpeg,1DthIxq2KNma3KqEzUSMLxZGUv-svfCwm.jpeg,True,1080,1350,JPEG,76d45db7d29bae3c42203b367472f29bd301d03706e2d33de2f7421605c295d0,,False,,,,,
meme_009629,ukr,data/raw/ukr/1JtTljs_OKlUkVHR9uadmySrZ2VjdJJAS.jpeg,1JtTljs_OKlUkVHR9uadmySrZ2VjdJJAS.jpeg,True,1080,1080,JPEG,0eda6775b6049989785af398b2c9534febc42c676ca93116040c55aa7acf8992,,False,,,,,
meme_011335,ukr,data/raw/ukr/1VDLWzjb4Egwo1-lQ7JpUi08Tp6DycSMq.jpeg,1VDLWzjb4Egwo1-lQ7JpUi08Tp6DycSMq.jpeg,True,977,1200,JPEG,1cb23514ae598d5fecd147edd4853349e6eb822037d3932b5d5ac0b7c12b2c1f,,False,,,,,
meme_013087,ukr,data/raw/ukr/1fUI4ZIS1I0qDfKggKAMeZJDxcpecqa4Q.jpeg,1fUI4ZIS1I0qDfKggKAMeZJDxcpecqa4Q.jpeg,True,1280,1280,JPEG,6e018c3f2efa713bc4cdcc36825b81d211c344d487e9b13d1951f6ea9a2cba4e,,False,,,,,
meme_010215,ukr,data/raw/ukr/1NZM8ADGnSPIFyxm1trTWe-kUIw7Kh5Fx.jpeg,1NZM8ADGnSPIFyxm1trTWe-kUIw7Kh5Fx.jpeg,True,1280,1240,JPEG,56a1ddb12adecf9ccd95d59588dd7c29d52897479078409dc2f507dcf35c8523,,False,,,,,
meme_010724,ukr,data/raw/ukr/1R3BbAN-fwUU-e-3ge7pt_kEjbsvX4nxF.jpeg,1R3BbAN-fwUU-e-3ge7pt_kEjbsvX4nxF.jpeg,True,594,486,JPEG,0b06409298dc2c8bfbc2fa703a7a2226c26303571fc8cf4c008803049f30e252,,False,,,,,
meme_000477,rus,data/raw/rus/1426.jpg,1426.jpg,True,960,641,JPEG,e74004edf0385a350ba5456bff1fb5e95d800e23472d2f79b291d1ca5102f9f9,,False,,,,,
meme_006974,ukr,data/raw/ukr/12Ka9iC45scuUHIAWXa8Z_UGuW5idLj3r.jpeg,12Ka9iC45scuUHIAWXa8Z_UGuW5idLj3r.jpeg,True,1280,853,JPEG,0c8ba265c2075fe82bdd1705c0edd20121271587e436561bcf447ea2d5601db1,,False,,,,,
meme_005563,rus,data/raw/rus/6003.jpg,6003.jpg,True,584,440,JPEG,a62c00935cefb891dad1466702a90d787536a0a185718c36f714848cea67fa67,,False,,,,,
meme_000734,rus,data/raw/rus/1658.jpg,1658.jpg,True,604,554,JPEG,ddffd7d50ffa3f36d4ce54432c33e94e73ee384a0ba5cd8dfa55a8068722e0b0,,False,,,,,
meme_007954,ukr,data/raw/ukr/18_2ScmoxDzNr8t02-uqapulmMlZDczOJ.jpeg,18_2ScmoxDzNr8t02-uqapulmMlZDczOJ.jpeg,True,800,1200,JPEG,1e8806ba9473e81bede31e950d3fde6dc2f0d461bd2070153ba0398f448a80e9,,False,,,,,
meme_008485,ukr,data/raw/ukr/1CEBiMSSwhzwfU-VsW4pSxPeKTAoOqzi5.jpeg,1CEBiMSSwhzwfU-VsW4pSxPeKTAoOqzi5.jpeg,True,896,1280,JPEG,3c48b6bf5a35d1b877bffd1fc3d8fe4ebd33ce0405d8c688a75684ab522a7549,,False,,,,,
meme_001490,rus,data/raw/rus/2338.jpg,2338.jpg,True,640,960,JPEG,1897a9c7561791d092f4f4f02ec39d74849ef6006812644359763f744b589787,,False,,,,,
meme_012615,ukr,data/raw/ukr/1cRmMwsD1jtSINoq2OZfgIopPKY7vipvJ.jpeg,1cRmMwsD1jtSINoq2OZfgIopPKY7vipvJ.jpeg,True,356,572,JPEG,6f2d2b4dc3cd25788d1c601b7f1c29a0f577ef874cb0f160bc9cd42f2e8b412a,,False,,,,,
meme_007700,ukr,data/raw/ukr/16zUaeNDEZwwmyY4LY2l6UJcymRLwgqBv.jpeg,16zUaeNDEZwwmyY4LY2l6UJcymRLwgqBv.jpeg,True,750,467,JPEG,18f9c1fabdf3c84df3408cf42749e4c81e9e6cb6e234441b9f2befedbe87d78a,,False,,,,,
meme_012683,ukr,data/raw/ukr/1ctXnnMATz2G0KmhyVDLR9zn8w2oORfy4.jpeg,1ctXnnMATz2G0KmhyVDLR9zn8w2oORfy4.jpeg,True,657,1280,JPEG,58398b22238dc5493d3ad0b6066333ee7dbf8269bb788b8619108c3821fc7510,,False,,,,,
meme_004468,rus,data/raw/rus/5018.jpg,5018.jpg,True,476,337,JPEG,ad99c08b52ec2381e4d2638aa13e090cb6287512de3cc08ad8cece4729fa63fa,,False,,,,,
meme_015015,ukr,data/raw/ukr/1rseodyZXH03x1bMmhDFScP_7wtRr-hfD.jpeg,1rseodyZXH03x1bMmhDFScP_7wtRr-hfD.jpeg,True,865,1015,JPEG,6081f36d4db5c6f413868b7ea272feabd19ba3bad304bca88e1a72c0a046fef4,,False,,,,,
meme_005557,rus,data/raw/rus/6.jpg,6.jpg,True,700,646,JPEG,bc7223a71809a319435936051609ae56d297d2f14ebe7db8d63da2f8f13e6a19,,False,,,,,
meme_003602,rus,data/raw/rus/4239.jpg,4239.jpg,True,596,755,JPEG,d03ce2893d06fff1e101b5bae102b6bfeff2b9ec741bb3cb22c5777028877852,,False,,,,,
meme_002100,rus,data/raw/rus/2888.jpg,2888.jpg,True,800,800,JPEG,e61a567e01d2b5e818e393fb3510dd109348dedf9b0abfd09db2187179b3979b,,False,,,,,
meme_008460,ukr,data/raw/ukr/1C6ZRrglm2C0UxxluklvOcH8qCb69xnLg.jpeg,1C6ZRrglm2C0UxxluklvOcH8qCb69xnLg.jpeg,True,906,597,JPEG,60569a34e4324225a775990b21970cebccac663eaf725e3082cb4d398e46f831,,False,,,,,
meme_003820,rus,data/raw/rus/4435.jpg,4435.jpg,True,1065,1280,JPEG,5db4ac92df75e73161464febb6a9244745541ecd2eecadcc1ee95618bf391624,,False,,,,,
meme_009865,ukr,data/raw/ukr/1LNX-l4DmgnyY2MVX8l4ZHtg8tl85XS_w.jpeg,1LNX-l4DmgnyY2MVX8l4ZHtg8tl85XS_w.jpeg,True,1280,1136,JPEG,47daa8099f50d49b97e156517fc451ac54c776d159b2ae510648e57d69840374,,False,,,,,
meme_006492,rus,data/raw/rus/985.jpg,985.jpg,True,996,1280,JPEG,45f2de3cc43949c8d9db4e4f3abdd5501c70d76018af769893f0be4bf2a18ece,,False,,,,,
meme_012526,ukr,data/raw/ukr/1bvWxq7QvKTScKKKM4T3UiOH4xMZNoe-X.jpeg,1bvWxq7QvKTScKKKM4T3UiOH4xMZNoe-X.jpeg,True,1050,750,JPEG,cd952eda7a242707f8bd982f5e0d228cf37401c456996355238ed40789aa7903,,False,,,,,
meme_004163,rus,data/raw/rus/4744.jpg,4744.jpg,True,595,800,JPEG,6e7dff03a2783cc783b0e0bb3d6d2a5ca534d3ecc27d0a4422dc1027b74bf86e,,False,,,,,
meme_014216,ukr,data/raw/ukr/1mfZ4F3dxMBqOmsVXSVKBU4qkzkT1Mkyx.jpeg,1mfZ4F3dxMBqOmsVXSVKBU4qkzkT1Mkyx.jpeg,True,904,1280,JPEG,761ff23064b9daaa22ce9e0828d70a43919cfe5bf8715970ed53ab8b8954f0ed,,False,,,,,
meme_015309,ukr,data/raw/ukr/1tqXWvRl2SWPreWgQ64UV6HfGRcQsjQO-.jpeg,1tqXWvRl2SWPreWgQ64UV6HfGRcQsjQO-.jpeg,True,1280,720,JPEG,e35daf7f5d199f6d25e5ca0449c61fd5c8d1554791df84773ad93125689cb6e8,,False,,,,,
meme_004689,rus,data/raw/rus/5217.jpg,5217.jpg,True,604,557,JPEG,92206f6cacfbad0909b60eb480a79f7d6d388781f31009e669804c060c1c0d28,,False,,,,,
meme_003270,rus,data/raw/rus/3940.jpg,3940.jpg,True,720,800,JPEG,b3df901b23b6bd4b8fe1d79a43a6517b1b706f07dea3c4667b833628ffb7302f,,False,,,,,
meme_015515,ukr,data/raw/ukr/1v3wLKobectlsHe18ITPMM73u-lN3RQIJ.jpeg,1v3wLKobectlsHe18ITPMM73u-lN3RQIJ.jpeg,True,1280,851,JPEG,0df84ee73a5cfe8e39e0cc7f9a1af44eda5b2f8f7b96e61b136bc9889de9511c,,False,,,,,
meme_003805,rus,data/raw/rus/4421.jpg,4421.jpg,True,420,565,JPEG,965550cd9fd989c6bbaa2c77814c704069ca24eba1214df7c5888ccdc32c8e26,,False,,,,,
meme_010305,ukr,data/raw/ukr/1OHBS-PdG1CV6JfpP_qcWKruqcpUREaRN.jpeg,1OHBS-PdG1CV6JfpP_qcWKruqcpUREaRN.jpeg,True,720,918,JPEG,5a831c3ed5ece7ec3413dab9e210c57412b86c57e90e965e99645ce46fa0f538,,False,,,,,
meme_013371,ukr,data/raw/ukr/1h97aGMB4XhR49B6lF32ZFMeNmZImNr_j.jpeg,1h97aGMB4XhR49B6lF32ZFMeNmZImNr_j.jpeg,True,958,851,JPEG,535af34549c62eb8a20f48df9f61f826b7ed2c2011ad77245bad55df4c8c6377,,False,,,,,
meme_000908,rus,data/raw/rus/1814.jpg,1814.jpg,True,800,693,JPEG,7efcb7d3bb71a260cdef78a14c4635b13c955ab1fe44217d5b38a51de1a7120d,,False,,,,,
meme_000128,rus,data/raw/rus/1111.jpg,1111.jpg,True,530,800,JPEG,7ae13f11d05530fd77247df85dcefb10f570973593689c6ff23a8cdb9d3e501a,,False,,,,,
meme_015636,ukr,data/raw/ukr/1vtU1gF3aoemj7GplnF02e8Al2x6BjQcc.jpeg,1vtU1gF3aoemj7GplnF02e8Al2x6BjQcc.jpeg,True,750,564,JPEG,4ab1f790252a24939ed5e804f5f5eb5e09992c593b31d17fc8899cf7b9276b90,,False,,,,,
meme_011603,ukr,data/raw/ukr/1WtsqskkeJHT5RwqXCNduNlCQp1aGiGLV.jpeg,1WtsqskkeJHT5RwqXCNduNlCQp1aGiGLV.jpeg,True,1280,1280,JPEG,f4c8e194d043a9f1384e28997b76e30c0c703a0161a7d50efd623c6a9b245598,,False,,,,,
meme_015979,ukr,data/raw/ukr/1yC-gU5ky_LK154DDxGo3UX3WmSOm9sqf.jpeg,1yC-gU5ky_LK154DDxGo3UX3WmSOm9sqf.jpeg,True,1280,931,JPEG,e0f6bfd7ba39bb6ce64105a3bfd605c0452f9ac201a09410140ff8dc82acce6e,,False,,,,,
meme_009876,ukr,data/raw/ukr/1LSH0gHSwDfrHN52NCEfAl21HSkndhc0R.jpeg,1LSH0gHSwDfrHN52NCEfAl21HSkndhc0R.jpeg,True,1280,719,JPEG,1f7ecc70e364a85d0407f1fde155e26a94158fd6341a8b8531e9462e54c974a8,,False,,,,,
meme_007890,ukr,data/raw/ukr/18BaZhQz4JJJ-5Wd1dBL3Ozna2zlMtJ5W.jpeg,18BaZhQz4JJJ-5Wd1dBL3Ozna2zlMtJ5W.jpeg,True,480,649,JPEG,d6a42b5b62426eaa0d082d0562f153c2636b0b3b53222817b63d5292c32864c2,,False,,,,,
meme_011104,ukr,data/raw/ukr/1Tds1bmHbtcsliAN8Hwbj6Js0r1SO3JCl.png,1Tds1bmHbtcsliAN8Hwbj6Js0r1SO3JCl.png,True,720,848,PNG,753dc778945570a7d2ceefcc111d7f2d0f36acaf8042a35eabf3783e628c9da4,,False,,,,,
meme_000100,rus,data/raw/rus/1087.jpg,1087.jpg,True,601,452,JPEG,22de16dd454a52da3c44032a20f8ddc1df2fde1d5db41d2f96774a0095095e62,,False,,,,,
meme_002352,rus,data/raw/rus/3113.jpg,3113.jpg,True,1242,1246,JPEG,be6325274d00b07e93d0725491504529a3d5ba2bd41007a4445f407fcceb7296,,False,,,,,
meme_009431,ukr,data/raw/ukr/1IXLAwDxb6FsM60A4IOce3wMLx3XlrFAu.jpeg,1IXLAwDxb6FsM60A4IOce3wMLx3XlrFAu.jpeg,True,519,570,JPEG,d363bba446860ea3ffe76a90850d058960c51e33c38cb929534640febe702fec,,False,,,,,
meme_013379,ukr,data/raw/ukr/1hCQdU4xVVw7D8OhgElj9EemBI4kuQpvS.jpeg,1hCQdU4xVVw7D8OhgElj9EemBI4kuQpvS.jpeg,True,1080,1080,JPEG,3571cc549e71db5dd08747c691828a585b680d64aa59c3aba4ac552db9f8f651,,False,,,,,
meme_015706,ukr,data/raw/ukr/1wOVLV9Wz2NY7x_ldZHBWuxgUiFSn5qmK.jpeg,1wOVLV9Wz2NY7x_ldZHBWuxgUiFSn5qmK.jpeg,True,1024,1149,JPEG,a67e46171fb9187ba4cf129f8104489dfa0ce9c715e48ff089c0f4667a170436,,False,,,,,
meme_005501,rus,data/raw/rus/5949.jpg,5949.jpg,True,1080,1127,JPEG,ef2361cfc90bbfe0675f65c40081a053e7523b049ec5dc43f32ccccaac1292e8,,False,,,,,
meme_001120,rus,data/raw/rus/2004.jpg,2004.jpg,True,1031,1280,JPEG,2bdce0c4375ca804f8686d550260d20579339879da465e4a574616b76eeca0a0,,False,,,,,
meme_007898,ukr,data/raw/ukr/18EHShcg343GK866DEfQQH3s3s37mMOBi.jpeg,18EHShcg343GK866DEfQQH3s3s37mMOBi.jpeg,True,1280,1070,JPEG,49ef13e5b8a21e0cc07c364b1b0c40fe113b82f5c633dc4902875bc5bc74389d,,False,,,,,
meme_014354,ukr,data/raw/ukr/1naNdTZW_3dz4ybnS5-YksWFpoCCaPxZ1.jpeg,1naNdTZW_3dz4ybnS5-YksWFpoCCaPxZ1.jpeg,True,980,1280,JPEG,f34e5002ec1516f699b4eaeb25de033259ab4038a71dd06d025fba625053b636,,False,,,,,
meme_010072,ukr,data/raw/ukr/1Ml_vxvg8ndAOLfSNQ3YTkrrYbYVXIoBY.jpeg,1Ml_vxvg8ndAOLfSNQ3YTkrrYbYVXIoBY.jpeg,True,1280,965,JPEG,dc8ee52f89299ee15a42cb1b98350dcaa76b9d951161cc6fb2a6870149832709,,False,,,,,
meme_008311,ukr,data/raw/ukr/1B7fRbAZLU5mafXDob-uCXGOAmRv0mQXd.jpeg,1B7fRbAZLU5mafXDob-uCXGOAmRv0mQXd.jpeg,True,480,389,JPEG,f9d0788cf0460aea885ff24d75930ffc6a562ef0f2dad772ba0fcb5a9bd5e020,,False,,,,,
meme_001963,rus,data/raw/rus/2764.jpg,2764.jpg,True,1112,516,JPEG,8aae298c64529470db82afc8e2783df5db9b7eeea6e5bb41b6dfd6d0c5e73472,,False,,,,,
meme_007657,ukr,data/raw/ukr/16h7B1RmkHCByNISifUzfui2fTdHLOVor.jpeg,16h7B1RmkHCByNISifUzfui2fTdHLOVor.jpeg,True,690,387,JPEG,aa6ee54a77ee2f45ddccd525eb1943fe87a394e70da9ba15d90de8905a72bcba,,False,,,,,
meme_007406,ukr,data/raw/ukr/154CyjtPoZ3c0bmaq8KqjCsHn1rHjgPxj.png,154CyjtPoZ3c0bmaq8KqjCsHn1rHjgPxj.png,True,750,527,PNG,e694acdd6cd2606c5d4a9557a0b1b82ac5fa5191ac6536bfda16b4a0e43fb8d6,,False,,,,,
meme_005383,rus,data/raw/rus/5842.jpg,5842.jpg,True,1280,930,JPEG,bc327ea6c645706de889d57794a440f5d03a3a7fb8de2e4cc2f4eb5cc9433288,,False,,,,,
meme_012055,ukr,data/raw/ukr/1Zq37GG_kZ3zhmkGZnpT_detc-tVZH_Aq.jpeg,1Zq37GG_kZ3zhmkGZnpT_detc-tVZH_Aq.jpeg,True,1002,1280,JPEG,2ae31c93c406d222f52ac337b988297bc9614e08fe62ccf42bf286040d4bb29e,,False,,,,,
meme_004275,rus,data/raw/rus/4845.jpg,4845.jpg,True,596,585,JPEG,f3fd242010baeae9a8c601faefc9759cd360cc5a6f99f24b5c9a392ca23360ea,,False,,,,,
meme_009925,ukr,data/raw/ukr/1LnYUpdpIKXyxWTWVjndbOCUqOCUYQyDy.jpeg,1LnYUpdpIKXyxWTWVjndbOCUqOCUYQyDy.jpeg,True,720,454,JPEG,7c50c9ce3fe6fc650a603271218ec7de99ae6965fa376301781c806d3b50ccc9,,False,,,,,
meme_004768,rus,data/raw/rus/5289.jpg,5289.jpg,True,595,960,JPEG,78dd37dc801a10558f7fd06d6061536a9e7446fcef111ea6cfff405624b823fe,,False,,,,,
meme_016078,ukr,data/raw/ukr/1ytZVUjj8HMDlaiv7YuRF29TtD7GVj19C.jpeg,1ytZVUjj8HMDlaiv7YuRF29TtD7GVj19C.jpeg,True,720,725,JPEG,56448a805d2d12934554f7b24cdf76e9bd0124d1f6029c6ce0bf48ef0a33f2fb,,False,,,,,
meme_005889,rus,data/raw/rus/6298.jpg,6298.jpg,True,910,1193,JPEG,6f33cb93471da161e6d8f482450262a4000d772c95d005370b042bd087db9b51,,False,,,,,
meme_009831,ukr,data/raw/ukr/1LCASsD-LdMSiOLFBdBB0W7ugV3siayi8.jpeg,1LCASsD-LdMSiOLFBdBB0W7ugV3siayi8.jpeg,True,520,640,JPEG,a5e38c676d16eac62a120c0a49409c2449699e7bb4e22e4dfdf670b4e239d911,,False,,,,,
meme_013152,ukr,data/raw/ukr/1fnIGheohl54np0GjLqoZBXim44S1y4FI.jpeg,1fnIGheohl54np0GjLqoZBXim44S1y4FI.jpeg,True,763,767,JPEG,377665950e0604f4b2849124d341b2c60fe26b22e4a21b87410fe734d99a324b,,False,,,,,
meme_000252,rus,data/raw/rus/1223.jpg,1223.jpg,True,1100,1100,JPEG,eb8a43564bcb6231c87714cc5630590df589626a6d4d04ae86b9a7621fa8ddc3,,False,,,,,
meme_013180,ukr,data/raw/ukr/1fupce5PL9F_emtaCFAkelxiYsHaWgAHD.jpeg,1fupce5PL9F_emtaCFAkelxiYsHaWgAHD.jpeg,True,1190,1280,JPEG,e8b8fa6cf2d6865fa08d14cacdb76aee84456f014c253ee88cdfad073aeb7001,,False,,,,,
meme_006084,rus,data/raw/rus/6473.jpg,6473.jpg,True,400,529,JPEG,db3f3233dbdb58bea900f9eb3e15829545ffbff41eb3549f48c046e2ec562578,,False,,,,,
meme_014532,ukr,data/raw/ukr/1olkBj1qf-kX4FoII0NwzOP_3eUSOjRMa.jpeg,1olkBj1qf-kX4FoII0NwzOP_3eUSOjRMa.jpeg,True,1040,1207,JPEG,43dd1f9190af9ee8094ae6c0c73d03df54bc9904d5b41007b03b878472d86d04,,False,,,,,
meme_011502,ukr,data/raw/ukr/1WBV5Lks8y6PkKavQdpJuIGNYL4VIjfek.jpeg,1WBV5Lks8y6PkKavQdpJuIGNYL4VIjfek.jpeg,True,691,671,JPEG,03492934335451295313f99c8bcdc8df9ebd467a1674dbc9267090a7f6f5e4b7,,False,,,,,
meme_014767,ukr,data/raw/ukr/1qPvNOiTNZPh-NBdUrqBd3sLQYP5ShAFu.jpeg,1qPvNOiTNZPh-NBdUrqBd3sLQYP5ShAFu.jpeg,True,500,500,JPEG,79967f60f0ae4bce65bb873bee32b0b4017c9c7d92cda74ee32c7d9839e8d496,,False,,,,,
meme_012073,ukr,data/raw/ukr/1_0a9kHhvC9_Qjw5pG4qdQ5pu-DrFOF5S.jpeg,1_0a9kHhvC9_Qjw5pG4qdQ5pu-DrFOF5S.jpeg,True,810,1122,JPEG,a43bf8ee4d8c90efe099ed2d86c854ebd86963fac5f1757b6c76441421ca55d1,,False,,,,,
meme_001035,rus,data/raw/rus/1929.jpg,1929.jpg,True,550,356,JPEG,ae2e3948a2f33f899155188882ada5dbf68cc21ac55044e8fe8ed99c53a0657f,,False,,,,,
meme_001699,rus,data/raw/rus/2526.jpg,2526.jpg,True,1280,1280,JPEG,cafd2f77a90c29ebe28aacce99e7379cd854215ac130e2d90a30cf33fd4f199e,,False,,,,,
meme_005853,rus,data/raw/rus/6265.jpg,6265.jpg,True,766,800,JPEG,8103c03ede8bb82e5db96aeb984ccafb62118ea5a8a5497d7e8d0a1d015aebcd,,False,,,,,
meme_010265,ukr,data/raw/ukr/1NvyVHY2tpwhePPpZmznmjbgqT1uRr6IV.jpeg,1NvyVHY2tpwhePPpZmznmjbgqT1uRr6IV.jpeg,True,1017,867,JPEG,4ebe993bcb61b54c05ca33092660453be474304ea6053c9f79250e70f0c39825,,False,,,,,
meme_008142,ukr,data/raw/ukr/1A1YASyeUAug7sryBDJGUPtHZyGzUVupE.jpeg,1A1YASyeUAug7sryBDJGUPtHZyGzUVupE.jpeg,True,973,720,JPEG,94c19d87c2414eb65f492f3db2bb83e84e7d01f777580edeeb4f004cecee14a9,,False,,,,,
meme_014871,ukr,data/raw/ukr/1r6XGyhEFIOGn808F9iz2XPh7chJ9FGbI.jpeg,1r6XGyhEFIOGn808F9iz2XPh7chJ9FGbI.jpeg,True,594,688,JPEG,54a87048d1a81b8f8c3e0c25428daf72cce9f363c1b083532c91817015b4e6fd,,False,,,,,
meme_001311,rus,data/raw/rus/2177.jpg,2177.jpg,True,612,726,JPEG,a9d079c1dcfda7cba3582dd8f24972e39366e536ce51cceb0b7d71f836ffc415,,False,,,,,
meme_004703,rus,data/raw/rus/523.jpg,523.jpg,True,720,720,JPEG,30acc098e76c6bb4fa26cc7aab837f7b704de85ed10a7c7e6a494f8f76816ee9,,False,,,,,
meme_003754,rus,data/raw/rus/4376.jpg,4376.jpg,True,964,1280,JPEG,82b156cd39592a9de681e5ccf95ee22a17c836a52f3708609dc60cd2d9f48a41,,False,,,,,
meme_000721,rus,data/raw/rus/1646.jpg,1646.jpg,True,750,514,JPEG,c763f649dd4e4dff6245d9c5dbeb339ebc9189b532136be69f3f671943a2791d,,False,,,,,
meme_011451,ukr,data/raw/ukr/1Vu2I8FqeJR33SBMQPHletyPbiY2_CR1B.jpeg,1Vu2I8FqeJR33SBMQPHletyPbiY2_CR1B.jpeg,True,556,325,JPEG,03dc85caed2a1e357c5c04104f3376698ea32ff8ef466c99b2206beaab010c31,,False,,,,,
meme_008360,ukr,data/raw/ukr/1BRs0xS2V5eGc3V0h8bi6UBwiJ_Feo5Sh.jpeg,1BRs0xS2V5eGc3V0h8bi6UBwiJ_Feo5Sh.jpeg,True,900,550,JPEG,af31a706bf4c321e4c2e7cf5efb8b48791ff5ddf2bb063055c84353d77a394b8,,False,,,,,
meme_011065,ukr,data/raw/ukr/1TQry9JHOW-c18Gc717xubVRFnkjIrkiJ.jpeg,1TQry9JHOW-c18Gc717xubVRFnkjIrkiJ.jpeg,True,605,500,JPEG,1b5f4ae6c221b100485c32b36379b6176efd8ea0864709a7ed535ed69b84f90f,,False,,,,,
meme_008365,ukr,data/raw/ukr/1BStDuuOmJYiAjGDs8EDSx9fczCGl5hKK.jpeg,1BStDuuOmJYiAjGDs8EDSx9fczCGl5hKK.jpeg,True,1601,2047,JPEG,bec47a1c71ee34bcc0adaa3c1b5df6f7434076d9314b3d759d4166dfd002dcb0,,False,,,,,
meme_002677,rus,data/raw/rus/3406.jpg,3406.jpg,True,800,778,JPEG,e17aeaa46db9274ab5121710a85c3acbec600d5e628c33ea1418fe45907f7d7f,,False,,,,,
meme_011975,ukr,data/raw/ukr/1ZJaSTm7Do0-7ljqyyKuqgakD3T6mEQBz.jpeg,1ZJaSTm7Do0-7ljqyyKuqgakD3T6mEQBz.jpeg,True,456,350,JPEG,22ca1a3ca0d5572aadd1740c70429ed5f7bc8cc71d644194ab57c1f1dd3ded53,,False,,,,,
meme_003155,rus,data/raw/rus/3837.jpg,3837.jpg,True,645,800,JPEG,a4e5ebbd63bb3fd50c9d20af1ebb32d69218884df1f1bd003ba882de8441126d,,False,,,,,
meme_006058,rus,data/raw/rus/645.jpg,645.jpg,True,526,394,JPEG,008864ac805d137fb13a6916026eadf7a99f323a460ac8c9bc4499f7c96be0ad,,False,,,,,
meme_008094,ukr,data/raw/ukr/19iJMx-jeRbMBOf1WIIz1QquOqx1lXdVj.jpeg,19iJMx-jeRbMBOf1WIIz1QquOqx1lXdVj.jpeg,True,952,960,JPEG,e6744450c667c4c2ecd95bb89b45e5bd5f4942b0b67766839247e12500c26ef5,,False,,,,,
meme_002316,rus,data/raw/rus/3081.jpg,3081.jpg,True,736,736,JPEG,7570c2ace10a510c0f087dc6ec57691a76eb04d46322229262cc4d490a5d047f,,False,,,,,
meme_004919,rus,data/raw/rus/5424.jpg,5424.jpg,True,653,829,JPEG,55a17981eaa6c0b7f237559349f30037356a38ba4ae0124448cdf936f15901e5,,False,,,,,
meme_000796,rus,data/raw/rus/1713.jpg,1713.jpg,True,705,1080,JPEG,b43dff456b3bcab89a78ae7c281817d76c64a35f48447e85a40b473abecba89f,,False,,,,,
meme_011652,ukr,data/raw/ukr/1XDgQeCPjg_kDjQMoaxwZH09yEkQshoEL.jpeg,1XDgQeCPjg_kDjQMoaxwZH09yEkQshoEL.jpeg,True,739,582,JPEG,efb32e0658849e9e4bd9ae9005a14049851b1084b07128c875d60f95c6d42510,,False,,,,,
meme_012376,ukr,data/raw/ukr/1b1HSFAGQtJZZTeCtP2CTBOlh-cmu-Fy4.jpeg,1b1HSFAGQtJZZTeCtP2CTBOlh-cmu-Fy4.jpeg,True,1109,1153,JPEG,20bd7aae4e4650726a4f58b221324b44d1807914027cf3b5825cc0c4ec5e652c,,False,,,,,
meme_013144,ukr,data/raw/ukr/1flFJG-byTq9L2EAh1uurgwJ90wDPmIPV.jpeg,1flFJG-byTq9L2EAh1uurgwJ90wDPmIPV.jpeg,True,1280,833,JPEG,c98416ccc9ef9fc2ee6337bc307d48097f424ce4a0c9cf0e9254c7467ee917d1,,False,,,,,
meme_013422,ukr,data/raw/ukr/1hUhlhClPwprJFx0xKxu_1P71VxLDBFLE.jpeg,1hUhlhClPwprJFx0xKxu_1P71VxLDBFLE.jpeg,True,863,1280,JPEG,1f5d02097dae1a10d864309eba18d8e95f904b5802077cfebaba2c249ff7ef04,,False,,,,,
meme_002146,rus,data/raw/rus/2929.jpg,2929.jpg,True,720,800,JPEG,664a68988315342adaae3b249171c0b20bb7e23887101421943981a0bac8e8f6,,False,,,,,
meme_006260,rus,data/raw/rus/776.jpg,776.jpg,True,604,441,JPEG,a3943288b751406f522472778bd729da61d559f711fe99770a3fd81f2d7a2f47,,False,,,,,
meme_016169,ukr,data/raw/ukr/1z_RObi8FD3jNvRpP1iWNZj9VJu5Dke-O.jpeg,1z_RObi8FD3jNvRpP1iWNZj9VJu5Dke-O.jpeg,True,480,325,JPEG,eaa713036c339ff9e8807d04c4cdd83612d07c31fa6f9b96f1f41afe449f0cac,,False,,,,,
meme_015813,ukr,data/raw/ukr/1x9WD1dUgKMmHuBX2JpJuwJQ5UNjfEzD9.jpeg,1x9WD1dUgKMmHuBX2JpJuwJQ5UNjfEzD9.jpeg,True,906,557,JPEG,99b49ae4c5303ebec6993b523a91e8a734642f91cefa1c360c25554d8664404d,,False,,,,,
meme_002933,rus,data/raw/rus/3637.jpg,3637.jpg,True,640,703,JPEG,27171a3f40ffb1fb06a2d4449f4464f478f3c72b9e4624400960eeec268e2f7a,,False,,,,,
meme_010649,ukr,data/raw/ukr/1QYTRemalwStoFCVph6a9BEA2UaoeHnCu.jpeg,1QYTRemalwStoFCVph6a9BEA2UaoeHnCu.jpeg,True,1280,1253,JPEG,d5e8c631ed3f8311f9a9c20a574ec5c53c6958d3a70c3009ce174d593ccad43f,,False,,,,,
meme_005047,rus,data/raw/rus/554.jpg,554.jpg,True,606,415,JPEG,feb785b975c247d43a57a46240c25f0ecdc059b56f0cc66bfe57790eb774c28b,,False,,,,,
meme_006000,rus,data/raw/rus/6398.jpg,6398.jpg,True,1259,1280,JPEG,b6e2aead38d806f87d157248c3332a2b8a3eb10ae6de643a3611c4b51da7ec33,,False,,,,,
meme_009237,ukr,data/raw/ukr/1HBs7QghBROxZFaSV-OzpqSzFMo6bpSnI.jpeg,1HBs7QghBROxZFaSV-OzpqSzFMo6bpSnI.jpeg,True,633,1153,JPEG,e02f47736d1c8e7e167a76061e2899351c3ef9fd753f5e71a1bbf7a8146bdb59,,False,,,,,
meme_015237,ukr,data/raw/ukr/1tMNN_cFLTVIgQ0d4pHWayRWN2TKzWc3I.jpeg,1tMNN_cFLTVIgQ0d4pHWayRWN2TKzWc3I.jpeg,True,1080,637,JPEG,0061ec9d0c61da5e86016e267c90ff1d215cf286d87e095a2467d1cc6196e857,,False,,,,,
meme_012189,ukr,data/raw/ukr/1_pmaLmn0esNTSj7qpg6ctJetZdnQrggG.jpeg,1_pmaLmn0esNTSj7qpg6ctJetZdnQrggG.jpeg,True,1000,1000,JPEG,f47290d6b912fc821ffe9057b809d49fb9483fd53fe5389445808ea2196574a2,,False,,,,,
meme_008472,ukr,data/raw/ukr/1C9uzn1pF4nQL1pF8Qhcm6gXQrh4WGnSY.jpeg,1C9uzn1pF4nQL1pF8Qhcm6gXQrh4WGnSY.jpeg,True,680,645,JPEG,736d84dfe4bd96295556562b52faf290758d4ff78a9f522efe6f67d945872e45,,False,,,,,
meme_002175,rus,data/raw/rus/2955.jpg,2955.jpg,True,540,362,JPEG,976ae56df9ae5abbdd8177d32d04c8303e9a01c04414d1f37b13b82734c8bc9e,,False,,,,,
meme_003261,rus,data/raw/rus/3932.jpg,3932.jpg,True,1280,1184,JPEG,c26645e8e0f2841a891ba7189c136c7149b5d71ce47dda45f2b93ac96a4c6fe5,,False,,,,,
meme_007761,ukr,data/raw/ukr/17NyZ3eEdekgLO-tpCnrjCkWA20ysCK93.jpeg,17NyZ3eEdekgLO-tpCnrjCkWA20ysCK93.jpeg,True,967,643,JPEG,9774c1235e0cfeb6b9f4d6cb8739c42b2e98b557739c952f4df6fbcc05c43569,,False,,,,,
meme_011174,ukr,data/raw/ukr/1U9LuwdNx9BAqFfhgIv32w_JsRZn15N5h.jpeg,1U9LuwdNx9BAqFfhgIv32w_JsRZn15N5h.jpeg,True,1279,1279,JPEG,ad1015746316b8f6bcd8e5fe209bec37e1973ab265dd74a13e8f90885721d393,,False,,,,,
meme_010937,ukr,data/raw/ukr/1S_A62-NsGWksq8J9SqaCSfAg5D_Sb3hm.jpeg,1S_A62-NsGWksq8J9SqaCSfAg5D_Sb3hm.jpeg,True,797,1024,JPEG,47eaf51308cb60d86f7206799845d13fdf1ab823a9e568ac36a4582b0c93cfce,,False,,,,,
meme_009345,ukr,data/raw/ukr/1HzC9fkg5cC5ASgUPxpkvdhleUo25kHJ0.jpeg,1HzC9fkg5cC5ASgUPxpkvdhleUo25kHJ0.jpeg,True,600,634,JPEG,a4efd9c1d99600392b62b11ac2b27e2bc1c4c255b57efcb1cf4698583abefc07,,False,,,,,
meme_006152,rus,data/raw/rus/679.jpg,679.jpg,True,1238,1080,JPEG,ee967c324f5aee2dfcb9bc1107aa5d97cc19699ee1ea9e94c5e526b7b6806583,,False,,,,,
meme_006012,rus,data/raw/rus/6408.jpg,6408.jpg,True,534,628,JPEG,fb6f4cc03464917811f05b7e17ac404b4986d499882ebab4b166f937cbf96462,,False,,,,,
meme_011130,ukr,data/raw/ukr/1TqUtpkJMZ_5XlcSpNfv1MFlp0IoSFTe6.jpeg,1TqUtpkJMZ_5XlcSpNfv1MFlp0IoSFTe6.jpeg,True,1199,1133,JPEG,9a62c3df29aaf6dae1a6975231d4052468832ecc0df52abf6c2172ba81d8566a,,False,,,,,
meme_004827,rus,data/raw/rus/5341.jpg,5341.jpg,True,503,549,JPEG,3504761b880f6236c95b074a128f7d30dcea1703d00e1e0fe1b4c2bbc4b59d85,,False,,,,,
meme_014670,ukr,data/raw/ukr/1piNF4H8UPKr6hcwDBkHSakKmyB_v2UGW.jpeg,1piNF4H8UPKr6hcwDBkHSakKmyB_v2UGW.jpeg,True,1279,1049,JPEG,5226d595db44b6f25c4229e20b5c95a3f4bad087b8e49b271e537b0fa1b36001,,False,,,,,
meme_015426,ukr,data/raw/ukr/1uZaZHukPueoqy5mzA_Mi0ojtSWO0_PlV.jpeg,1uZaZHukPueoqy5mzA_Mi0ojtSWO0_PlV.jpeg,True,1178,651,JPEG,10b2995c7085bd8d464eb48f04a8a2cb706eed7c4f94937e16d9dba304b2345c,,False,,,,,
meme_004924,rus,data/raw/rus/5429.jpg,5429.jpg,True,787,1280,JPEG,c958ea674707e225a64595211f34a670e9a2e153cad862bc56194794d407130f,,False,,,,,
meme_001237,rus,data/raw/rus/211.jpg,211.jpg,True,800,614,JPEG,3bbdd76fbca1515cdd4bc6eb1d1c87e464647992a1212a5d7b5380a380f80d5c,,False,,,,,
meme_007705,ukr,data/raw/ukr/170YKBvmhnNraZafYMgJpyMvwSWwn-J8p.jpeg,170YKBvmhnNraZafYMgJpyMvwSWwn-J8p.jpeg,True,1027,797,JPEG,8d1440fc8d96ca887cdb10d7f520bd6b63a834399ec885f5f8f4bffe09b62960,,False,,,,,
meme_013451,ukr,data/raw/ukr/1hhFk_XiA4c1OEAKxeFHGzyYxqCm18uMr.jpeg,1hhFk_XiA4c1OEAKxeFHGzyYxqCm18uMr.jpeg,True,542,418,JPEG,a65962e05164146482e2967b37d77d73a077b0b209b3cdbd28a549d11d4ef56f,,False,,,,,
meme_002406,rus,data/raw/rus/3162.jpg,3162.jpg,True,654,800,JPEG,6b3ad5197811daa47137596ea2d9557dfc351e0843e97dc18086fcd749268047,,False,,,,,
meme_016102,ukr,data/raw/ukr/1z3krpOVGXA4M_bLYU4Ks7SWOh5CC8kor.png,1z3krpOVGXA4M_bLYU4Ks7SWOh5CC8kor.png,True,624,702,PNG,8932c68342de7e8d66d125bc91dfd88fe51e4302f61a4e46d716aac5c062c3f7,,False,,,,,
meme_006483,rus,data/raw/rus/977.jpg,977.jpg,True,800,752,JPEG,cd51838bf670b923c9f27cd01df5de581f3d08c678a9f90940a4922b142928d7,,False,,,,,
meme_015509,ukr,data/raw/ukr/1v0obIhP0SjnTK1igiosQa8aXGBVURqkw.jpeg,1v0obIhP0SjnTK1igiosQa8aXGBVURqkw.jpeg,True,937,946,JPEG,ac9c8ddaaeac454824129a707a82c4494354b0b44312e5b33ab1cc6161e22925,,False,,,,,
meme_013092,ukr,data/raw/ukr/1fWyGn4jzAL_jgcQPtVeUNNmaHGRmhTZu.jpeg,1fWyGn4jzAL_jgcQPtVeUNNmaHGRmhTZu.jpeg,True,1024,648,JPEG,a501227c55583abfd0a361deae6156d2f9e6fb117f905843521af71edb4c40d3,,False,,,,,
meme_003618,rus,data/raw/rus/4253.jpg,4253.jpg,True,662,800,JPEG,6fc41ec31edf098fdf3301e26320bdf6bf5fea73fc59f40faf6cacca580b6c77,,False,,,,,
meme_001011,rus,data/raw/rus/1907.jpg,1907.jpg,True,733,727,JPEG,a3f07d02dbc7c6b54d0b6fdf94adf2ee9ea93c07dd2f7d685781416850fadddf,,False,,,,,
meme_012017,ukr,data/raw/ukr/1Z_1bKgYNPGpxXHKL8PN79m_IildA54yf.jpeg,1Z_1bKgYNPGpxXHKL8PN79m_IildA54yf.jpeg,True,900,900,JPEG,35d0d2f2daee4a34c0351603556b3b10721bc2955c03048c50d4d3a36ce544fe,,False,,,,,
meme_003194,rus,data/raw/rus/3872.jpg,3872.jpg,True,434,604,JPEG,deb2a0243f321bfaae6c555cf01ded0b5ca5a0b479dc4dd269399af6a8e67a3e,,False,,,,,
meme_003345,rus,data/raw/rus/4007.jpg,4007.jpg,True,1080,1074,JPEG,373966b1631549f84d5d9b18c451260820981fa0e199fa623dd2cda1a1761f29,,False,,,,,
meme_006619,ukr,data/raw/ukr/1-uOeHlvDu1m3q1gwOBfCwq2CJL8Xbg6v.jpeg,1-uOeHlvDu1m3q1gwOBfCwq2CJL8Xbg6v.jpeg,True,1279,1279,JPEG,4783f0018c97b0af959970b32a61813bc54142c0e29aaa78f5e2e867e9dbb9ae,,False,,,,,
meme_005225,rus,data/raw/rus/570.jpg,570.jpg,True,1080,1047,JPEG,5286dac98f336c6859f1049689cbdcf80932a96c0439fdb81c5faf1f5f1a551c,,False,,,,,
meme_009614,ukr,data/raw/ukr/1JmTvHy8GTmoWcqnT6ryXyHlEj-AsZfH3.jpeg,1JmTvHy8GTmoWcqnT6ryXyHlEj-AsZfH3.jpeg,True,889,1061,JPEG,641aa2ae5986201014d9111182a307f685c883d76a20f55a5a32d2d8baac5a1c,,False,,,,,
meme_012718,ukr,data/raw/ukr/1d5Nh-Ys3DILGdLijbQqDvRjflQw-4fao.jpeg,1d5Nh-Ys3DILGdLijbQqDvRjflQw-4fao.jpeg,True,1258,1280,JPEG,9527d123aa27e1d46b1c95dee6f2887f18eb14930ec9e5a075eaec0bf9fb7f65,,False,,,,,
meme_000978,rus,data/raw/rus/1878.jpg,1878.jpg,True,800,672,JPEG,67f2a6507580a6b1b21ddc400172ce721cf27a38fab53d48580b457627a1ae24,,False,,,,,
meme_005153,rus,data/raw/rus/5635.jpg,5635.jpg,True,1080,802,JPEG,c6a995bb5f0c6a42251db077c52f45632c5e6a10b596ebe95e359890da38c628,,False,,,,,
meme_014197,ukr,data/raw/ukr/1mVl1PUPKlm950go1Lc4vgnTcYB631ZiV.jpeg,1mVl1PUPKlm950go1Lc4vgnTcYB631ZiV.jpeg,True,1164,744,JPEG,1697bc8785fc6c0417d6a9d9514bea8a35d339cba5760f67425ba6b2c4229732,,False,,,,,
meme_015190,ukr,data/raw/ukr/1t2jzNJa3PJhfNND5wcfCWe7wrcQnJa60.jpeg,1t2jzNJa3PJhfNND5wcfCWe7wrcQnJa60.jpeg,True,2048,1321,JPEG,4061bbb8c3fb67d95e139693fea3e5cddfceb8881246a4a3e0b03ac31f188f3a,,False,,,,,
meme_007347,ukr,data/raw/ukr/14_hOpuDfbL90sVE0Z27KZcJZNO8twsXz.jpeg,14_hOpuDfbL90sVE0Z27KZcJZNO8twsXz.jpeg,True,1670,2048,JPEG,82bca99389eebae454fe08458c47a88f54a59f9733d6ca7a3e1688db60193fe0,,False,,,,,
meme_006662,ukr,data/raw/ukr/10DuiV6dBMwTgtaypcVwnJo6RTa1WoorH.jpeg,10DuiV6dBMwTgtaypcVwnJo6RTa1WoorH.jpeg,True,1080,1080,JPEG,3bbd4c42c1ae391d6941ef606928b3452e6dbe84e57cb08c29cd29a9cf54c197,,False,,,,,
meme_004640,rus,data/raw/rus/5173.jpg,5173.jpg,True,793,800,JPEG,2c6dc9bd7ee4d0b96851e456951db070e43ddedc848be2b0664d4b6cd38a28af,,False,,,,,
meme_007991,ukr,data/raw/ukr/18sqFZMwucBFMaIh_K6VJF-N0QuQtA-dg.jpeg,18sqFZMwucBFMaIh_K6VJF-N0QuQtA-dg.jpeg,True,828,985,JPEG,c91586cf4a13421839e5cd02bc11b9a3fd2a8c4a40fa1db172dd5e9cc3d3bf17,,False,,,,,
meme_009815,ukr,data/raw/ukr/1L62ESp8VqCK0nrNU7zB8N9UQU0tlgSy9.jpeg,1L62ESp8VqCK0nrNU7zB8N9UQU0tlgSy9.jpeg,True,1125,843,JPEG,e7a3f68d4e8457b4017b8e44626e307ac977d42334a23e808993e6d3f9543731,,False,,,,,
meme_001714,rus,data/raw/rus/254.jpg,254.jpg,True,563,599,JPEG,8fd525d0d29618c3758f0b1953f601bf2b1baa54b8bf590c5505f1a0f89bf186,,False,,,,,
meme_011506,ukr,data/raw/ukr/1WC1Nv9XGIBnAXOGYdkjiL5AShc6iaB-S.jpeg,1WC1Nv9XGIBnAXOGYdkjiL5AShc6iaB-S.jpeg,True,1279,1182,JPEG,565733838200241feb7991a2de12644c7545d33b72e1202b4cad938a59ebcf42,,False,,,,,
meme_003469,rus,data/raw/rus/4119.jpg,4119.jpg,True,638,800,JPEG,24de110618166f6fe696d1b0667f9f2783e9b23d4b0edd74056bc410cd0cbf90,,False,,,,,
meme_008315,ukr,data/raw/ukr/1B84spJ8St89CG34X2Qqx82psP9Cn8QG6.png,1B84spJ8St89CG34X2Qqx82psP9Cn8QG6.png,True,585,659,PNG,bfce8cc23b2feda56376bba1673055b258aa948a5a3449c24307b8dcf1364f6d,,False,,,,,
meme_009657,ukr,data/raw/ukr/1K5M8rvCGQ8LCheTohluSDffx3NEQeXgC.jpeg,1K5M8rvCGQ8LCheTohluSDffx3NEQeXgC.jpeg,True,1044,763,JPEG,771ca95a2eb02a409ab8d6e46a700d1b73a8d3eb40784afaca12d503efad8e10,,False,,,,,
meme_007145,ukr,data/raw/ukr/13Q7-cqJOekcfKCKToMFVfuvN5ONEeE4l.jpeg,13Q7-cqJOekcfKCKToMFVfuvN5ONEeE4l.jpeg,True,960,960,JPEG,0777d7761dfad6764411a094df5cea2b779ae3d682021db6434ecd0c4008ef8e,,False,,,,,
meme_001394,rus,data/raw/rus/2251.jpg,2251.jpg,True,928,925,JPEG,1dc0e2d808ec5c22198d50af5e2380ec81c4e8a09f1256c0604646a3ab28c5d9,,False,,,,,
meme_010110,ukr,data/raw/ukr/1MyoPMj9ir2K785NkdvmanYzDQyQOu-NO.jpeg,1MyoPMj9ir2K785NkdvmanYzDQyQOu-NO.jpeg,True,925,520,JPEG,d580536747f706e3c9c7708e1cacbd85446fe8f6deb8777b1424a35bc1c7c73d,,False,,,,,
meme_014027,ukr,data/raw/ukr/1lMRyLt2b9yk6TQqq_TVjxaDdt57bwin2.jpeg,1lMRyLt2b9yk6TQqq_TVjxaDdt57bwin2.jpeg,True,711,800,JPEG,f03beae50eb23240968cb5567966b3cfa373a39ab988d87497b81a0ebc677e53,,False,,,,,
meme_009530,ukr,data/raw/ukr/1JE38V3OglzYACKOJhBn2xX8r4URA8tp2.jpeg,1JE38V3OglzYACKOJhBn2xX8r4URA8tp2.jpeg,True,510,530,JPEG,234444b301cdd3a3b3a5eddb96b4e1d098b3b1512986bb94aeea21b9f330c4f1,,False,,,,,
meme_012191,ukr,data/raw/ukr/1_qUTMcD8rvvPmDtzCD8SZvujt2j742wE.jpeg,1_qUTMcD8rvvPmDtzCD8SZvujt2j742wE.jpeg,True,960,670,JPEG,2290bcc3da01d6f32310b8a0a0b936c8820bbef4f71534612a758c70fa8dea41,,False,,,,,
meme_008441,ukr,data/raw/ukr/1C-314LsoOddljI5GBk6ecrcGr7Ha5Yin.jpeg,1C-314LsoOddljI5GBk6ecrcGr7Ha5Yin.jpeg,True,1280,1280,JPEG,f272921823d86a61b952f4006573daf3f2737897515841dc7fac2b4e0a65d138,,False,,,,,
meme_001007,rus,data/raw/rus/1903.jpg,1903.jpg,True,1279,932,JPEG,46d525062ab416694453cca3a7c93caf7b603d1d2705256ca72724187e01f86a,,False,,,,,
meme_011777,ukr,data/raw/ukr/1Y81XEOiVBwXSVmtfpsL-C1GAIhjcVFQd.jpeg,1Y81XEOiVBwXSVmtfpsL-C1GAIhjcVFQd.jpeg,True,800,534,JPEG,d1e9f5d827d93282aef7711efb72317679fc4235da8f68684a2f26058d5f28ee,,False,,,,,
meme_001351,rus,data/raw/rus/2212.jpg,2212.jpg,True,604,441,JPEG,a70e648ef75b4e0a8abab7446b0f583d68f85a8283abf59ab92f2147e74d883c,,False,,,,,
meme_005461,rus,data/raw/rus/5912.jpg,5912.jpg,True,525,780,JPEG,5cf05bfcc2d204ae69a4038c66dc6a2d417961c689fa76470ee07b650fcde867,,False,,,,,
meme_005279,rus,data/raw/rus/5749.jpg,5749.jpg,True,556,631,JPEG,d22a88c2c264454859ec50ec1843ced1221ace2665630eaf81ce25f6fd640f02,,False,,,,,
meme_015960,ukr,data/raw/ukr/1y5xpp4KnSHfkm-zHUVeCP8vRgsQWjF91.jpeg,1y5xpp4KnSHfkm-zHUVeCP8vRgsQWjF91.jpeg,True,672,909,JPEG,a8c1f5ae3817ad788b9d390c39bed429c72037e1fca04aef4ff68bad3e130308,,False,,,,,
meme_012866,ukr,data/raw/ukr/1e4muNlzg-ZBSejzuXGqQIq0m16I3H33J.jpeg,1e4muNlzg-ZBSejzuXGqQIq0m16I3H33J.jpeg,True,860,767,JPEG,b600d8a67dd79655314d45f22f55f09a3c490727b1a0f5af97e58b7aae5f2816,,False,,,,,
meme_015619,ukr,data/raw/ukr/1vmVsYCZne2w75p6wL4dpLgEbmFsldw4Y.jpeg,1vmVsYCZne2w75p6wL4dpLgEbmFsldw4Y.jpeg,True,680,368,JPEG,27f6abf5c0715dbf8a23e16f37ae30070c4cad463b7259bf56d5b4c47747e331,,False,,,,,
meme_005665,rus,data/raw/rus/6096.jpg,6096.jpg,True,424,422,JPEG,7ae0989eb79d9df501542538903003e0e95a93dd473924b538ef300956b2bd4d,,False,,,,,
meme_009435,ukr,data/raw/ukr/1IYzNwNMKnR-X5wTHOjJvfm3cYK3UV-oV.jpeg,1IYzNwNMKnR-X5wTHOjJvfm3cYK3UV-oV.jpeg,True,621,440,JPEG,30d7b0cad84bb7a73a67abcf1dc80cfeeb1bdb0c22b1156bf9422b67f24c07ad,,False,,,,,
meme_003880,rus,data/raw/rus/449.jpg,449.jpg,True,775,428,JPEG,b7a8f2dd5b9f86fb837a41cd4b7de3f84832c5a8a9b660ffdaa86b9162788e73,,False,,,,,
meme_001412,rus,data/raw/rus/2268.jpg,2268.jpg,True,660,660,JPEG,f557abf4ad850a0633084b9cd70e116eec19af0ca2a72a6de49a85db9b9c75dd,,False,,,,,
meme_004780,rus,data/raw/rus/53.jpg,53.jpg,True,640,635,JPEG,235ce06e60afed214dc413ac197127e2fc4c0850c7fd46b1beb372b28c88b890,,False,,,,,
meme_008847,ukr,data/raw/ukr/1EdYLkot9q0Eo8tLOeRSsDa1AG-AAWm7v.jpeg,1EdYLkot9q0Eo8tLOeRSsDa1AG-AAWm7v.jpeg,True,720,1067,JPEG,050839dfc1fe96598a0fc064f84d9b4ab8b2dfcf151bc29c177e8a34566e512f,,False,,,,,
meme_005933,rus,data/raw/rus/6337.jpg,6337.jpg,True,800,785,JPEG,cc640786c8bf4826a84a40c69b83fbea38e69a1903f6397133939e21afe71dad,,False,,,,,
meme_012511,ukr,data/raw/ukr/1bprvBkvhtfUoeCukkSgkl6AG6BmtrOex.jpeg,1bprvBkvhtfUoeCukkSgkl6AG6BmtrOex.jpeg,True,2048,1254,JPEG,92abb7da89e7567e1f3612b14a4a73e288bf2db829d9c3cc3459c181b7ca958c,,False,,,,,
meme_013146,ukr,data/raw/ukr/1flkg6Q6Hb-6qCu47hgErreT9MQlL0iZ7.jpeg,1flkg6Q6Hb-6qCu47hgErreT9MQlL0iZ7.jpeg,True,700,1600,JPEG,8837b04b13818229ad88cc029a63e1260878e367f1aa10fafc9a0fdc3ec3e753,,False,,,,,
meme_002715,rus,data/raw/rus/3440.jpg,3440.jpg,True,639,641,JPEG,c75cfe2253a684ac72bff7396032176e1bd4bf9d3f6df5ca17bc41fae8e7334c,,False,,,,,
meme_005212,rus,data/raw/rus/5689.jpg,5689.jpg,True,1200,801,JPEG,22b7298d8ccafaf858d8fffdb4681ed87e5dc846e8f8462e87e435fc8496d6f7,,False,,,,,
meme_004615,rus,data/raw/rus/5150.jpg,5150.jpg,True,676,261,JPEG,3fcc46b25aa2ce6c6b0de3813a32e5d1e32a920677810c7192b0e09afcb95e83,,False,,,,,
meme_014557,ukr,data/raw/ukr/1oz-KjUICDNXzQihHNWBO6dj-2Jvaq4W9.jpeg,1oz-KjUICDNXzQihHNWBO6dj-2Jvaq4W9.jpeg,True,612,520,JPEG,bf542351f57279fcc4352e4570a08e14bcff95882463eccc0bdae83d37cec6ba,,False,,,,,
meme_009759,ukr,data/raw/ukr/1KmCzAqOkwUPZ2-5GhexGBRNj8y4OLPvm.jpeg,1KmCzAqOkwUPZ2-5GhexGBRNj8y4OLPvm.jpeg,True,869,1279,JPEG,f3295af9a3f45a369deaef9f2a26168a6782cf9b1fe36465cda27d340f1ef208,,False,,,,,
meme_001633,rus,data/raw/rus/2467.jpg,2467.jpg,True,700,797,JPEG,8d4a44ee3633fd9bc1a78f0bc5963123a57dd313737e00a19538215f291eeb6b,,False,,,,,
meme_008769,ukr,data/raw/ukr/1EAn8NWA5aQ__sEdkeEPuiGyl9wTdQTQ6.webp,1EAn8NWA5aQ__sEdkeEPuiGyl9wTdQTQ6.webp,True,696,393,WEBP,6d775e8cfd2f13eb0b818ce1324d6d209ec5f8f33df66fa69e5798270c1abd76,,False,,,,,
meme_014466,ukr,data/raw/ukr/1oIU3_UZ6B3mJAap_o2sP0Tk6sguevZa7.jpeg,1oIU3_UZ6B3mJAap_o2sP0Tk6sguevZa7.jpeg,True,1280,608,JPEG,49e2b18398ead499871f7671b660158c133d6456950afea38a89a2abd1744684,,False,,,,,
meme_005550,rus,data/raw/rus/5993.jpg,5993.jpg,True,1238,1201,JPEG,a42d6644c34f314775a8e622a50909d41cda713204d7076987e663312af08add,,False,,,,,
meme_008147,ukr,data/raw/ukr/1A2t-HZ0vIbnHMUPfSnpMf2a2cGfBHt2g.jpeg,1A2t-HZ0vIbnHMUPfSnpMf2a2cGfBHt2g.jpeg,True,894,800,JPEG,9048583db56e1d01eb885627bf272ab393443f41bf83e11bb51eec45dec1f684,,False,,,,,
meme_013359,ukr,data/raw/ukr/1h55R-EXaqqTluOUVtmG1XKm8SsOmZpJN.jpeg,1h55R-EXaqqTluOUVtmG1XKm8SsOmZpJN.jpeg,True,995,1280,JPEG,78556ec929793397f6d6146d55ec2397cf8402f4eb05d32475dfdda252465301,,False,,,,,
meme_012845,ukr,data/raw/ukr/1dw5PauYAtf8GQ4xAN_R8rSqnDHmpRR-e.jpeg,1dw5PauYAtf8GQ4xAN_R8rSqnDHmpRR-e.jpeg,True,1279,1279,JPEG,b1031c70fe0ed31c916e495575b4b6e70932251edec35a22e6e22a9e0419be58,,False,,,,,
meme_014541,ukr,data/raw/ukr/1oqr9W-hVER7_T653pN06PRDxkfs0X4yB.jpeg,1oqr9W-hVER7_T653pN06PRDxkfs0X4yB.jpeg,True,680,492,JPEG,3fe5121f6df6724952c129b03144fbd6c5e7dc327cfa5254595f3dc40ed52945,,False,,,,,
meme_015627,ukr,data/raw/ukr/1vpa0wTGLUgmyksRTYTD85nE7HD3YxPZL.jpeg,1vpa0wTGLUgmyksRTYTD85nE7HD3YxPZL.jpeg,True,1000,1000,JPEG,da98a973486e8cac381f4e3867ccb689f13d4a0a908d43658291365ed9f1a310,,False,,,,,
meme_006792,ukr,data/raw/ukr/111iGTynA1yniIVEKhRSGUST1r8nuyP14.jpeg,111iGTynA1yniIVEKhRSGUST1r8nuyP14.jpeg,True,403,488,JPEG,c3b89ed6ff0da4df03a6934dd7773d5ec753defdcf86119ee6ed9693e41ab9c1,,False,,,,,
meme_015087,ukr,data/raw/ukr/1sHhbdRtam4FA2V3pE1FNox9IL0LXWLcp.jpeg,1sHhbdRtam4FA2V3pE1FNox9IL0LXWLcp.jpeg,True,696,800,JPEG,85305ee3830f79ee13e028778a7af67aa4fb79fed52861314713e149e7c362d5,,False,,,,,
meme_010711,ukr,data/raw/ukr/1QxZpRAqWjb9gZ3f7jPHBwCHBU3J3g29Z.jpeg,1QxZpRAqWjb9gZ3f7jPHBwCHBU3J3g29Z.jpeg,True,1280,1280,JPEG,3070dd39519fdd719dd93dc0c0147c27aa9224d75b35d8f45ea33042e0916787,,False,,,,,
meme_007817,ukr,data/raw/ukr/17lEJhEdgoaL-gutncoOceZGHfRvhZwlR.jpeg,17lEJhEdgoaL-gutncoOceZGHfRvhZwlR.jpeg,True,1280,720,JPEG,bd980c3db5ad9cac674e32794eddc6d962a8421ffa654b423bd32c83dd0abda4,,False,,,,,
meme_010855,ukr,data/raw/ukr/1S0baLq86zCdhVF2JtMxEF8AB99t5pN3a.jpeg,1S0baLq86zCdhVF2JtMxEF8AB99t5pN3a.jpeg,True,985,1280,JPEG,b1dce8acfb79a1c9102c1c0ceb49b6736d9677fd8d386a34c2a3a3e4a3474430,,False,,,,,
meme_008666,ukr,data/raw/ukr/1DWfC-rg2aE92R9Su0XnvNgSHjMiXiR51.jpeg,1DWfC-rg2aE92R9Su0XnvNgSHjMiXiR51.jpeg,True,864,964,JPEG,7aff89cd584b88c8a28f155ca53d542d686586499ee74400fd8327c197854ea8,,False,,,,,
meme_008625,ukr,data/raw/ukr/1DBeLoSBkr4i_siIm2ncVuHFxqqnQgR9s.jpeg,1DBeLoSBkr4i_siIm2ncVuHFxqqnQgR9s.jpeg,True,706,617,JPEG,7d4f93cd552f230b12cacd7b452d3abae2ae4f7c67f047d729e5b87f184d84ad,,False,,,,,
meme_009072,ukr,data/raw/ukr/1G6D7KacySnK5g7h4fl308npOXPc9c6LY.jpeg,1G6D7KacySnK5g7h4fl308npOXPc9c6LY.jpeg,True,1000,1000,JPEG,21bbac2ddc7154f34a5c2e27654d5a80cca5ba1f7fe170ff1919207c57489f2f,,False,,,,,
meme_014397,ukr,data/raw/ukr/1nu64hsDFZ4t-MzEFy9tQEQgt6m8RS_cZ.jpeg,1nu64hsDFZ4t-MzEFy9tQEQgt6m8RS_cZ.jpeg,True,720,900,JPEG,f023218a87da1bddb31339d971d7e1d2b6fa97af445b742c0f17224f23279c3c,,False,,,,,
meme_010610,ukr,data/raw/ukr/1QKKT1MNnf45m5Ol5Ay_cezZLqHbDezi3.webp,1QKKT1MNnf45m5Ol5Ay_cezZLqHbDezi3.webp,True,500,654,WEBP,8acf023acc7fe062d92f736b1a81994bff9740bf76e4238c8ce75023c5dbadbe,,False,,,,,
meme_008146,ukr,data/raw/ukr/1A2Ny13O98hoRoKuEOEOAWfqBB5MiSaGx.jpeg,1A2Ny13O98hoRoKuEOEOAWfqBB5MiSaGx.jpeg,True,1678,1393,JPEG,970e5f0a98e668f39401bff42295481697a3aef6769a74b8a87d0f39eeaa954f,,False,,,,,
meme_009395,ukr,data/raw/ukr/1IK4AcCaTznU7GGVtnlu8g4P6hu6QVINF.jpeg,1IK4AcCaTznU7GGVtnlu8g4P6hu6QVINF.jpeg,True,474,388,JPEG,b19bd279b02e7b1a1e32a93e8cba23b9ac1d46d0125e9a4eb935f6b98767939a,,False,,,,,
meme_003972,rus,data/raw/rus/4572.jpg,4572.jpg,True,1124,789,JPEG,aa9dd3d273af16651d3c6e8a821c15978f3edf2e8991856a5d5d4bd30622a74b,,False,,,,,
meme_011754,ukr,data/raw/ukr/1Xyhi3KqTmx4gXqQfVxRECAjTtrWzLfFs.jpeg,1Xyhi3KqTmx4gXqQfVxRECAjTtrWzLfFs.jpeg,True,1079,716,JPEG,3730d2c84d4daefdb24b736dd4c60108cb46955a87d410b28ece87e3c3e3f06c,,False,,,,,
meme_006809,ukr,data/raw/ukr/118igkBt48Fz4nJ-rIFgb5ZZFpKSDj9Ri.jpeg,118igkBt48Fz4nJ-rIFgb5ZZFpKSDj9Ri.jpeg,True,1080,690,JPEG,b9c1dbff2c7ce868000eea9e0548e3593c4da8e7a77b141c72a1f9bcc357cd2a,,False,,,,,
meme_008732,ukr,data/raw/ukr/1DxTanF8iiGBaoMl5SOnSMhK6JNBX5U90.jpeg,1DxTanF8iiGBaoMl5SOnSMhK6JNBX5U90.jpeg,True,559,427,JPEG,04931a1ebdedd46b5cba6f39608d1a990403fa561b89f4833ba7ecf420de5254,,False,,,,,
meme_009456,ukr,data/raw/ukr/1IlHdUWorSMBBFvaVbko04VvIQrOTHEOJ.jpeg,1IlHdUWorSMBBFvaVbko04VvIQrOTHEOJ.jpeg,True,561,680,JPEG,bbc9e58aa46b98ec2fbef5f508eb45db28e1f8bfd189a7838917f2634eaac898,,False,,,,,
meme_002178,rus,data/raw/rus/2958.jpg,2958.jpg,True,600,604,JPEG,7d599fa01b219fd1055ed3a08cad9bea00e603a5bb13338cffec697b2fa06798,,False,,,,,
meme_011656,ukr,data/raw/ukr/1XFkqgY5Jh_WwEY6MnKXKVd2k0mW-vItG.jpeg,1XFkqgY5Jh_WwEY6MnKXKVd2k0mW-vItG.jpeg,True,898,891,JPEG,b21c2649ec315527d5f3dc0217f661bd07ee20155016184fff7c60b5c4885f57,,False,,,,,
meme_013339,ukr,data/raw/ukr/1gypMcRj9G41VKUP0pCwcdjUYCvi2rxqT.jpeg,1gypMcRj9G41VKUP0pCwcdjUYCvi2rxqT.jpeg,True,680,578,JPEG,4376619076f8d384db682e7eb02e2ac0bddbff8a8cf09106a89f7262129b7577,,False,,,,,
meme_003290,rus,data/raw/rus/3959.jpg,3959.jpg,True,1080,669,JPEG,571a2f3ab93559dfdba4620a495df8c2112a20fc86e49565fed91d5eb534a0c5,,False,,,,,
meme_010651,ukr,data/raw/ukr/1QZHcMs013uhu9T-w74D2R-vhKAFQQ087.jpeg,1QZHcMs013uhu9T-w74D2R-vhKAFQQ087.jpeg,True,640,360,JPEG,5dcc8196865269788073b0ebd79c4d2f482329bca8bf63019cf03ca223daa01a,,False,,,,,
meme_009938,ukr,data/raw/ukr/1LrAB9yzixeNZbDMGh_nhCU_q_ivxvMvp.jpeg,1LrAB9yzixeNZbDMGh_nhCU_q_ivxvMvp.jpeg,True,453,566,JPEG,35b04c39d90fb402a989e51a919021c9b5b3ba6df5a944f2add484c920430b37,,False,,,,,
meme_013742,ukr,data/raw/ukr/1jY8UvAhzGjsAXunPCFkaA4dcDi-TvyJp.jpeg,1jY8UvAhzGjsAXunPCFkaA4dcDi-TvyJp.jpeg,True,609,343,JPEG,3456974b6d1b8e2b054c559de643a9a566bec5e0926efe13636e9aaf359773a6,,False,,,,,
meme_012026,ukr,data/raw/ukr/1ZesOdeG3JWzHAJNNFJJ6i3ajIradvq2R.jpeg,1ZesOdeG3JWzHAJNNFJJ6i3ajIradvq2R.jpeg,True,1125,658,JPEG,552e96e2e2cfab67c259ad4cd863dc9a3dd134ccfc368227ddcb8b8591e33655,,False,,,,,
meme_015918,ukr,data/raw/ukr/1xowmr_wm3dqBhsFNe8cSn10Ie6-TPFmJ.jpeg,1xowmr_wm3dqBhsFNe8cSn10Ie6-TPFmJ.jpeg,True,1280,1280,JPEG,33fe4af18d5938a94a801d3795f29179af1450dfe62e72c708b2fa83d0080f5e,,False,,,,,
meme_008795,ukr,data/raw/ukr/1EL8Cx39fzHx9mKk8Z8W20EX-LxZ_bbo6.jpeg,1EL8Cx39fzHx9mKk8Z8W20EX-LxZ_bbo6.jpeg,True,1600,1034,JPEG,97d51676518fd9deb4d1dd20e6d62fa34dba2eb8c8fbf8254be10ab2d36efdc7,,False,,,,,
meme_010975,ukr,data/raw/ukr/1SoXyh5Hyg2E1_GkswNk2f4aGWeze_NcR.jpeg,1SoXyh5Hyg2E1_GkswNk2f4aGWeze_NcR.jpeg,True,914,678,JPEG,20c49ed7fac39464b75078261a9bb295e38ab381246039f5bc3384ea43949469,,False,,,,,
meme_014799,ukr,data/raw/ukr/1qgXU0z4RvUF-fPywZr6V_Azcg6FpFTjU.jpeg,1qgXU0z4RvUF-fPywZr6V_Azcg6FpFTjU.jpeg,True,900,1200,JPEG,7c7c25395cf10c36409fc6b472020bd01987c10bb7b8719db3f4d561398d9e58,,False,,,,,
meme_013090,ukr,data/raw/ukr/1fW3HH8mkE01bZG_x95ai6ID7zDo9tlO8.jpeg,1fW3HH8mkE01bZG_x95ai6ID7zDo9tlO8.jpeg,True,900,600,JPEG,21357013717b3c9e5a505b64694d48c53704c68b151a5a253e154128e24ae477,,False,,,,,
meme_008621,ukr,data/raw/ukr/1D9UGKMRGNk8CEOi9MLFh8gL0qP05pqGU.png,1D9UGKMRGNk8CEOi9MLFh8gL0qP05pqGU.png,True,820,300,PNG,2bffe54543e04d26cb28bff92eb6a82d5bafc43f627b7a3014822c4a6cf78b68,,False,,,,,
meme_002958,rus,data/raw/rus/366.jpg,366.jpg,True,661,800,JPEG,ab462c697df7d67b989a578d7d11cf0748c0d13fa16f424e7b02fc09b373a541,,False,,,,,
meme_005653,rus,data/raw/rus/6085.jpg,6085.jpg,True,469,800,JPEG,5c9dafe623ce463fbc93654cc657277ee9b31bc30e6491e5cc7e029ab41a382e,,False,,,,,
meme_014861,ukr,data/raw/ukr/1r2q_ZAABlPRpEgYMP1OKKepW4KM8pcCg.jpeg,1r2q_ZAABlPRpEgYMP1OKKepW4KM8pcCg.jpeg,True,1077,711,JPEG,d63ba8ebf4cbbb012153ccc2f6af800d5d6519b2aefbc9d62836ec8503f194dd,,False,,,,,
meme_014165,ukr,data/raw/ukr/1mEvLDLDemTJpRrEWQ7cT0j3nC586fvOx.jpeg,1mEvLDLDemTJpRrEWQ7cT0j3nC586fvOx.jpeg,True,1280,967,JPEG,1c5332ca9587d8ce66398805ee87affdff71c98aa76a895af52c58291675293a,,False,,,,,
meme_009330,ukr,data/raw/ukr/1HpYZ5-zB3TITvYtzv4gcXB7aZdIFgnR8.jpeg,1HpYZ5-zB3TITvYtzv4gcXB7aZdIFgnR8.jpeg,True,1062,1056,JPEG,0600377c888a6d0ff759e6598b087a7cfe42990101cf6878d201611cc40f4150,,False,,,,,
meme_012285,ukr,data/raw/ukr/1aTO7eUgaAXx3zzR3CrDkertoMQ1Sqmat.jpeg,1aTO7eUgaAXx3zzR3CrDkertoMQ1Sqmat.jpeg,True,1264,694,JPEG,ee3c319421dddb54caf556c6b452b827a56c238703a36e8fdc078f94ed7e70bc,,False,,,,,
meme_009718,ukr,data/raw/ukr/1KWKXHByNyvnv8oqoDULC84kJMSX-Z4v9.jpeg,1KWKXHByNyvnv8oqoDULC84kJMSX-Z4v9.jpeg,True,406,507,JPEG,59f872cf950993d1deab8e3e746c1bcccc86fd3eea6a3bba6079276d49f336b2,,False,,,,,
meme_009163,ukr,data/raw/ukr/1GkJc6nlJ5_iTRNPmCntYRDm40i6YHP1T.jpeg,1GkJc6nlJ5_iTRNPmCntYRDm40i6YHP1T.jpeg,True,858,1280,JPEG,a827372a2a61cbbf5e61e2f81445892b3e33a466471100f4404f4825dc03ebcf,,False,,,,,
meme_014366,ukr,data/raw/ukr/1ng6t24zS5i8u0eobE75mhWI688P8wvVW.jpeg,1ng6t24zS5i8u0eobE75mhWI688P8wvVW.jpeg,True,727,935,JPEG,d2846bd9bce04861372515d1c9eacb2641096c418ce491188729c82147c11025,,False,,,,,
meme_009193,ukr,data/raw/ukr/1GyHvU3RUxCu0uYcdgYrKHvfANEi6WjIn.png,1GyHvU3RUxCu0uYcdgYrKHvfANEi6WjIn.png,True,680,395,PNG,0ca998db566640dea1cfd9c4749847d8faf01a87b35523bddb73e992f3817022,,False,,,,,
meme_010836,ukr,data/raw/ukr/1RrWaq21KZc1FpXXpMD1SodBPQue-P6Zg.jpeg,1RrWaq21KZc1FpXXpMD1SodBPQue-P6Zg.jpeg,True,959,1280,JPEG,9156e8c7a9de08d64a761883f24737322c6da39adb3916b6674da9d576a9658b,,False,,,,,
meme_009301,ukr,data/raw/ukr/1H_oAcNtgN3ck45isLng1uC7upr-qyHmL.jpeg,1H_oAcNtgN3ck45isLng1uC7upr-qyHmL.jpeg,True,768,507,JPEG,195424b35e186eb187b4b45f85b0c2b60bb64363f540d090f840cff1f5026515,,False,,,,,
meme_011643,ukr,data/raw/ukr/1XAK9fn2pTB4dQNBk0D0OOcYnVU8uP-z4.jpeg,1XAK9fn2pTB4dQNBk0D0OOcYnVU8uP-z4.jpeg,True,1024,1280,JPEG,7015bd27857dfd4d8367699b556354f782d8c2f8a9e7fbb31349b436c168f42b,,False,,,,,
meme_005839,rus,data/raw/rus/6252.jpg,6252.jpg,True,548,371,JPEG,f2fc6aed7eea8aa96503d7de6df4438dcc2edd8a0cccf35ad0ca1eb10460cbb7,,False,,,,,
meme_000426,rus,data/raw/rus/1380.jpg,1380.jpg,True,1151,1280,JPEG,4ff7dd99026b75748f9d935ea350b07fcbb90789963f581551262ebc7c717dff,,False,,,,,
meme_011021,ukr,data/raw/ukr/1T8aVuWzOE0yLJwcaxkPJS1bfuOs5yLiI.jpeg,1T8aVuWzOE0yLJwcaxkPJS1bfuOs5yLiI.jpeg,True,1199,664,JPEG,0b5342e4690765c07297218192a219bd5d7ee17ec35e03c53d96fcdac0c2e141,,False,,,,,
meme_009149,ukr,data/raw/ukr/1Gg7Ae9fvSFeC3U-tLbW76otEEfGSbQo_.jpeg,1Gg7Ae9fvSFeC3U-tLbW76otEEfGSbQo_.jpeg,True,1023,1280,JPEG,b097280c075710f6f92bb84516111ef2c0d5c4680a129be8a959165af55f6c24,,False,,,,,
meme_002026,rus,data/raw/rus/2820.jpg,2820.jpg,True,720,935,JPEG,afb8e8512d7cf786380d38aec5c4f7ace89ae4ac5bbcd33968b5ea45592e9415,,False,,,,,
meme_009285,ukr,data/raw/ukr/1HXF7uTArzGUd7d-qpBLKsbG3K8fmxiWg.jpeg,1HXF7uTArzGUd7d-qpBLKsbG3K8fmxiWg.jpeg,True,909,1279,JPEG,69ad43ac535a9a71657020c168be837fd56b389ce3aada53b8b23402040c7750,,False,,,,,
meme_015216,ukr,data/raw/ukr/1tCRVsoM1BqJGIdO-EQrdnpr4HdGaYhYX.jpeg,1tCRVsoM1BqJGIdO-EQrdnpr4HdGaYhYX.jpeg,True,720,867,JPEG,4401a67c3ba9e58c5f395f4c8323b6fcf79af6036e6cb114d0cdf49c84b7834a,,False,,,,,
meme_004044,rus,data/raw/rus/4637.jpg,4637.jpg,True,643,800,JPEG,9185fc44da523bb34d3acbc16653c296a98f08e0f8468fbfdcde957ab84fa407,,False,,,,,
meme_012444,ukr,data/raw/ukr/1bUN6yP8nB50fwyUh36Al0wCBKFmtnQAC.jpeg,1bUN6yP8nB50fwyUh36Al0wCBKFmtnQAC.jpeg,True,736,744,JPEG,7f03992dbfca8af0d137d11207a52fb2962a988e3560c7a37e4cd00564503631,,False,,,,,
meme_001072,rus,data/raw/rus/1962.jpg,1962.jpg,True,1280,939,JPEG,693fd5d89316e57746c7784094e469f98225f6e1663323c8c310b8864d72c24a,,False,,,,,
meme_007235,ukr,data/raw/ukr/13taPPYw_j_h_iSriJa36O53vY54Cz3pb.jpeg,13taPPYw_j_h_iSriJa36O53vY54Cz3pb.jpeg,True,720,543,JPEG,6a4b280067d658fed04f044d2be16d8d57fd42a60ccfbd7da0e99c6915101c79,,False,,,,,
meme_009878,ukr,data/raw/ukr/1LTTwjIK54b-DK0OA9HrRYPLP6AaVEO6J.jpeg,1LTTwjIK54b-DK0OA9HrRYPLP6AaVEO6J.jpeg,True,1446,1808,JPEG,70a16c633df4a4e80fa08d6eafd75e15f8f8be7e9791063ffb765947a7631ce7,,False,,,,,
meme_015161,ukr,data/raw/ukr/1smaoyH_zeqs43u53OkZRtOfpTI11F1Lw.jpeg,1smaoyH_zeqs43u53OkZRtOfpTI11F1Lw.jpeg,True,1260,1218,JPEG,24a3f102da98023d43492e0194047963cb7498093136ffbc700cecd9e57ea918,,False,,,,,
meme_004129,rus,data/raw/rus/4713.jpg,4713.jpg,True,766,600,JPEG,81f506cc1bef51924c562d1af8489a9f0e866ddefe3c38f0a2c500335d1ebb25,,False,,,,,
meme_004895,rus,data/raw/rus/5402.jpg,5402.jpg,True,1122,1280,JPEG,d2fb974158b88d5810288fe82bdcf290add013098ddbd82c7efd5726bb1d6a83,,False,,,,,
meme_013220,ukr,data/raw/ukr/1gCEa7v5J5v15yIvg3Fxfx6ihyu2QEH_h.jpeg,1gCEa7v5J5v15yIvg3Fxfx6ihyu2QEH_h.jpeg,True,1040,1279,JPEG,4d7309cf0066bc0b7c67d94f955431bc1d6ef3103b16688a6ee397f130178d4e,,False,,,,,
meme_008065,ukr,data/raw/ukr/19UzvnExMERDgQT2t00n9ZFj2f2fUGJdY.jpeg,19UzvnExMERDgQT2t00n9ZFj2f2fUGJdY.jpeg,True,828,452,JPEG,96d705ad65920716f3239d7b795341b207e074189a71273ce51e07049d98bbb7,,False,,,,,
meme_005707,rus,data/raw/rus/6133.jpg,6133.jpg,True,604,1046,JPEG,dfd9f2e8fa47acf8471e841e6e3d63d121980655048d3c50c8228689c7aabaa9,,False,,,,,
meme_010008,ukr,data/raw/ukr/1MKlTdbC4tmQXmrNP9pMNNMVPaul89APw.jpeg,1MKlTdbC4tmQXmrNP9pMNNMVPaul89APw.jpeg,True,1080,1037,JPEG,b56c2d57870d58e6e8bf1d8e9ff82fc939cf77b9e0a6c22690f96441ea6231da,,False,,,,,
meme_008501,ukr,data/raw/ukr/1CNKuPtuzeg3X3dRJC-edsM7-KbDdtbb7.jpeg,1CNKuPtuzeg3X3dRJC-edsM7-KbDdtbb7.jpeg,True,960,941,JPEG,bb546909bf47eb33d34a1fbd62903b08305bb651f409a2fdf9098e308f4da080,,False,,,,,
meme_006776,ukr,data/raw/ukr/10xEpbHxkd4oh5slj7qIaUb7bLWrDoioy.jpeg,10xEpbHxkd4oh5slj7qIaUb7bLWrDoioy.jpeg,True,1280,731,JPEG,0b2c9be071e45f1cbab966b6c430e1917e4015b683e450a34f1d22af40bbabd4,,False,,,,,
meme_000701,rus,data/raw/rus/1628.jpg,1628.jpg,True,390,498,JPEG,9b3499f8de25e2179c4306d8219815f23cca37e56a62db1c5926f4a1116b1839,,False,,,,,
meme_006934,ukr,data/raw/ukr/12-77sk5oMrRvGa39zefauKiDE2Q9eK-d.jpeg,12-77sk5oMrRvGa39zefauKiDE2Q9eK-d.jpeg,True,1920,2560,JPEG,44c4e5f7edc856b8bb9640666307026908866590bdf8786d09977a09f9c31aa4,,False,,,,,
meme_011013,ukr,data/raw/ukr/1T6k5TucnOyO2pAxhCXft-mG0Z5xkAnKt.jpeg,1T6k5TucnOyO2pAxhCXft-mG0Z5xkAnKt.jpeg,True,1000,666,JPEG,384f2759d656cf1ed4e13a2c134ca7a8dddb8ea774c8939a9461d2536d1c8868,,False,,,,,
meme_004515,rus,data/raw/rus/5060.jpg,5060.jpg,True,562,328,JPEG,265881996b7eca5eb8ce852f984f4df2f5c0a430d845102c1f531be1db6e45b5,,False,,,,,
meme_010127,ukr,data/raw/ukr/1N3TWvBJVDu8Kf_G9mN2isVs0zXqheuBQ.jpeg,1N3TWvBJVDu8Kf_G9mN2isVs0zXqheuBQ.jpeg,True,864,1080,JPEG,50e3db369ad417b7c3631ffcf225adb66bc7ac33086b6874780216411721df96,,False,,,,,
meme_003223,rus,data/raw/rus/3899.jpg,3899.jpg,True,594,593,JPEG,da931f82717c7710c0c6b56d0706deb64deebefa9b749c6fc207e286ae92afe5,,False,,,,,
meme_010075,ukr,data/raw/ukr/1MnjVwgXFmgsxknzGsMaKTlUEln-uEgLR.jpeg,1MnjVwgXFmgsxknzGsMaKTlUEln-uEgLR.jpeg,True,720,1096,JPEG,d446b423cbf70a626ddb5669d8b25791d335a1e5374962911c9d92b4a17938e8,,False,,,,,
meme_013496,ukr,data/raw/ukr/1hy8LlFpa4cW7MGB2d6eBNUfUdNl65W-O.png,1hy8LlFpa4cW7MGB2d6eBNUfUdNl65W-O.png,True,1080,2724,PNG,8c8dc61b064123923baa36de1316eff0d1d89afc30871b19e10ddbdfc5c501cb,,False,,,,,
meme_004035,rus,data/raw/rus/4629.jpg,4629.jpg,True,800,623,JPEG,12da90d6e33053195841697fb65f0a8ffbb2234cef5e7855aba4080271a605c2,,False,,,,,
meme_003746,rus,data/raw/rus/4369.jpg,4369.jpg,True,714,745,JPEG,9ebd92f21c04d8170dbe1311f66b2f92234118e4ab36d0387c7c2a1129773ac6,,False,,,,,
meme_014008,ukr,data/raw/ukr/1lCgtaf6kY99LS08X-KqJmI-hPI9kKm-9.jpeg,1lCgtaf6kY99LS08X-KqJmI-hPI9kKm-9.jpeg,True,1360,373,JPEG,a91679d1889a0c4e3b1f404ec91e4e25a079bdda3f1b02e198aa7375f4add046,,False,,,,,
meme_014510,ukr,data/raw/ukr/1oaj5cj-987EffIgluNSzX-tNpkhmcANd.jpeg,1oaj5cj-987EffIgluNSzX-tNpkhmcANd.jpeg,True,470,384,JPEG,89e3ba02fa9f1d4eff5ecda9a644b284daeabdbbfc08670ff39274a9fced0c0b,,False,,,,,
meme_006888,ukr,data/raw/ukr/11jAffpGeRxQrmYovlds_9sOhv1Nl0Qjb.jpeg,11jAffpGeRxQrmYovlds_9sOhv1Nl0Qjb.jpeg,True,827,800,JPEG,8da3c4fbab87dfc8098a2e6f9cb58ec76a83b521b6097184a752c9c360b71dfe,,False,,,,,
meme_001723,rus,data/raw/rus/2548.jpg,2548.jpg,True,1280,1280,JPEG,425324b819a8a96073921bdea53fc130218a1e08c8fc064d7cc0f4cbad418e8c,,False,,,,,
meme_009240,ukr,data/raw/ukr/1HCocojg31Uf9wQwAudWacn1MECYGSFP5.jpeg,1HCocojg31Uf9wQwAudWacn1MECYGSFP5.jpeg,True,675,900,JPEG,4d8a8e7e45412c77c552e9daf0e2ce48b315db7e124a6717ad40a5d3c30bd8da,,False,,,,,
meme_014128,ukr,data/raw/ukr/1m-F7gW5ypIacJEwOL0nl-vSpG1Omznsa.png,1m-F7gW5ypIacJEwOL0nl-vSpG1Omznsa.png,True,460,615,PNG,1ff75864648b54b7c3643a59eb14c5a61a2a11ef220c5a64e22f29c1780af2a0,,False,,,,,
meme_014608,ukr,data/raw/ukr/1pLliYsqo50rkwHASGCbIO-We6kpLkKLu.jpeg,1pLliYsqo50rkwHASGCbIO-We6kpLkKLu.jpeg,True,901,1070,JPEG,37dd91889436394293af5102055170887e54cf8e05e1d419f7744416bfe41a95,,False,,,,,
meme_003448,rus,data/raw/rus/410.jpg,410.jpg,True,714,745,JPEG,b16ee8c1d882a87c158b1e84900bdebfd193d770d55d95e92861ccc0f4badf93,,False,,,,,
meme_013095,ukr,data/raw/ukr/1fXnM1JdL9A_56vICEHgXOb2Nw_-PGEqG.jpeg,1fXnM1JdL9A_56vICEHgXOb2Nw_-PGEqG.jpeg,True,1024,960,JPEG,eb55288b83792a1819c3dd4f18d4ef19908d7e0ac6d6f44a7c5a7f95c7736fbf,,False,,,,,
meme_001800,rus,data/raw/rus/2617.jpg,2617.jpg,True,1080,1023,JPEG,ff0018283ef471c07c10d72ec3eb8f0c409777463342d3e192ca0bffb1c2fb7d,,False,,,,,
meme_003910,rus,data/raw/rus/4516.jpg,4516.jpg,True,430,501,JPEG,a10350438b22d75e09fd26921dcb7c201857613dfdd3af65c63681435f0c6c97,,False,,,,,
meme_010428,ukr,data/raw/ukr/1P1FPM5soxAPO8oXGRmmsJw6rE9ycAKkZ.jpeg,1P1FPM5soxAPO8oXGRmmsJw6rE9ycAKkZ.jpeg,True,716,523,JPEG,8b9e2df780410f42a11678243b52fb0100294a9ed3c7dfd8bdb2ecce4b54dd50,,False,,,,,
meme_002082,rus,data/raw/rus/2871.jpg,2871.jpg,True,856,1280,JPEG,256e64d2e38158b95257746dc6b4fb9dbf8aecb3340d5e2b0c04c046cd596d97,,False,,,,,
meme_014252,ukr,data/raw/ukr/1mw0A_XbHz1bsqJO06B7RvJ7nhtDj-Ksk.jpeg,1mw0A_XbHz1bsqJO06B7RvJ7nhtDj-Ksk.jpeg,True,480,273,JPEG,598b053849c0f64bd7a3a9f8b293df737ba9e0afd3d52a5aa4ce379a076f7c59,,False,,,,,
meme_000340,rus,data/raw/rus/1302.jpg,1302.jpg,True,619,800,JPEG,72186de98acff7b9a586789610d3a034c66e966fee9b9223b8e605082a1a5cdf,,False,,,,,
meme_011057,ukr,data/raw/ukr/1TMZpXANLkvSfaccjV9bfyhfkCP59KKw4.jpeg,1TMZpXANLkvSfaccjV9bfyhfkCP59KKw4.jpeg,True,1200,675,JPEG,ef35288ed350f13c78ebef99088f4edea17fe6d5332cd1f2abf39a83a998409d,,False,,,,,
meme_015239,ukr,data/raw/ukr/1tNRbxC-FIBTPvo0aDSOEbPT-9iEZ4PNL.jpeg,1tNRbxC-FIBTPvo0aDSOEbPT-9iEZ4PNL.jpeg,True,828,600,JPEG,e679ce9e69c2e8894a19f3d17ed8e183ca677502ba254ddb7914b25a8341be5f,,False,,,,,
meme_009129,ukr,data/raw/ukr/1GY-_hBVpM2h-vEOI3IZyFZn7DkSDyMdm.jpeg,1GY-_hBVpM2h-vEOI3IZyFZn7DkSDyMdm.jpeg,True,720,744,JPEG,36f9500223998695a942eda014693704605454fa04dcd08bb8d8b27fec81724c,,False,,,,,
meme_012682,ukr,data/raw/ukr/1csRX0vQwgSqwPkj1wJHi3Pu0-ITQyqg3.jpeg,1csRX0vQwgSqwPkj1wJHi3Pu0-ITQyqg3.jpeg,True,362,604,JPEG,b3453ec466d3a542ab570ac8591f0aaf2c309a55c67fa036a8164b509eb94c70,,False,,,,,
meme_000564,rus,data/raw/rus/1504.jpg,1504.jpg,True,604,595,JPEG,4c989ee84316a5f04f996c226922d2ab00fb4955f6a4dc05144b6cb9f56d2d37,,False,,,,,
meme_001329,rus,data/raw/rus/2193.jpg,2193.jpg,True,800,771,JPEG,f32e0336202f27aef184948d0d14bc0674ca917cdfec33d114d64a0100dfa49e,,False,,,,,
meme_011527,ukr,data/raw/ukr/1WPt1je2CBZ-pyIw-H5TbkUVCWiOYr2bx.jpeg,1WPt1je2CBZ-pyIw-H5TbkUVCWiOYr2bx.jpeg,True,879,1280,JPEG,cf7a0d1408712f95c72aaebe8c878182d2c2e21277abedfe390ea942176e7c17,,False,,,,,
meme_007299,ukr,data/raw/ukr/14J6g6n5IEvPXaZbP_p_0UQOyudptGmk8.jpeg,14J6g6n5IEvPXaZbP_p_0UQOyudptGmk8.jpeg,True,897,1280,JPEG,cdb9c64d7402f0edba8a229b44bfeac89034bb0d5e8983afe6bcb82217a2e3ea,,False,,,,,
meme_001548,rus,data/raw/rus/2390.jpg,2390.jpg,True,600,399,JPEG,878b1993e19e35c1b11f7485274347981a64274758a2eadc5c2792ffa5d8c60e,,False,,,,,
meme_003044,rus,data/raw/rus/3737.jpg,3737.jpg,True,547,753,JPEG,2ec1c5b498d63f613d4002b79c93b2a94ffade0bd4c7bd9eec9bde847ceb90a9,,False,,,,,
meme_001057,rus,data/raw/rus/1949.jpg,1949.jpg,True,690,800,JPEG,d604f09ddadfa624b25e69e080a861ca9abba563a6a7234bfa85cd1fe030b0f2,,False,,,,,
meme_008257,ukr,data/raw/ukr/1Ajv3iOfQysmZr-d2OAwJ1ATpt7xW6Dhg.jpeg,1Ajv3iOfQysmZr-d2OAwJ1ATpt7xW6Dhg.jpeg,True,1827,2048,JPEG,d36d53e78f3f99c0e0e1e9cb360aaf8fcbdf392d7e50f2a18c2e43a5364b68c1,,False,,,,,
meme_008283,ukr,data/raw/ukr/1AxiNCSe4clb0IyshW3qi5zhRQfpdkQLZ.jpeg,1AxiNCSe4clb0IyshW3qi5zhRQfpdkQLZ.jpeg,True,635,477,JPEG,6cc89e572667fe597a0f7a391656ccc603578b88dbef0a987cf429792a53bcee,,False,,,,,
meme_009734,ukr,data/raw/ukr/1KbEQ0ExpQw0i8Hp6_Sl69hI83bi-lnyu.jpeg,1KbEQ0ExpQw0i8Hp6_Sl69hI83bi-lnyu.jpeg,True,556,716,JPEG,b7dcb61f198aeb27baa74976fb8e7249b981a323886147c4f92cdb956297ae14,,False,,,,,
meme_011657,ukr,data/raw/ukr/1XGrXAwj6bp4gWxs_svuGtK9wA8CPaGGL.jpeg,1XGrXAwj6bp4gWxs_svuGtK9wA8CPaGGL.jpeg,True,1200,1159,JPEG,38a1cc5f467df85612185fc3697d3a6784e5861a28a6d3707f7904bffa2b52f1,,False,,,,,
meme_012710,ukr,data/raw/ukr/1d2KUJIB_Vw0znMJus-caMRkx5BhXdb9C.png,1d2KUJIB_Vw0znMJus-caMRkx5BhXdb9C.png,True,811,738,PNG,192939b48afe32f5f9c4ae33ca0ba93c23077187fd9ed183954b3ecdc1446ccd,,False,,,,,
meme_008445,ukr,data/raw/ukr/1C-zB1IfXwT2xrVfz9WkzboItMaR6_2nN.jpeg,1C-zB1IfXwT2xrVfz9WkzboItMaR6_2nN.jpeg,True,600,500,JPEG,57adfcda58b75733a235547ca8978f194857e5d7874082605937e4f974f02567,,False,,,,,
meme_015092,ukr,data/raw/ukr/1sK5NuzXB5vS7C6YoMKswKVUmnScvuHmY.jpeg,1sK5NuzXB5vS7C6YoMKswKVUmnScvuHmY.jpeg,True,1066,1280,JPEG,132f8ee62f5c865e1267fc319232f5ea5c6d04f08f21239355ad6855a6df2f78,,False,,,,,
meme_002190,rus,data/raw/rus/2969.jpg,2969.jpg,True,597,1080,JPEG,3ff8654b43e26f24e62effd9258aa76e1e4ba095009623c97426a4c549b895b1,,False,,,,,
meme_009980,ukr,data/raw/ukr/1M87K6IOlAkC8VyIf1c840Ph_x-ul0EO9.jpeg,1M87K6IOlAkC8VyIf1c840Ph_x-ul0EO9.jpeg,True,1280,713,JPEG,e1f386c3398563f9bb2c42ed81dcdfc6239696077ec26722b7d253e706977324,,False,,,,,
meme_002860,rus,data/raw/rus/3571.jpg,3571.jpg,True,400,445,JPEG,7107fb57cacde50d37c316edbe7484ce37dfd168edbea41e4afbfb15f96d7c3a,,False,,,,,
meme_006418,rus,data/raw/rus/918.jpg,918.jpg,True,958,1080,JPEG,1a4358b0fdc9cc62dc5690bda971b9c2fedff9e15638f1a34eb88f8af794bc88,,False,,,,,
meme_006622,ukr,data/raw/ukr/1-x5N10rooVdkWWYNlPi53i2LnI8o2nkt.jpeg,1-x5N10rooVdkWWYNlPi53i2LnI8o2nkt.jpeg,True,1759,2048,JPEG,f96c8449081a4a8ede00f442b18cbdddcf777af01f7f01b0e6c515a1628a621e,,False,,,,,
meme_012800,ukr,data/raw/ukr/1ddHCn1fvRp_k8B0rkyUiuhxoM8p6TUoW.jpeg,1ddHCn1fvRp_k8B0rkyUiuhxoM8p6TUoW.jpeg,True,1080,1069,JPEG,6f442ab50c6a04d2a356ad4325251e602690eed17c8f70d2550fba707dc77552,,False,,,,,
meme_002681,rus,data/raw/rus/341.jpg,341.jpg,True,1280,1280,JPEG,77c5ec51770497b3690ce6898c78eae8562a03ee1d99684c9e525156348b98a4,,False,,,,,
meme_007302,ukr,data/raw/ukr/14K9fNUG0jQvUg7rlbZ7LXcBIjLlQ9Nop.jpeg,14K9fNUG0jQvUg7rlbZ7LXcBIjLlQ9Nop.jpeg,True,510,680,JPEG,fd6cacc34a674a1886a908222b3f883214c5a20b0b95380bce8bc0de92e1ff01,,False,,,,,
meme_012920,ukr,data/raw/ukr/1eVS0XWfzOYzzDvQYyBofbhK9dT_dPLuh.jpeg,1eVS0XWfzOYzzDvQYyBofbhK9dT_dPLuh.jpeg,True,972,662,JPEG,b959d15cfddb5c760e766a5aa59a97925af6d215c1026499ffa0f6d8de349d43,,False,,,,,
meme_003335,rus,data/raw/rus/4.jpg,4.jpg,True,1080,598,JPEG,77dcce08b5ed1e90a4f43ef4a2f76a9010ee6425574dba82a96f0a03fe68645a,,False,,,,,
meme_003411,rus,data/raw/rus/4067.jpg,4067.jpg,True,809,960,JPEG,70702676b7a216ce7866e4d1629c9fbacd2fedf7af6f936781805b5f1c95811c,,False,,,,,
meme_011118,ukr,data/raw/ukr/1TkFOOSvNbdHgpKYKCTz1hwUZpJnEhKzz.jpeg,1TkFOOSvNbdHgpKYKCTz1hwUZpJnEhKzz.jpeg,True,1280,708,JPEG,b8795d5a0e32b8b3138742dbb075cf47d72e91d6feb617eddfa6d095870605c9,,False,,,,,
meme_001262,rus,data/raw/rus/2132.jpg,2132.jpg,True,950,1280,JPEG,0114788968993d024f2eba2901eeec821d00fc97b8569c6bbd1fe531b940ed75,,False,,,,,
meme_009391,ukr,data/raw/ukr/1IIz6U-EloednHzX4ajrLV6510ae-0tLf.jpeg,1IIz6U-EloednHzX4ajrLV6510ae-0tLf.jpeg,True,590,235,JPEG,d232c6dfa8c67a73912147c417ab54a91fa0cd2ac8188db2f4565040c0f146c4,,False,,,,,
meme_000410,rus,data/raw/rus/1366.jpg,1366.jpg,True,640,601,JPEG,13b5d35f72972ee6785c5653f7745d9246961d7f3a85df716ebd33fd9999d009,,False,,,,,
meme_013093,ukr,data/raw/ukr/1fXBzU1X-ET7QGfcpVqKUIh7B9jzHoHsh.jpeg,1fXBzU1X-ET7QGfcpVqKUIh7B9jzHoHsh.jpeg,True,1360,765,JPEG,3ef369ef72c06119798a4428cbe29fbad34fb09449a06e972f4677124798842e,,False,,,,,
meme_008518,ukr,data/raw/ukr/1CSzdS5lrAoRz1Dujs2u8_ngt5MHd9BFN.jpeg,1CSzdS5lrAoRz1Dujs2u8_ngt5MHd9BFN.jpeg,True,947,1279,JPEG,341501215898aed087e525d665227104adffd89cfc9adb1b0689214226e12996,,False,,,,,
meme_008157,ukr,data/raw/ukr/1A6wLXKpIP2F1JcGwdUBilH6iP8zfSVF9.jpeg,1A6wLXKpIP2F1JcGwdUBilH6iP8zfSVF9.jpeg,True,1200,630,JPEG,483783f35a678949d3ecf9bf9721ca8d413280aa7ff128b1187748086da1064e,,False,,,,,
meme_008219,ukr,data/raw/ukr/1ARnvZWB0IQky5d5IYnF5F8sQrRmWEoGE.jpeg,1ARnvZWB0IQky5d5IYnF5F8sQrRmWEoGE.jpeg,True,695,477,JPEG,1980cb7c5cb47f96bc95cf9806c57118001b8be5059921cecb90043d73741c1b,,False,,,,,
meme_015010,ukr,data/raw/ukr/1rqvfbrCkuwKFwcn1v6G5TwmD4_2Zm68s.jpeg,1rqvfbrCkuwKFwcn1v6G5TwmD4_2Zm68s.jpeg,True,1023,1023,JPEG,93967a0f2dcda40a31e77a741becc7ed393aad70c06e0ea2a51d495f78ce1a7b,,False,,,,,
meme_003985,rus,data/raw/rus/4584.jpg,4584.jpg,True,1280,931,JPEG,6457f94e70b6849e7eb28fea765d9dba0fbc56f39d873511da707eaa4b960382,,False,,,,,
meme_006456,rus,data/raw/rus/952.jpg,952.jpg,True,640,642,JPEG,4ee68fb95d5414ccafc1bfb01ce78f06bbc03d260f555b22eb8e639a6b0a5c9b,,False,,,,,
meme_005386,rus,data/raw/rus/5845.jpg,5845.jpg,True,1201,1089,JPEG,d8b668ebd1f0ed42864b0b38f0a8deb809f7315d87023ae916c74c0d2c4fcd69,,False,,,,,
meme_014992,ukr,data/raw/ukr/1rms7fRoVkLM2nqbtwpKgqbwtjU7R0npx.jpeg,1rms7fRoVkLM2nqbtwpKgqbwtjU7R0npx.jpeg,True,825,825,JPEG,0db7f27aed25678453c7d02bc9ee03eeede58a0207a15317a171ccd4ebfe39d9,,False,,,,,
meme_014748,ukr,data/raw/ukr/1qHVcn-Lkmz1ESh1Bhsy_vp14eIQ8JQh0.jpeg,1qHVcn-Lkmz1ESh1Bhsy_vp14eIQ8JQh0.jpeg,True,940,788,JPEG,6b5f6a4c6b5e3cd91f649dbe44e626274309f55d1fc1a07469064277b84352ed,,False,,,,,
meme_006992,ukr,data/raw/ukr/12QDhf99EH7yL29si3RnRPIpT7OviYBIk.jpeg,12QDhf99EH7yL29si3RnRPIpT7OviYBIk.jpeg,True,906,531,JPEG,b197c6cf74c9483b494193b69903ffc61bac02e7d56ea661128730a4f05e0026,,False,,,,,
meme_009973,ukr,data/raw/ukr/1M59GtbVDuyRMmN3m1Lgo7jIuF03iFLXs.jpeg,1M59GtbVDuyRMmN3m1Lgo7jIuF03iFLXs.jpeg,True,1144,1127,JPEG,8349c2a844d3bc952df89fc1b9ed3697b75042a35d4f523a075ccc307ffb832d,,False,,,,,
meme_015290,ukr,data/raw/ukr/1ti565grcw_I39MGdx0gJJU6V5qjWtCQE.jpeg,1ti565grcw_I39MGdx0gJJU6V5qjWtCQE.jpeg,True,858,854,JPEG,04a60aaf51461b102c3c330557352314ce682ca1991720542ce8d15f2c126c6c,,False,,,,,
meme_006346,rus,data/raw/rus/853.jpg,853.jpg,True,826,1080,JPEG,37125f5d92109dd96df18cbd3b3ddf8d99163a9136a29df66f333ca3e65aa934,,False,,,,,
meme_007388,ukr,data/raw/ukr/14wJZwATjgQYEd3loilOFp6FdfYaOpVUz.jpeg,14wJZwATjgQYEd3loilOFp6FdfYaOpVUz.jpeg,True,573,458,JPEG,a22794b4171ccd7131971a3dba584dc9bcfebe5e9db7ccf9df8eef673ca9196d,,False,,,,,
meme_009356,ukr,data/raw/ukr/1I59sHCS5OY4zUxs-g4nS4ttxaIj3_ihL.jpeg,1I59sHCS5OY4zUxs-g4nS4ttxaIj3_ihL.jpeg,True,1080,1249,JPEG,a8abe4a5c8852666ac2b0bd8c25671c97b3a71e41b8391373d3de1fb2f8bf874,,False,,,,,
meme_000178,rus,data/raw/rus/1157.jpg,1157.jpg,True,1080,845,JPEG,cb548c2784b8b03c3a4a61eb9a51527de8228a0d8c18505d4441ceedcffc3aa4,,False,,,,,
meme_003828,rus,data/raw/rus/4442.jpg,4442.jpg,True,1200,1188,JPEG,3b1ba254b9edf1358a89dd9af57f148cc6e2177c4734ac8374531560839ff8da,,False,,,,,
meme_004352,rus,data/raw/rus/4914.jpg,4914.jpg,True,926,1026,JPEG,b40755e030d9a18625e7ff453224e46dbb7a3fd46ee9178b1863672769c9062b,,False,,,,,
meme_011360,ukr,data/raw/ukr/1VK5wle3r_aXN5b-9WlrMbDiqSW5GxYMn.png,1VK5wle3r_aXN5b-9WlrMbDiqSW5GxYMn.png,True,785,779,PNG,62e161d82237543b85a2780ae5e6ef7af58820799c6c735d6ede2982b768bf29,,False,,,,,
meme_001303,rus,data/raw/rus/217.jpg,217.jpg,True,500,375,JPEG,d287153c74e629d5dc4645b8efa45c32261db43ee952b03cfa90428fe7b84c18,,False,,,,,
meme_000412,rus,data/raw/rus/1368.jpg,1368.jpg,True,604,503,JPEG,97e2478ea17c9d21f5e14097a93bacb356a6e5043182c678a52486938c09f6fc,,False,,,,,
meme_001200,rus,data/raw/rus/2077.jpg,2077.jpg,True,1080,1080,JPEG,500130b28f288f2c6901e9cb82ae73b8221a0a0044f86b58ae6df97e02b5f8a9,,False,,,,,
meme_000736,rus,data/raw/rus/166.jpg,166.jpg,True,800,532,JPEG,2c4a081a9aab7dbf7f72bbede4b34a91af063cc9cc03b7f05054118be36f8efa,,False,,,,,
meme_003947,rus,data/raw/rus/455.jpg,455.jpg,True,900,695,JPEG,209af15ced1e55346e889cd63a0530ae57a704f5305e408ac3f9bfb002b0c595,,False,,,,,
meme_001535,rus,data/raw/rus/2379.jpg,2379.jpg,True,604,521,JPEG,36663c8e853493fc146cbb9b40a04ea2c87fc4cc491f45987e387a38b6bafa26,,False,,,,,
meme_003384,rus,data/raw/rus/4042.jpg,4042.jpg,True,1011,1080,JPEG,543ee78f6fe4608035091a7b603778fba40b2804e7caf815ae449dd3a646911a,,False,,,,,
meme_005439,rus,data/raw/rus/5893.jpg,5893.jpg,True,800,439,JPEG,a8cd9f1575a890ef822db2db54072695b9f7362c4095eb740a45c684823a9a70,,False,,,,,
meme_006591,ukr,data/raw/ukr/1-h3oc7tTnoXGs4XbNniG8X39CeOrUXYx.jpeg,1-h3oc7tTnoXGs4XbNniG8X39CeOrUXYx.jpeg,True,600,400,JPEG,45b7087e7236a67d911900dff7ca8394301b65e3f7542331def095f782287d97,,False,,,,,
meme_015124,ukr,data/raw/ukr/1sZbvTksFjMjxraVoJ8_g4Zs9KsuQOYkL.jpeg,1sZbvTksFjMjxraVoJ8_g4Zs9KsuQOYkL.jpeg,True,929,913,JPEG,5fabb295802906dd26f18dd8e7b6e3f1bb2e27b0b0777b158c949e715b7f5402,,False,,,,,
meme_008207,ukr,data/raw/ukr/1ANkDeP2tgVlOKpv-vlAfKHd3yBeRcESu.jpeg,1ANkDeP2tgVlOKpv-vlAfKHd3yBeRcESu.jpeg,True,643,1141,JPEG,169ab36643e73114eb071d5a4eed7761aaac335ae96b7217eacbc7a59bb7ec48,,False,,,,,
meme_014884,ukr,data/raw/ukr/1rBTzeq3EjOzV6E3mc6O7VZg_QDdN11B0.jpeg,1rBTzeq3EjOzV6E3mc6O7VZg_QDdN11B0.jpeg,True,623,478,JPEG,c228ed729a436f8359b1612c3896554e49c97a9364147e9fb8298b3114dc2683,,False,,,,,
meme_012502,ukr,data/raw/ukr/1bmqwoyAILLKaJfKAyiEcn7fegq3lYyPe.jpeg,1bmqwoyAILLKaJfKAyiEcn7fegq3lYyPe.jpeg,True,1280,1053,JPEG,7a225c53b1a4ffd2323be49695d615fb60b785e2bd9cb74d6b0024ec70133529,,False,,,,,
meme_000658,rus,data/raw/rus/159.jpg,159.jpg,True,876,1280,JPEG,f42b179fef33c7aa5e157ee113cccac755c71aea8036f01261e4b2bb27e914d7,,False,,,,,
meme_008669,ukr,data/raw/ukr/1DYIA56PE1Xukbven3IjdB8wIMWlUdZFv.jpeg,1DYIA56PE1Xukbven3IjdB8wIMWlUdZFv.jpeg,True,974,800,JPEG,b6568b1e42b1f8042a8fd9bac0facaf63058b2edc354b7a5d2f0c4f5b01bf2a6,,False,,,,,
meme_000625,rus,data/raw/rus/156.jpg,156.jpg,True,952,1280,JPEG,0b7881bee63e0a753a61157ca3aca614c05ced7909ee744f71166de098ebc846,,False,,,,,
meme_011199,ukr,data/raw/ukr/1UIcVtJxZzirxgSGPXjFN6gQi3ti72Usv.jpeg,1UIcVtJxZzirxgSGPXjFN6gQi3ti72Usv.jpeg,True,1052,1280,JPEG,5e9aec277cbc6abb3a879428486895d91cfe0a4dd2cb37e35ce975689e89560f,,False,,,,,
meme_003510,rus,data/raw/rus/4156.jpg,4156.jpg,True,752,526,JPEG,760f1a43ae00d3f44e6c68c317f604c0656322d8845c7ac882747606d15be678,,False,,,,,
meme_013669,ukr,data/raw/ukr/1j5XBw7KrsMs3U0zQauciuT9l93ItwGu_.jpeg,1j5XBw7KrsMs3U0zQauciuT9l93ItwGu_.jpeg,True,782,790,JPEG,30231723b74fd2ec89031cc8582945938f91e3670e96bd5841cd5b19b0432fb4,,False,,,,,
meme_015488,ukr,data/raw/ukr/1ut1Ru4BTvnSct68ADStgXMluZ25sfpzl.jpeg,1ut1Ru4BTvnSct68ADStgXMluZ25sfpzl.jpeg,True,1280,956,JPEG,655547d584465843072a7e9f6456d86750040ad0fbca6131ee1f74f4625bc103,,False,,,,,
meme_001660,rus,data/raw/rus/2491.jpg,2491.jpg,True,800,532,JPEG,70a6404eebd99341599f5449968a049dc979af902c9df250873bf447403a1b70,,False,,,,,
meme_010952,ukr,data/raw/ukr/1SgnnhIo2Lz_67zlnfzuyyByJxMUB5AiJ.jpeg,1SgnnhIo2Lz_67zlnfzuyyByJxMUB5AiJ.jpeg,True,730,1279,JPEG,94a9a8bde3cc8781bbc34778d0897635eded04ef254b3f5b45e4176ca6415bea,,False,,,,,
meme_011300,ukr,data/raw/ukr/1UxtXt6C8jkeIIs0ru4avbYMJSk-1AJEf.jpeg,1UxtXt6C8jkeIIs0ru4avbYMJSk-1AJEf.jpeg,True,680,473,JPEG,da4180dba0ba6fe3c46bb4a86768893d98c115a0dad51cafa158546041e6667d,,False,,,,,
meme_000281,rus,data/raw/rus/125.jpg,125.jpg,True,477,800,JPEG,93edc6ab53087c8b6c17faccf7bc93581043c23d4d75649f89ba1581c8171390,,False,,,,,
meme_002268,rus,data/raw/rus/3038.jpg,3038.jpg,True,1065,746,JPEG,f13ce7093f0a20e28bfadeb54f410a92df0a7502273a77a2045e15e222cf1709,,False,,,,,
meme_012091,ukr,data/raw/ukr/1_6kv_-y-Ki2ZkWG-hGxS9vrlYx2hnin8.jpeg,1_6kv_-y-Ki2ZkWG-hGxS9vrlYx2hnin8.jpeg,True,1418,1080,JPEG,76737a49da933230d98955ef286a6ea82ae1965c833a5995a57cd7cd43ecf3f5,,False,,,,,
meme_009647,ukr,data/raw/ukr/1K2mlJaDy92ITdvKBoEEn60HA_CVTMwKF.jpeg,1K2mlJaDy92ITdvKBoEEn60HA_CVTMwKF.jpeg,True,900,926,JPEG,1bc0bb5e5a03e5ab4a24c0502f96b7b6e46dd6245afc55f2a31957667c45be86,,False,,,,,
meme_003091,rus,data/raw/rus/378.jpg,378.jpg,True,800,705,JPEG,b29f3490dad9a9299437ad5fb1b3211fb80353813f5c820b48f4cffb0001b44d,,False,,,,,
meme_004746,rus,data/raw/rus/5269.jpg,5269.jpg,True,1080,1207,JPEG,65a3091e16d5128c2932df33368b2d083f73637a620e08904b5e60b8ee8a705b,,False,,,,,
meme_001534,rus,data/raw/rus/2378.jpg,2378.jpg,True,612,523,JPEG,42cb310fad4ef820b86741c226c60a894ba350b4b95a432158975ac8f650bd1d,,False,,,,,
meme_001769,rus,data/raw/rus/259.jpg,259.jpg,True,551,800,JPEG,0d3bb8ba592289dccb5f765d685aa9a1fd009d2edcd53f04286e3bcf1b3096d5,,False,,,,,
meme_003904,rus,data/raw/rus/4510.jpg,4510.jpg,True,1003,1080,JPEG,61f26fba976acab65f63bc929e4d46c13e877918495fa3afafb72c942aa6f82b,,False,,,,,
meme_005182,rus,data/raw/rus/5661.jpg,5661.jpg,True,800,613,JPEG,70d25b45d467d52ce5602db821e739748b253fe603f73ee15fe7011f6c7145b1,,False,,,,,
meme_005169,rus,data/raw/rus/565.jpg,565.jpg,True,929,1059,JPEG,52499e979bf5e50bccb127c6b1e23d94f2556d047b55d51d73155bbcbe1fb6cd,,False,,,,,
meme_015573,ukr,data/raw/ukr/1vQm4qKvI4zoZTQVObPUXb8k27luhRotc.jpeg,1vQm4qKvI4zoZTQVObPUXb8k27luhRotc.jpeg,True,403,630,JPEG,a320da92921c9e4fa6e2a1fe518b97f399addb8c8ae3496d5c569815f39c36d0,,False,,,,,
meme_005045,rus,data/raw/rus/5538.jpg,5538.jpg,True,736,595,JPEG,97581575adadf58eca9679e32a30d19fff42148fa7e23ad82ad2c576ad3cab45,,False,,,,,
meme_008879,ukr,data/raw/ukr/1Es6KM6JENGz_DyLxWYL2Tlg4jKsQfwt2.jpeg,1Es6KM6JENGz_DyLxWYL2Tlg4jKsQfwt2.jpeg,True,680,564,JPEG,fbf2282079acb55ac630fa6c1f3599d1c4a06757eba2be9921898872bbc68a9e,,False,,,,,
meme_006561,ukr,data/raw/ukr/1-Re55kKJ-bceiftDSS0fFVUPGGjYNdPo.jpeg,1-Re55kKJ-bceiftDSS0fFVUPGGjYNdPo.jpeg,True,900,574,JPEG,13f4273eccdc5befd4627a1ff342c1d35b1ebedda787db911ed016effeb5f837,,False,,,,,
meme_008711,ukr,data/raw/ukr/1DmiyWhH6Zf6KHinRcMEtMVrITcxw7FQA.jpeg,1DmiyWhH6Zf6KHinRcMEtMVrITcxw7FQA.jpeg,True,677,680,JPEG,0ac4151ef97dc7e782a57be9dc5c9a91faf252e1087d5842e8262965940a6f38,,False,,,,,
meme_012833,ukr,data/raw/ukr/1dn9QRXHssKdJdcBxtboPX7WoQmgtLns3.jpeg,1dn9QRXHssKdJdcBxtboPX7WoQmgtLns3.jpeg,True,627,730,JPEG,272d73e3e853b798daa937232da84eaeef1690ebbb92d2bdc4133b5f52ea3cea,,False,,,,,
meme_010438,ukr,data/raw/ukr/1P3c9S_MRoe-DmrOEhbcW4AnuZtFxIGS7.jpeg,1P3c9S_MRoe-DmrOEhbcW4AnuZtFxIGS7.jpeg,True,680,491,JPEG,f10e4c2c6b6ba428e4a3d9323ab76b20f6e0f0e941a942cf4f43759a2732969a,,False,,,,,
meme_013021,ukr,data/raw/ukr/1f8OicMQnBsSPSHc3hOYOFDenSZ4LWytc.jpeg,1f8OicMQnBsSPSHc3hOYOFDenSZ4LWytc.jpeg,True,690,756,JPEG,c2cd5b5c0e17a279f5bbd53133eab1bcf68bf6d8ba8ec5cf465301a66151b551,,False,,,,,
meme_004122,rus,data/raw/rus/4707.jpg,4707.jpg,True,640,786,JPEG,ed0b7d73d96ef5f8b6bc40152ad5fb7c1f46980868ccfb8242a6b4493ad6e2e1,,False,,,,,
meme_011420,ukr,data/raw/ukr/1VjblTuvV4ddNT1pySxfRpnuJbHz330Ih.jpeg,1VjblTuvV4ddNT1pySxfRpnuJbHz330Ih.jpeg,True,1080,733,JPEG,0fca7ea6195e91dec0a879f5a9172a2c58aabecc14c1c8f5103cd6c14362be9c,,False,,,,,
meme_014315,ukr,data/raw/ukr/1nMrP5d8n8Q3sT9KvdIB1f_8xaOLng7HE.jpeg,1nMrP5d8n8Q3sT9KvdIB1f_8xaOLng7HE.jpeg,True,1280,918,JPEG,1fa0ce4d974ecba8281cf6a31a9ac14b82a7f017601a51835a2e78924f869b25,,False,,,,,
meme_006473,rus,data/raw/rus/968.jpg,968.jpg,True,958,1280,JPEG,33207eb93f9150e87f229ecbe0c6914aeef25371f6638c59823b87f2cbe92cb2,,False,,,,,
meme_009464,ukr,data/raw/ukr/1ImgvT1nV3OegIIxyVCi43LmEegQ0EyHv.jpeg,1ImgvT1nV3OegIIxyVCi43LmEegQ0EyHv.jpeg,True,1276,1451,JPEG,05528b41ab9c33c4f0f0cfb0c977d94fbf9780c8b983ddbcafb86f63f5bd9d39,,False,,,,,
meme_003560,rus,data/raw/rus/4200.jpg,4200.jpg,True,983,1280,JPEG,7917a1313a9fb7a156303d4065fb4fd6a5549c37ad910717c1573c1fba9c4d96,,False,,,,,
meme_007174,ukr,data/raw/ukr/13_zddrPvtDa3QCG5sC1a4YV1tsTBkpzS.jpeg,13_zddrPvtDa3QCG5sC1a4YV1tsTBkpzS.jpeg,True,650,438,JPEG,5fa9ab0e2a44adacf36e4b09fdbef98d7079be54dd3470e876d08abd3ef30a3d,,False,,,,,
meme_013443,ukr,data/raw/ukr/1hct6v1ha1l3RhlqH26m5qMlB1w_tV8SE.jpeg,1hct6v1ha1l3RhlqH26m5qMlB1w_tV8SE.jpeg,True,1280,1041,JPEG,267da3b1e2c767e076cddcb15a9f2aff42aa0b725c4a692199f2eceea424aa0b,,False,,,,,
meme_003015,rus,data/raw/rus/3710.jpg,3710.jpg,True,640,656,JPEG,167a760eb343fba8d68da95e7ba3540d72e01b0be7686b92def898fc32aa53d1,,False,,,,,
meme_013356,ukr,data/raw/ukr/1h4HvZB7b-QtsVAslp654sAlbH98C-S0C.jpeg,1h4HvZB7b-QtsVAslp654sAlbH98C-S0C.jpeg,True,700,393,JPEG,625efa3d1debf445273325ce1b10497ec6f3c874b08cc75346c0a03904b95f8d,,False,,,,,
meme_013735,ukr,data/raw/ukr/1jWEJudD8x6V2YE1IBlvFtAbPTIJJsabF.jpeg,1jWEJudD8x6V2YE1IBlvFtAbPTIJJsabF.jpeg,True,1080,929,JPEG,ba51318f20a05651bf16781a3677d1eea64b2f42d10bf7f54cef0a38fc4de3ed,,False,,,,,
meme_008427,ukr,data/raw/ukr/1BuWlbbpqnVILz8wdXIKRQC-rc4DuqfcR.jpeg,1BuWlbbpqnVILz8wdXIKRQC-rc4DuqfcR.jpeg,True,720,474,JPEG,beec50b0d9b49c51a65a8c4b82da48923c66c32b8910e165401b32929d110d41,,False,,,,,
meme_014085,ukr,data/raw/ukr/1ll69NyntK5MQcG_g690SoTf010Ty9Q5V.jpeg,1ll69NyntK5MQcG_g690SoTf010Ty9Q5V.jpeg,True,900,900,JPEG,9db6a15674443e793a18d5a93fed153e9cbd798195fbc4a972f40df017f500f3,,False,,,,,
meme_009572,ukr,data/raw/ukr/1JWoWfi6klMXvGAQpmVY9x-G2LOE8Jo3v.jpeg,1JWoWfi6klMXvGAQpmVY9x-G2LOE8Jo3v.jpeg,True,1442,811,JPEG,0183caff4bcf005d88d832597082d1462a26fc5f769af31eb633ab603f7fab0b,,False,,,,,
meme_004503,rus,data/raw/rus/505.jpg,505.jpg,True,1242,1148,JPEG,18bcb275fa76147cfb812f5919b22fb8cadf137740976a047c2da460b6f1a6c5,,False,,,,,
meme_005029,rus,data/raw/rus/5523.jpg,5523.jpg,True,640,458,JPEG,116ce125eabe8eec703635a77105ffe6e669e4be99f94cd45403537a8bf8ad69,,False,,,,,
meme_005904,rus,data/raw/rus/6310.jpg,6310.jpg,True,580,800,JPEG,ae5b7c3808bca41f023459c350c58d993d9ec21620e945dac419d89f85eafeda,,False,,,,,
meme_009755,ukr,data/raw/ukr/1KkNRP4fegCpQ8jQAoqNAt1-_CVZycHtp.jpeg,1KkNRP4fegCpQ8jQAoqNAt1-_CVZycHtp.jpeg,True,2040,1900,JPEG,bd59222181ce43829fe8d804110d59d9aa226658912330aaa6ef870ed72783b0,,False,,,,,
meme_010958,ukr,data/raw/ukr/1Sjc0v2CjxC1J9MsmgUnakpWLoa6Kcz3L.jpeg,1Sjc0v2CjxC1J9MsmgUnakpWLoa6Kcz3L.jpeg,True,828,787,JPEG,9e56e5b4bf7aef74db4b8992e24c3297b458a97b70bdd5594cd6c2d29dcd0621,,False,,,,,
meme_009305,ukr,data/raw/ukr/1Hb_RlDKrHqTXkc-oBL1mFdNpNmhWYpbO.jpeg,1Hb_RlDKrHqTXkc-oBL1mFdNpNmhWYpbO.jpeg,True,829,960,JPEG,bfad1a5b8ed4b8c1417f9240b7a66e95f493cd52a8ba5468eda5a831a42b498c,,False,,,,,
meme_011113,ukr,data/raw/ukr/1Th4R9T6b30G1VQTKBjXCA4bmSmTcDKb6.jpeg,1Th4R9T6b30G1VQTKBjXCA4bmSmTcDKb6.jpeg,True,1117,1080,JPEG,b3a67a806fb937b238d9aea31ccb2a31d0dc9eb30ae21b7dc9fe46159546eb3c,,False,,,,,
meme_009943,ukr,data/raw/ukr/1Ls-dxfkVx4GCn_-xiAfSeMaVOMHS9Yni.png,1Ls-dxfkVx4GCn_-xiAfSeMaVOMHS9Yni.png,True,356,568,PNG,74b3c07364db52507d102802b97a977b84dec9604180f317b7358f9baecc0d03,,False,,,,,
meme_012982,ukr,data/raw/ukr/1eteURot-UlNtKwW84LapkEotny8I4GXy.jpeg,1eteURot-UlNtKwW84LapkEotny8I4GXy.jpeg,True,526,515,JPEG,43f4d994c54241dfa7b37657834c05f3d3cd3fc5542b0fe4f491d9ff6ed70960,,False,,,,,
meme_004296,rus,data/raw/rus/4864.jpg,4864.jpg,True,1170,919,JPEG,b5e0fab8736ce5d165b3fb2e2f65619525ff9a9ec3a422bf32c56a65f0d72ad2,,False,,,,,
meme_008834,ukr,data/raw/ukr/1EZDCqLkTrMDGLUZUb1pauzMT_gPqvHQn.jpeg,1EZDCqLkTrMDGLUZUb1pauzMT_gPqvHQn.jpeg,True,1196,999,JPEG,6659f807b61165daaacb9ad5f44cdffc3340c414c29fc91ff921e118824f4bba,,False,,,,,
meme_005971,rus,data/raw/rus/6371.jpg,6371.jpg,True,758,800,JPEG,22efa356434e52627be219ba0e7d6f79128624aef5427a2947c5127f75efb668,,False,,,,,
meme_001248,rus,data/raw/rus/212.jpg,212.jpg,True,1280,1000,JPEG,cbb9cc2b8e366c63966c77717c9a234dd1fded8025e56f628180a35b68ecca41,,False,,,,,
meme_007931,ukr,data/raw/ukr/18S4dGsoVJXSTYMvJenqxIpOB9FLdjmf-.jpeg,18S4dGsoVJXSTYMvJenqxIpOB9FLdjmf-.jpeg,True,843,928,JPEG,3b11ed098837ae883dc0ece4d8bff850acc710bc823637bbada9e9cfaa03a4e7,,False,,,,,
meme_012617,ukr,data/raw/ukr/1cU0t30coYmrzfZ6xkcnOtEInbHWIDPaX.jpeg,1cU0t30coYmrzfZ6xkcnOtEInbHWIDPaX.jpeg,True,1374,1716,JPEG,3a8395380615f4096370319a2cd1d9a7d032f4fb413955e7a962dc8744777535,,False,,,,,
meme_015666,ukr,data/raw/ukr/1w4eezzsd1502boRIZv7HUTgZTEWc6QVZ.jpeg,1w4eezzsd1502boRIZv7HUTgZTEWc6QVZ.jpeg,True,1179,1409,JPEG,dd602e093e278b1a10971a6323d07d2bf1e6bf18d8249bb68f3993beafb13b4e,,False,,,,,
meme_007600,ukr,data/raw/ukr/16KOz_V8iYFDXpxO0_g2Jza-vPGhNoSEV.jpeg,16KOz_V8iYFDXpxO0_g2Jza-vPGhNoSEV.jpeg,True,900,1175,JPEG,aaffbdbd7a38cfa74daef7dff1c55668bfa3b5c9edb7a7726227fab51b685d90,,False,,,,,
meme_015063,ukr,data/raw/ukr/1s9AMr2Vt-_bJJ1BHQ8pqq4JIaKwCOuxN.jpeg,1s9AMr2Vt-_bJJ1BHQ8pqq4JIaKwCOuxN.jpeg,True,640,634,JPEG,904c4d9c30272227a89b834601a89fb578ea7de5e958b6edd7b063dd37a57474,,False,,,,,
meme_012477,ukr,data/raw/ukr/1bdy9Jxph3Al87P0KJkwmkwm6CMZsWLYZ.jpeg,1bdy9Jxph3Al87P0KJkwmkwm6CMZsWLYZ.jpeg,True,1197,888,JPEG,8e39747c6060aa9f508b825a30393838b84dda78908953b9b49413295d1b2613,,False,,,,,
meme_015799,ukr,data/raw/ukr/1x3tNFft-7NxWVFTRSnwhhzTPv1RPlJJH.jpeg,1x3tNFft-7NxWVFTRSnwhhzTPv1RPlJJH.jpeg,True,1072,1199,JPEG,cc7c1820fce7c55469c0d0505a653fbd43735fcb3b3cae4c5d5373a0d6254263,,False,,,,,
meme_013787,ukr,data/raw/ukr/1jq-AhysFAqoZhynKDHP-v-iAyo9QBy5D.jpeg,1jq-AhysFAqoZhynKDHP-v-iAyo9QBy5D.jpeg,True,710,648,JPEG,93e7c8d1f8c0b19cf57c2ab9e30b9e5a8f7d7530eaac38b135e6c7be99067ae7,,False,,,,,
meme_014155,ukr,data/raw/ukr/1mAk60wQLUhXEOpMzRZAcRBo6UkIZK391.jpeg,1mAk60wQLUhXEOpMzRZAcRBo6UkIZK391.jpeg,True,1280,720,JPEG,7e548807295ada75233ecb3d5b431ff97a4bbda1e770f95bfdc74e8d67f3fea2,,False,,,,,
meme_004872,rus,data/raw/rus/5382.jpg,5382.jpg,True,720,404,JPEG,8cf0f772e5d07df4466c653ebdde2b20d3efb425ca0dcb4b21c6de5d727dc2a7,,False,,,,,
meme_002586,rus,data/raw/rus/3324.jpg,3324.jpg,True,630,457,JPEG,a576a12efb8cbcd106581462e6e25647a4ca9dc01f8cc920f4655398f0db9ed0,,False,,,,,
meme_015439,ukr,data/raw/ukr/1ucpSWmQ2-eWAzpEYQyZBE9hCpWH6hcwm.jpeg,1ucpSWmQ2-eWAzpEYQyZBE9hCpWH6hcwm.jpeg,True,877,1280,JPEG,2d66a295b6444189f5e4562dafacd061917c979f490fce576a460570b22ab2e5,,False,,,,,
meme_005515,rus,data/raw/rus/5961.jpg,5961.jpg,True,731,800,JPEG,9dd2b5ad53a5459d9e6201debe9251d5e70ec4c2f59f2654286ddec61bd8341b,,False,,,,,
meme_009119,ukr,data/raw/ukr/1GRjL75TyM1bR03ysz4XzNOImpbBTp6bv.jpeg,1GRjL75TyM1bR03ysz4XzNOImpbBTp6bv.jpeg,True,1054,1262,JPEG,55e8b133bfcd2c86153feb7882a1a110839dd1b7666b422acb785b71b3733ca1,,False,,,,,
meme_007188,ukr,data/raw/ukr/13eEuxegXDEHV0_KNYIBd2zed1y3DmooB.jpeg,13eEuxegXDEHV0_KNYIBd2zed1y3DmooB.jpeg,True,875,1280,JPEG,cdb1b9bdbad0abdc2b8b74b0f730d39184afc96f57cf5a45284004bbbd47ef14,,False,,,,,
meme_005298,rus,data/raw/rus/5766.jpg,5766.jpg,True,1027,1280,JPEG,29ceed5bb426a413925e161eb7f3d2548d4a450edfe3499742990afe8aedce66,,False,,,,,
meme_007039,ukr,data/raw/ukr/12divoplaMOsQ4FhyK0FoRHWOfvAGBEgf.jpeg,12divoplaMOsQ4FhyK0FoRHWOfvAGBEgf.jpeg,True,1170,1103,JPEG,3dc1ff245d0cc1526d885f9c832a55924255e3787e1e75bc9013c5245f480c6f,,False,,,,,
meme_015243,ukr,data/raw/ukr/1tQeuxZSTu3278l2gZ3jGZymN-EEueS-l.jpeg,1tQeuxZSTu3278l2gZ3jGZymN-EEueS-l.jpeg,True,900,813,JPEG,a5f19eb9346c1da2b7437199be1646ae9ac51a3a982011af9f29dcb019111bf1,,False,,,,,
meme_012394,ukr,data/raw/ukr/1bBGo_tb4GBLDxKudMqUZFQZ9OVEIbOIx.jpeg,1bBGo_tb4GBLDxKudMqUZFQZ9OVEIbOIx.jpeg,True,948,1204,JPEG,189e7f366949c90ae04590dd8b1c0543064d44b9b502dd05378214c948a9d22c,,False,,,,,
meme_010691,ukr,data/raw/ukr/1Qp7HW44FRKR_HwPd8iBxF3clUc17SiKB.jpeg,1Qp7HW44FRKR_HwPd8iBxF3clUc17SiKB.jpeg,True,743,890,JPEG,d8dd713953dc3c2c99e341d1ce5627cbdcdfa571588c1c8992a5cbe3ec56a559,,False,,,,,
meme_007729,ukr,data/raw/ukr/179I-uEhMtJ-HFrTeRYRcg0-_Ri7Zz5Fx.jpeg,179I-uEhMtJ-HFrTeRYRcg0-_Ri7Zz5Fx.jpeg,True,807,900,JPEG,4bf943c19132ff81e07ae068bef285045d5a12089c7f909f6d50a9b0b74b351c,,False,,,,,
meme_001227,rus,data/raw/rus/2100.jpg,2100.jpg,True,886,1280,JPEG,d0f2ba09f6e35071795af92d50446d7dd824afd7d85d1576f3561bd0305cb404,,False,,,,,
meme_012553,ukr,data/raw/ukr/1c5qE7WTxv46syB6Hv-P7CQAMeJvFDYOO.jpeg,1c5qE7WTxv46syB6Hv-P7CQAMeJvFDYOO.jpeg,True,446,447,JPEG,d47ff687a9445c1aacd81823c56d2bad58564df31747b9ec8b54074c9e5675bf,,False,,,,,
meme_008388,ukr,data/raw/ukr/1Bb1Y5gcOdp4G77c5NvX8okwmGUP3Wa5J.jpeg,1Bb1Y5gcOdp4G77c5NvX8okwmGUP3Wa5J.jpeg,True,600,379,JPEG,f6a9e205f85338458d5ee71acbcdf2e2b9fd688e86c94d2e47f90be2c57b30f4,,False,,,,,
meme_007945,ukr,data/raw/ukr/18XRIwlZPxL7N7HiFIN6rRbYrFunMhC19.jpeg,18XRIwlZPxL7N7HiFIN6rRbYrFunMhC19.jpeg,True,1080,564,JPEG,84d1a485b4ae7b17dbd68ed052f518ca36f5922cd36805d194534e38302b9e2d,,False,,,,,
meme_009725,ukr,data/raw/ukr/1KYucdIdjGAqR4b-1kZ-Vc54Ix8mQmK3E.jpeg,1KYucdIdjGAqR4b-1kZ-Vc54Ix8mQmK3E.jpeg,True,721,960,JPEG,410a5d8fc8537f90f2de5f6c86ed85ec1df9c5f7b02375ff892b8832a1d2cf4c,,False,,,,,
meme_004270,rus,data/raw/rus/4840.jpg,4840.jpg,True,720,767,JPEG,a5556e11404e08ae51da414578654c6793b0d466fd203ce76ce33d53715f3704,,False,,,,,
meme_008650,ukr,data/raw/ukr/1DRWjhuChl1x5a7uI937d1SExi8P74_XD.jpeg,1DRWjhuChl1x5a7uI937d1SExi8P74_XD.jpeg,True,937,1280,JPEG,2c05afc1cc4a4768fcf8bc592220c02642b00bcfa9360d75691508db38f23c6f,,False,,,,,
meme_010045,ukr,data/raw/ukr/1MZEhCrhauH6pHvFCOoqUb9PXmd47-iJM.jpeg,1MZEhCrhauH6pHvFCOoqUb9PXmd47-iJM.jpeg,True,500,415,JPEG,67a59d241c637a958d0757e06c499e67432f0318f2b4b8030b16e5f2ee1fb925,,False,,,,,
meme_000709,rus,data/raw/rus/1635.jpg,1635.jpg,True,1220,1126,JPEG,286f134f6d91e2d30ca24027f92bc4f44eba7cf5a588c243525d1915dd0f06d4,,False,,,,,
meme_004650,rus,data/raw/rus/5182.jpg,5182.jpg,True,464,518,JPEG,1ce82dabc46f7e4e01277f6ab827284c6ec42f1d42886441236e110a9f52438a,,False,,,,,
meme_015934,ukr,data/raw/ukr/1xvGyFw7dHvCztG51eqkDNb-XVsx2rdkB.jpeg,1xvGyFw7dHvCztG51eqkDNb-XVsx2rdkB.jpeg,True,763,712,JPEG,f1043fc785ef57e00b30204dccbc325fde2299f1371dbfcb835e0ac7365d3962,,False,,,,,
meme_013861,ukr,data/raw/ukr/1kIYhszqlwaTjcnMB9Bp89h9bpbtFbhgf.jpeg,1kIYhszqlwaTjcnMB9Bp89h9bpbtFbhgf.jpeg,True,2054,2568,JPEG,8f6f707c925214768e7ff0e5a5735816c2b60e902d9c5acc2b1669f5ffbc2c43,,False,,,,,
meme_005533,rus,data/raw/rus/5978.jpg,5978.jpg,True,720,716,JPEG,62cad50efacec58bf9b8840d2a6eb03e8f834011e3081109c287ca3aa6510635,,False,,,,,
meme_009793,ukr,data/raw/ukr/1KzjY6RXUJZwPfrKVH2-ODN1v-adyE4me.jpeg,1KzjY6RXUJZwPfrKVH2-ODN1v-adyE4me.jpeg,True,653,488,JPEG,fe16fc2add1fc493d49ce69f0e469b9dcb3cc5f7aae28b4842795f2319415b37,,False,,,,,
meme_007092,ukr,data/raw/ukr/1356UuVH3oca_2-TxUkSWYi9SvXRkCvYW.jpeg,1356UuVH3oca_2-TxUkSWYi9SvXRkCvYW.jpeg,True,699,960,JPEG,42ac49d462e3ddbf952cb5bed40e5d40d4adc72732eed139f99a65c9811d2914,,False,,,,,
meme_004025,rus,data/raw/rus/462.jpg,462.jpg,True,1223,1280,JPEG,f688d05593ec6c4ae1adbc95b6e26d960aeb21f6b65d46f67fcd1ee4da908036,,False,,,,,
meme_002639,rus,data/raw/rus/3372.jpg,3372.jpg,True,800,606,JPEG,3e0b37c15aff486c0eff2fef4e659f3b4909f88bf26e3eddfe5c47237a470888,,False,,,,,
meme_008808,ukr,data/raw/ukr/1ERIET-U22Xbs1Re_tf2SPvAZqlf5XgXP.jpeg,1ERIET-U22Xbs1Re_tf2SPvAZqlf5XgXP.jpeg,True,445,491,JPEG,0bcd169350d76bf13886994d0ba6607f32c977e51f95aab52a458aa81c75914c,,False,,,,,
meme_015272,ukr,data/raw/ukr/1tZOBf044VUR7V8dSb63PXWZ0RSFtHSXQ.jpeg,1tZOBf044VUR7V8dSb63PXWZ0RSFtHSXQ.jpeg,True,800,792,JPEG,7385836afd4f0cae81bd4a075e5545a540b85d8186733fd5fc00fc10c072f393,,False,,,,,
meme_002233,rus,data/raw/rus/3006.jpg,3006.jpg,True,600,591,JPEG,c2e28e6d0566f854bf9b8b68968fbdbc50190637668491d3a2c6711865550ed3,,False,,,,,
meme_012479,ukr,data/raw/ukr/1beeAXt2tkRC5CcdeoYjiV4_cjGCLseju.jpeg,1beeAXt2tkRC5CcdeoYjiV4_cjGCLseju.jpeg,True,864,1068,JPEG,cc540dc3cb705f410dc48eaf36d9a3e9b0d77ead28d5a40f81c5e8b4911b85b3,,False,,,,,
meme_000512,rus,data/raw/rus/1458.jpg,1458.jpg,True,610,578,JPEG,be1c0a613607960e77fdce5469d050315c98abf1df8fa760276e1f5b9b77418e,,False,,,,,
meme_010811,ukr,data/raw/ukr/1Ritf-j-ZKZVofPMIBsYWIGdmzQBEVJ6H.jpeg,1Ritf-j-ZKZVofPMIBsYWIGdmzQBEVJ6H.jpeg,True,1125,854,JPEG,929dd6c979d9b21fe591146364f11cf836d54ea855027c6d7170f4975f9bd878,,False,,,,,
meme_007820,ukr,data/raw/ukr/17lK5eDvJjAcEp9yFZt_SKSzVfmIbmzEp.jpeg,17lK5eDvJjAcEp9yFZt_SKSzVfmIbmzEp.jpeg,True,1024,996,JPEG,cc33ab7b450b463ecd52802dc2d2ca650ac21ae6019a3826169fa76a2cca6a2f,,False,,,,,
meme_002580,rus,data/raw/rus/3319.jpg,3319.jpg,True,573,800,JPEG,910d0d881cd8d70b9ba0b3e83bf1ca64145b2602fb01b9623dfc28e8e0715139,,False,,,,,
meme_005216,rus,data/raw/rus/5692.jpg,5692.jpg,True,995,1080,JPEG,3954e22a86cb390e55b3054fc2404737ee220edd3cca8d4d82a40c491d03f057,,False,,,,,
meme_006952,ukr,data/raw/ukr/129iNvrlSPi4h7NW7JjnENEHIH9KHunnx.jpeg,129iNvrlSPi4h7NW7JjnENEHIH9KHunnx.jpeg,True,610,610,JPEG,2deedf8393371bb097bdc44239598dcb9edda3509c43dbdf3db5d356c67bf8a1,,False,,,,,
meme_006434,rus,data/raw/rus/932.jpg,932.jpg,True,1280,720,JPEG,118751120fa3277183a97006cb9136d6ca6e89e9db41b828a5d4de020c6dfc4c,,False,,,,,
meme_016073,ukr,data/raw/ukr/1yrgs3fVUo_GH__XEhW00dJwoywrK0LQH.jpeg,1yrgs3fVUo_GH__XEhW00dJwoywrK0LQH.jpeg,True,723,720,JPEG,7a5a347e761f64ed68516d3d8353c15829679feb68eb93e488260a2e794dc946,,False,,,,,
meme_014474,ukr,data/raw/ukr/1oNAEtXHuVtpB18KyOmHZz9TQV7GJSzWt.jpeg,1oNAEtXHuVtpB18KyOmHZz9TQV7GJSzWt.jpeg,True,567,362,JPEG,f71aaf9bf0761bd2a221533f538e67999e68b5ad06026d33f99d8ddf450d8c9c,,False,,,,,
meme_003976,rus,data/raw/rus/4576.jpg,4576.jpg,True,754,800,JPEG,efd9432f87ebcb890e8894f289d6c42b9246317d19e7c593696dd516da0ed4b5,,False,,,,,
meme_011316,ukr,data/raw/ukr/1V74vfWNnbipEzQHlBEtiA3cFahzZSDqJ.jpeg,1V74vfWNnbipEzQHlBEtiA3cFahzZSDqJ.jpeg,True,1280,840,JPEG,274e35631b3a03afa8cc9b213577a2febb33fd63fede0944a53f3cf234051b25,,False,,,,,
meme_010723,ukr,data/raw/ukr/1R2ftZE6HxQu37bpyZi7Uhou4_Q8VpDsx.jpeg,1R2ftZE6HxQu37bpyZi7Uhou4_Q8VpDsx.jpeg,True,460,288,JPEG,392666e485c80c00224b5a664d0eb25add695a077dbae97aecf1f53ff67d59db,,False,,,,,
meme_002055,rus,data/raw/rus/2847.jpg,2847.jpg,True,1022,1200,JPEG,c752ba52abc26b29f4eb6467d846cda90f0c5ffad6274b6ea991f796021c7421,,False,,,,,
meme_013312,ukr,data/raw/ukr/1gkJxuo4qT5Gy2iSi_nvVol-DPFD5UxRI.jpeg,1gkJxuo4qT5Gy2iSi_nvVol-DPFD5UxRI.jpeg,True,1266,1168,JPEG,fe4150a6cd76423497219a05ae5cc572eec5b45db58dba12bf88cbc9c0e43d86,,False,,,,,
meme_006757,ukr,data/raw/ukr/10rdQWfLdWwK6Ox5aDprH0uJ4YiIJvKH9.jpeg,10rdQWfLdWwK6Ox5aDprH0uJ4YiIJvKH9.jpeg,True,586,826,JPEG,45d4e0c1f192de606e99fe762a270a430a914f157997ec31ac528fed44effa6d,,False,,,,,
meme_014143,ukr,data/raw/ukr/1m4PzIs38C6VHpCZc3nGJNOiXiZzhaL0a.webp,1m4PzIs38C6VHpCZc3nGJNOiXiZzhaL0a.webp,True,512,512,WEBP,1099859b3d7cabdcc77152197fcf49660dab27caf0366db2ed764fba98ff3e19,,False,,,,,
meme_014041,ukr,data/raw/ukr/1lU5ZzTGb0Bo7AzwP2EfV1R97ho-gCq6H.jpeg,1lU5ZzTGb0Bo7AzwP2EfV1R97ho-gCq6H.jpeg,True,680,680,JPEG,e7592c67cfdd36b2b1898d844bb8f4791ab53aa67046f9bb839339ac8f5ab005,,False,,,,,
meme_014663,ukr,data/raw/ukr/1pgbgFRgPLv36kTl_eN6aMwJGA2mqkQni.jpeg,1pgbgFRgPLv36kTl_eN6aMwJGA2mqkQni.jpeg,True,1280,1280,JPEG,6092600e38f4022259dea5ed6440fb45d37916afdf8d7417288ed60c692c01e6,,False,,,,,
meme_012002,ukr,data/raw/ukr/1ZUqJczCgM3XBZqZda8hXI-k4I4qRQpXG.jpeg,1ZUqJczCgM3XBZqZda8hXI-k4I4qRQpXG.jpeg,True,1098,1279,JPEG,97d31a1d8971103e7651a13795a633b81e0ceb62d9d4923163160160bcc4e9f8,,False,,,,,
meme_006718,ukr,data/raw/ukr/10a9MrhVAM7b8JbYYgxsNZpDFhvlfLPVy.jpeg,10a9MrhVAM7b8JbYYgxsNZpDFhvlfLPVy.jpeg,True,1037,1175,JPEG,9e975a1a1d3b3c21dee151d60247dcd1f91e89c819f710adb21fbd7c4ee65be6,,False,,,,,
meme_005157,rus,data/raw/rus/5639.jpg,5639.jpg,True,1280,901,JPEG,9ad8a01978fdcc496f7f3199647a530b827a77fe9a0eea31534a9ee415192d3f,,False,,,,,
meme_001088,rus,data/raw/rus/1977.jpg,1977.jpg,True,720,743,JPEG,95607051209d125817a2dbfeda81f455edb9a1774ce36071d578de7db9f3ed50,,False,,,,,
meme_002022,rus,data/raw/rus/2817.jpg,2817.jpg,True,608,800,JPEG,3c69d25556d79756d7c7b0ee4f02a192408dc5e13dd44060040b504ef755bff5,,False,,,,,
meme_004131,rus,data/raw/rus/4715.jpg,4715.jpg,True,1080,1080,JPEG,db50aed688ed76205a43e9f9aeca96b502fb470ca97dae7ce263a4f73e44566d,,False,,,,,
meme_007307,ukr,data/raw/ukr/14LageQPKVG6MaLKJ9Q2j-Zjk-U7-ZXHy.jpeg,14LageQPKVG6MaLKJ9Q2j-Zjk-U7-ZXHy.jpeg,True,686,386,JPEG,91a398297515592c3f48f874abfb8722fc4e072a3ae06d5ae1b4e45cdd3adbbf,,False,,,,,
meme_005295,rus,data/raw/rus/5763.jpg,5763.jpg,True,1280,903,JPEG,faf1d7551147b00421991daea2f9c040a100b6bc1f403dc703dc0ebfc51aa8b9,,False,,,,,
meme_009486,ukr,data/raw/ukr/1IwKuaMK5SGF-TVGkqwIDWLS4x3om0mAE.jpeg,1IwKuaMK5SGF-TVGkqwIDWLS4x3om0mAE.jpeg,True,800,500,JPEG,4f4325191eb36fc6a0c9e61885b6d91bf5e416b64c7f72c5456c8ad865acf6c9,,False,,,,,
meme_000347,rus,data/raw/rus/1309.jpg,1309.jpg,True,641,528,JPEG,94097684388f8cb4b1570af2b7966c2b7fac201f68918bf160038a41b929ef3a,,False,,,,,
meme_012312,ukr,data/raw/ukr/1addQmXFCOhiiIAuUfGDotHpZV8kWV7tO.jpeg,1addQmXFCOhiiIAuUfGDotHpZV8kWV7tO.jpeg,True,1280,1173,JPEG,974d3691ff9fe6b24a535fa4b2642b19a9f4fd9cc4a1915a953c4fc16baf8cf3,,False,,,,,
meme_009902,ukr,data/raw/ukr/1LdmPpdNbK743hzSvTbszsSPR1Mvx5drm.jpeg,1LdmPpdNbK743hzSvTbszsSPR1Mvx5drm.jpeg,True,1080,788,JPEG,9309f95c43b99346c000d9f1829fc65e12bb296101ca73b3f308088ec6ef64d3,,False,,,,,
meme_015485,ukr,data/raw/ukr/1usnBx-3UE64yw20lE4-n_-EnYCJCdxSa.jpeg,1usnBx-3UE64yw20lE4-n_-EnYCJCdxSa.jpeg,True,565,501,JPEG,cadf45207189c40bf70176a40b33f976d981ea6b596f7bb607216c0430f79307,,False,,,,,
meme_003185,rus,data/raw/rus/3864.jpg,3864.jpg,True,640,528,JPEG,f8b37f7e09bc86f1aa67255b9133461842991a6eefcc728edb4b3ba239f390c4,,False,,,,,
meme_013399,ukr,data/raw/ukr/1hKwWAv1003j-g4m2SRL6OPSLln50Knpe.jpeg,1hKwWAv1003j-g4m2SRL6OPSLln50Knpe.jpeg,True,452,209,JPEG,e82cee4e6ba40f03e949f7540018c6c904714d10d48b31c3eecbf1794aec168a,,False,,,,,
meme_008827,ukr,data/raw/ukr/1EWduT_t2vknI6N1a3yUAYs6ZIrAyrUPH.jpeg,1EWduT_t2vknI6N1a3yUAYs6ZIrAyrUPH.jpeg,True,1275,1280,JPEG,03e1e8eb923f5b6ec361dbc194ae1f62c11738739a053df8612be20b5577f744,,False,,,,,
meme_001108,rus,data/raw/rus/1995.jpg,1995.jpg,True,1200,710,JPEG,d5b0c9a418823a7651920c987245e97f7896a007a8e7e484de39e7da466dc8ce,,False,,,,,
meme_012545,ukr,data/raw/ukr/1c-iMyVZ-7uv9pwq2dzlY6OqSygWDvuy_.jpeg,1c-iMyVZ-7uv9pwq2dzlY6OqSygWDvuy_.jpeg,True,789,800,JPEG,ce617763b219137cd30264f12ba6c050e3af03f53fd146cddad6f7fdd027f5e2,,False,,,,,
meme_015481,ukr,data/raw/ukr/1uqHIRRC_lACylVY7mX-qJ1rDi4ExMbx9.jpeg,1uqHIRRC_lACylVY7mX-qJ1rDi4ExMbx9.jpeg,True,564,752,JPEG,5132b3470ab89f25b6cd7171dd419e962168d9916467085a1a108970984cc908,,False,,,,,
meme_011583,ukr,data/raw/ukr/1Wnq143vvokd6CenR7DrmxL_WHh3tgDAz.jpeg,1Wnq143vvokd6CenR7DrmxL_WHh3tgDAz.jpeg,True,509,706,JPEG,ab5c7c0c5eae6f83291726567e71ecae15ded6322555b2fc55df20f9a6358f1e,,False,,,,,
meme_005848,rus,data/raw/rus/6260.jpg,6260.jpg,True,1280,1057,JPEG,6a6a945826b8a3192bb9a7477968a267c0e81b9a186eea82f7cf0ece09decb05,,False,,,,,
meme_002910,rus,data/raw/rus/3616.jpg,3616.jpg,True,506,591,JPEG,3bd13da96787804876d0fd58983f549e674331b684f87b27bf0259ffb7239862,,False,,,,,
meme_013718,ukr,data/raw/ukr/1jQs8HMNTllgVN0FBVUiHRt8cCo2ZDllx.jpeg,1jQs8HMNTllgVN0FBVUiHRt8cCo2ZDllx.jpeg,True,504,680,JPEG,dd51fbb05114faad8ce02582c64373af113df77384a45ba8fb4ac6abb4689809,,False,,,,,
meme_001091,rus,data/raw/rus/198.jpg,198.jpg,True,800,600,JPEG,10f796db59dcac571d5dedfea1756b2e86818d1b327a591317c5d1f756fe793d,,False,,,,,
meme_010055,ukr,data/raw/ukr/1MewFYxqldu3qjv_njOggF99Fy6ULpP-w.jpeg,1MewFYxqldu3qjv_njOggF99Fy6ULpP-w.jpeg,True,690,641,JPEG,03418c207e7bc089ffd1baf4a2718c22c7191bfe6fba65a5665b034eee58fc2d,,False,,,,,
meme_004885,rus,data/raw/rus/5394.jpg,5394.jpg,True,677,800,JPEG,879c764d0a9e5bad5753c366331b2b8a79a6f7c52012854ccf051f7410d96c9c,,False,,,,,
meme_016084,ukr,data/raw/ukr/1yx0YklcSqGL8bc_v4MzoB9owj9xiLo6V.jpeg,1yx0YklcSqGL8bc_v4MzoB9owj9xiLo6V.jpeg,True,951,960,JPEG,987bfb7efe38c5ac5fde4d73f25268ee3ce44bfcdd9a55f22c959764238b7d0a,,False,,,,,
meme_005831,rus,data/raw/rus/6245.jpg,6245.jpg,True,1080,1275,JPEG,6f68e67916b21b24250cd156a291bd0e0d611b9a8b1dd820d9bd1085b1af9503,,False,,,,,
meme_015807,ukr,data/raw/ukr/1x6S-HDBLPpxoQKmpuiUevWF0P3E7M1xQ.jpeg,1x6S-HDBLPpxoQKmpuiUevWF0P3E7M1xQ.jpeg,True,515,321,JPEG,af60566e092c2d83bbe5122e90b0786d1214abef6051ac788583a22074ce27e4,,False,,,,,
meme_005380,rus,data/raw/rus/584.jpg,584.jpg,True,680,661,JPEG,744e673827a5af881f8628c433997c76751d8cdffcbaf350e1494cbdb20ad125,,False,,,,,
meme_006291,rus,data/raw/rus/803.jpg,803.jpg,True,380,480,JPEG,9280e84b1b89eb09cfc82145ef3f790d5bd4a1e069d2d6fd74155271d7c2e239,,False,,,,,
meme_006936,ukr,data/raw/ukr/12-s1KjKBdg8hoEMprkbOmrVYhYc-fURM.jpeg,12-s1KjKBdg8hoEMprkbOmrVYhYc-fURM.jpeg,True,700,517,JPEG,da93128ef4ce9b3e7d49ff550399e21cb7bed5b842bffb921aa4530581c067ea,,False,,,,,
meme_010650,ukr,data/raw/ukr/1QZ2E7LXtPnlanVcNUO2DaEpKkXzJ73w-.jpeg,1QZ2E7LXtPnlanVcNUO2DaEpKkXzJ73w-.jpeg,True,841,1279,JPEG,21d77d4882761ce3faca07aa6797f59372f9001aa6e0c8df686feedadf04970c,,False,,,,,
meme_010600,ukr,data/raw/ukr/1QG4r-WbLpjPiIR2RltGBTX0gXWYraZVE.jpeg,1QG4r-WbLpjPiIR2RltGBTX0gXWYraZVE.jpeg,True,976,549,JPEG,07bc0126be0de4c5e31400633c0eebcc1c12a6bfd7d9abbe71353b3f9d4a1843,,False,,,,,
meme_007529,ukr,data/raw/ukr/15qElM8U6wYtVFWXgFfYQ_CCD6eoVBvHQ.jpeg,15qElM8U6wYtVFWXgFfYQ_CCD6eoVBvHQ.jpeg,True,934,518,JPEG,bc4e9ea88486a0cb9eb8cb089b746d203f1dc17d92e4ac4eb6b8f59fdae99afe,,False,,,,,
meme_012153,ukr,data/raw/ukr/1_ZSTgab3af1Fw5rf8TEB_xETM1XqhZ3-.jpeg,1_ZSTgab3af1Fw5rf8TEB_xETM1XqhZ3-.jpeg,True,720,1280,JPEG,5c6d4b2e1d8f32ca5e27b6fe30cca50697e4e4a668bf3599b31d8b73297fc5d0,,False,,,,,
meme_001587,rus,data/raw/rus/2425.jpg,2425.jpg,True,912,380,JPEG,4019508e2388b8b7c9b9f5aad633339fae94d0cf31cb3ef71f41bd594f2269bc,,False,,,,,
meme_003578,rus,data/raw/rus/4217.jpg,4217.jpg,True,640,634,JPEG,b3a5b8b94726171803ed109546a0f558e910911342b399a5c19868a2b0765dd4,,False,,,,,
meme_010276,ukr,data/raw/ukr/1O1LewAKsKrwgAS7Tfqc4CgLTrCSuwlTz.jpeg,1O1LewAKsKrwgAS7Tfqc4CgLTrCSuwlTz.jpeg,True,500,448,JPEG,e0aa07f98952212238190e3280a5e70d5fb267f654f91340d6c0ba8306ae805c,,False,,,,,
meme_005376,rus,data/raw/rus/5836.jpg,5836.jpg,True,640,795,JPEG,96dd141b1f3a204ab0aca2df10987f45bd105a2c58297d92e93035b58e6bb039,,False,,,,,
meme_002989,rus,data/raw/rus/3688.jpg,3688.jpg,True,584,457,JPEG,26e5a0490a91ffc716867cc98c2757f55b03dd1845b1e277e2b8b0b956f02ad5,,False,,,,,
meme_004460,rus,data/raw/rus/5010.jpg,5010.jpg,True,1000,588,JPEG,5832d190850b5ee2df08e0f5c0c608e77020c80c70f51b95ffd6d0f7ba7f72a8,,False,,,,,
meme_001460,rus,data/raw/rus/2310.jpg,2310.jpg,True,651,496,JPEG,e13442285a07fe30b1c35ad81c77a213baf235d1c5ac09001ee0bf0775b6c8d5,,False,,,,,
meme_005195,rus,data/raw/rus/5673.jpg,5673.jpg,True,758,658,JPEG,5c61b3d0bfa7b965ce7f49dfd75e21621745f2badd6b374a64c6ff69c1236372,,False,,,,,
meme_013343,ukr,data/raw/ukr/1gzMMCFU9ZB3JZ5JF50U-5iIZF9MU2bhJ.jpeg,1gzMMCFU9ZB3JZ5JF50U-5iIZF9MU2bhJ.jpeg,True,1024,622,JPEG,aabb6124e1b27b3b74801d61036e621049a1e69d29e11b7282f988040bed8932,,False,,,,,
meme_006979,ukr,data/raw/ukr/12MS4gt2P3KSR0qLJAAqYO-CnOT-70K31.jpeg,12MS4gt2P3KSR0qLJAAqYO-CnOT-70K31.jpeg,True,1280,1155,JPEG,63bdeddf5bc535840537f2c76fb46c32ac04dc7795c4121eed9d077d161fd077,,False,,,,,
meme_012172,ukr,data/raw/ukr/1_hjBf4msjyhOQynBVkUcGDKUXsFyAofX.jpeg,1_hjBf4msjyhOQynBVkUcGDKUXsFyAofX.jpeg,True,960,1280,JPEG,548647a70619b46ba17ef3727f015061259743b175bb38a5f922b44d4c372802,,False,,,,,
meme_012292,ukr,data/raw/ukr/1aVzq0hNJM79ubHW9pVj1dRko9h418U4G.jpeg,1aVzq0hNJM79ubHW9pVj1dRko9h418U4G.jpeg,True,680,452,JPEG,9346723edf314529e347556d040d03a23478afa156c7dee2e5b56aa4311d6967,,False,,,,,
meme_009573,ukr,data/raw/ukr/1JWvjlZmurFBa6KCRCXP1LADIonurUkcP.jpeg,1JWvjlZmurFBa6KCRCXP1LADIonurUkcP.jpeg,True,552,680,JPEG,f5648e2fc47d05f0c83134f4242091e5a8d5676fe9add8ca3d5f1525ed3cd245,,False,,,,,
meme_001211,rus,data/raw/rus/2087.jpg,2087.jpg,True,1080,1198,JPEG,5f8b2ed476f53eedc642779624dc09a7bd4bfced5c22e1ccc1633d6534f02c72,,False,,,,,
meme_014097,ukr,data/raw/ukr/1lqxNa7P6LTytX_8-TzYoG-mZIxROBvLI.jpeg,1lqxNa7P6LTytX_8-TzYoG-mZIxROBvLI.jpeg,True,491,299,JPEG,980a37d6b983c77f34c1a9903ae191a1e3b3af7cb4628e48eec26d4734e1714f,,False,,,,,
meme_000380,rus,data/raw/rus/1339.jpg,1339.jpg,True,462,604,JPEG,f83434f994fc1a1ad1a8f42898749b520d6ad95ec2b7d5dfc502b13b1bb2535e,,False,,,,,
meme_009261,ukr,data/raw/ukr/1HK7PiAmjS9vDc5ARYvJKnOKQGxt9suOE.jpeg,1HK7PiAmjS9vDc5ARYvJKnOKQGxt9suOE.jpeg,True,720,1280,JPEG,cd2391d0e8a7dacd65a732feff9a617b58aa00899882a8907a11d27aae2d587e,,False,,,,,
meme_010310,ukr,data/raw/ukr/1OJM8QJmRy5lGdixn_C06F2eb-8Ph7AbC.jpeg,1OJM8QJmRy5lGdixn_C06F2eb-8Ph7AbC.jpeg,True,720,960,JPEG,b8d7deba18162612e41604143a9f28f3ddb702807cff6c96ccfec78c60ca1f45,,False,,,,,
meme_000885,rus,data/raw/rus/1794.jpg,1794.jpg,True,348,604,JPEG,3d05b67a3564dd328c4ac0adb4661e0d71d838018376761a5dac948aefa9ce47,,False,,,,,
meme_006106,rus,data/raw/rus/6493.jpg,6493.jpg,True,960,719,JPEG,f344399856f0144b1e290118f7721dbba0a1b645c6652cdcf4dd3bb7e2f166d0,,False,,,,,
meme_016048,ukr,data/raw/ukr/1yhYG5a5ryc2-TU9qQXhTqDGuO3rWqdTh.jpeg,1yhYG5a5ryc2-TU9qQXhTqDGuO3rWqdTh.jpeg,True,992,1279,JPEG,5f9296a179c5fccfebb6410237132b8b020ea6b02639e93d476859c75cd3776c,,False,,,,,
meme_000938,rus,data/raw/rus/1841.jpg,1841.jpg,True,1124,1166,JPEG,49cabcc6dfaa901e29acd72ced65d2241c1b519bdc5278b75891aaa151d94b45,,False,,,,,
meme_004853,rus,data/raw/rus/5365.jpg,5365.jpg,True,1080,1227,JPEG,5f90422636a0aecdf5d7bbc2847e58fdb4a6de2ea911fea145c6a55cf509d135,,False,,,,,
meme_010459,ukr,data/raw/ukr/1PFu869scLwIHsyTIUUJ4FfWeHqj2Cm1o.jpeg,1PFu869scLwIHsyTIUUJ4FfWeHqj2Cm1o.jpeg,True,1280,1280,JPEG,97bc285167ddd8df9cc56abf50eaabb27b2f8189d4e467d93efde4f07cba6dbb,,False,,,,,
meme_006455,rus,data/raw/rus/951.jpg,951.jpg,True,717,704,JPEG,185b459a98df42abc2f522f861caa0d4c30461326e174a03c055b91b81f5d3d7,,False,,,,,
meme_002040,rus,data/raw/rus/2833.jpg,2833.jpg,True,573,800,JPEG,31de7117a914bcb4d4d92ec6d7d9e31f8a87d6b3315ac13cbf5dc613e76531b4,,False,,,,,
meme_003951,rus,data/raw/rus/4553.jpg,4553.jpg,True,624,596,JPEG,46bc1e539c53ef93830d6b9e8ec72ed2fcc654f3158a3fc8ffea70a0893fdf7a,,False,,,,,
meme_008673,ukr,data/raw/ukr/1D_g8xecL7FR1ivpEspQ6W-iaaUL5DVlp.jpeg,1D_g8xecL7FR1ivpEspQ6W-iaaUL5DVlp.jpeg,True,809,936,JPEG,4ed9953a260daa37bf1e535f6035cb2e71494d2e6798490c596ddb14cd8801a8,,False,,,,,
meme_002547,rus,data/raw/rus/329.jpg,329.jpg,True,800,777,JPEG,879851a2ed298a62e98870b9abda8b301a0a2ee2a3e60d8b055ee6e0f3246655,,False,,,,,
meme_001359,rus,data/raw/rus/222.jpg,222.jpg,True,939,1063,JPEG,7ac696239c294f88d02ef2bd1956f12d3844126bdd6b7a14354c5f5fc5ebb0cc,,False,,,,,
meme_006686,ukr,data/raw/ukr/10N7kOPkTN1wQJAHZ_QJLLzKYtn2N9rcr.jpeg,10N7kOPkTN1wQJAHZ_QJLLzKYtn2N9rcr.jpeg,True,472,458,JPEG,36f4aea2e21608cd5edd1fbf40a5ef6a4801cdf8bfffce66a954826081f12525,,False,,,,,
meme_000543,rus,data/raw/rus/1486.jpg,1486.jpg,True,800,672,JPEG,62c5c307623e396ed1f0e00e29a3b9241882e72615b669c1ef4cb514b36f9902,,False,,,,,
meme_001494,rus,data/raw/rus/2341.jpg,2341.jpg,True,606,572,JPEG,67b871fb453cd327da1c4ed20efcbc05e5743d157e5447b2836558fcce01cf05,,False,,,,,
meme_011069,ukr,data/raw/ukr/1TReCmnBh0uRsCiPua-Gav7Zxe50Xgbjv.jpeg,1TReCmnBh0uRsCiPua-Gav7Zxe50Xgbjv.jpeg,True,1280,1130,JPEG,f7a5cdd3c5b1b9f72c86d0f54ead150e3ff18512a4fd4a413b94ef7c0d163d3c,,False,,,,,
meme_000048,rus,data/raw/rus/104.jpg,104.jpg,True,1242,1247,JPEG,83e278c27909d060ace073bbaed5fedb8f4a933fbf545fa733a8f488a096b73c,,False,,,,,
meme_001607,rus,data/raw/rus/2443.jpg,2443.jpg,True,744,800,JPEG,9ba8f182bf7869ae0464ba92c1f3874cacd75021d89f8ebb2693fe36bc1a4fce,,False,,,,,
meme_008015,ukr,data/raw/ukr/196DQ4Ra7TkMwenXumN1KzZr2K0yvCh7z.jpeg,196DQ4Ra7TkMwenXumN1KzZr2K0yvCh7z.jpeg,True,1140,760,JPEG,74a0091d8f1c2d784838f28dbd1de030f851b3a71ae6890b9245226715ed5464,,False,,,,,
meme_002827,rus,data/raw/rus/3541.jpg,3541.jpg,True,1280,984,JPEG,28caf1e873689597bdbd894151f90a52839d16fcd80be66f245431c0b16cc8ec,,False,,,,,
meme_005313,rus,data/raw/rus/578.jpg,578.jpg,True,735,464,JPEG,fc24b0f98eb335915d2abb02b0f1a99f708f4c3da4256fd229fd73366a311e03,,False,,,,,
meme_013131,ukr,data/raw/ukr/1fi6-NIQUqJMkhq4ZxD_LCgsQsu_gKcqv.jpeg,1fi6-NIQUqJMkhq4ZxD_LCgsQsu_gKcqv.jpeg,True,591,592,JPEG,9ffa35fe2dc7e25990951d43e09e83159063a553647c31641f4a3d755d6186af,,False,,,,,
meme_009479,ukr,data/raw/ukr/1Isn3k4MnhpreS_mn4K_KekIBGVAL4pgQ.jpeg,1Isn3k4MnhpreS_mn4K_KekIBGVAL4pgQ.jpeg,True,823,1280,JPEG,6e6b874b65bb90d27e8ee972029c2c7338d9a8c381668d59d8332af018647d52,,False,,,,,
meme_015957,ukr,data/raw/ukr/1y4u0c0ZHS_lQO_o59AfTy5nTJQcoZYgI.jpeg,1y4u0c0ZHS_lQO_o59AfTy5nTJQcoZYgI.jpeg,True,1279,1279,JPEG,771b407ef4c8974e5520e68bc972030504b600a0a9e8c2bce2313016b08af52c,,False,,,,,
meme_013094,ukr,data/raw/ukr/1fXmSUa3dWCh258Ln_c169rXr2Q8hgLJp.jpeg,1fXmSUa3dWCh258Ln_c169rXr2Q8hgLJp.jpeg,True,1235,1245,JPEG,cc9759880aa9f4bae8a64f0d5d0393b4254e3242ad0a3301e7e77c5c15dc2045,,False,,,,,
meme_007224,ukr,data/raw/ukr/13ofnbvxAKj1xu0-W87aR_mwDd61ooEig.jpeg,13ofnbvxAKj1xu0-W87aR_mwDd61ooEig.jpeg,True,789,900,JPEG,ea8e4160cdf45ff19a56bc0a527cbd5ff7e884929e959d4de675172321c6feab,,False,,,,,
meme_001489,rus,data/raw/rus/2337.jpg,2337.jpg,True,1125,1242,JPEG,0f4fffde93c29b3aa4d5754b1f39b62835cb45a3afbd08cab9eee132b5b10a96,,False,,,,,
meme_001571,rus,data/raw/rus/2410.jpg,2410.jpg,True,1280,817,JPEG,881d923928fe99fd031d4549a1e826ee6d4ae338e048cc527fb57d6456fb705b,,False,,,,,
meme_000294,rus,data/raw/rus/1261.jpg,1261.jpg,True,564,564,JPEG,269b05e504a8b3e24f6c563343a38000aa9303147687016cf436828876b7e491,,False,,,,,
meme_009661,ukr,data/raw/ukr/1K7VaaVCtVU5dBjVJdM2I7bd2UHw95kUU.jpeg,1K7VaaVCtVU5dBjVJdM2I7bd2UHw95kUU.jpeg,True,1130,724,JPEG,504e7cc50bed5363fe9e9215f34267efc491405d188f11a220a5c67591911567,,False,,,,,
meme_013864,ukr,data/raw/ukr/1kJJrnhqkvgLgaMbWNZvb0Eo6zB3t_NfG.jpeg,1kJJrnhqkvgLgaMbWNZvb0Eo6zB3t_NfG.jpeg,True,1080,644,JPEG,70411fb214e949759c5166ebdafa85da740dae6705ae58386ab9377e071ed268,,False,,,,,
meme_013207,ukr,data/raw/ukr/1g6Or7qEDPqwxqlga_WPKghvC4vEidmsD.webp,1g6Or7qEDPqwxqlga_WPKghvC4vEidmsD.webp,True,700,833,WEBP,34a7f972b3a5107c29011c53b527e3431be9ca24fed509f90c0161e005196793,,False,,,,,
meme_002003,rus,data/raw/rus/280.jpg,280.jpg,True,1280,1280,JPEG,6294bd0d73c9a171f650c576b095067ca207e9577891fcba17e20383ba48e6ed,,False,,,,,
meme_011498,ukr,data/raw/ukr/1WASXlGhcwYtY5lgdYyU8_9fSjYXstlfW.jpeg,1WASXlGhcwYtY5lgdYyU8_9fSjYXstlfW.jpeg,True,1006,490,JPEG,f0e7865c77b7a10e3f254f7ae5c5be3c0e0c15fbc9881fc3e0db6e15fb495af6,,False,,,,,
meme_005598,rus,data/raw/rus/6035.jpg,6035.jpg,True,700,700,JPEG,a7c3bc4b87ed6d79fbad875becb45a4d0e31ac29a84e14ba595e59e2cf6a2b5b,,False,,,,,
meme_003016,rus,data/raw/rus/3711.jpg,3711.jpg,True,504,500,JPEG,fe54950c5cca7f301ccf067ccb1f5e6b8172f3d0e0df0a7f2c45acb77df0289c,,False,,,,,
meme_009870,ukr,data/raw/ukr/1LOlS3IiXb1Q3k5QQtrWGMbq-9GuCG9mw.jpeg,1LOlS3IiXb1Q3k5QQtrWGMbq-9GuCG9mw.jpeg,True,633,634,JPEG,869858d4c91fe9897495f348a922bb180d509c0fbd62f4d011ba37210fab2401,,False,,,,,
meme_007164,ukr,data/raw/ukr/13WN7di2flC36deGQVWMDheVoktpli1MQ.jpeg,13WN7di2flC36deGQVWMDheVoktpli1MQ.jpeg,True,768,960,JPEG,e3eb8fed90c2e413caf627b2424a2b831c12c7cc04a10fe5c83eac90de7f0393,,False,,,,,
meme_001454,rus,data/raw/rus/2305.jpg,2305.jpg,True,945,1215,JPEG,2c1acdee519d29488d93e38077b4dac0475b5387149707bc3ac34ef3ffd48f7c,,False,,,,,
meme_005915,rus,data/raw/rus/6320.jpg,6320.jpg,True,604,564,JPEG,e260b5b98324a813ad6ee3c6c7bdaa085ab8fd6033f69e7f0cee3e8645604e61,,False,,,,,
meme_003887,rus,data/raw/rus/4496.jpg,4496.jpg,True,1046,1280,JPEG,9e548f7871ded91c60f7a77df5f5557c377f7bf979e03ded1648506b8e789e2e,,False,,,,,
meme_016140,ukr,data/raw/ukr/1zMa1mKPzapz_vuX07HhEAmehzPMyx9gB.jpeg,1zMa1mKPzapz_vuX07HhEAmehzPMyx9gB.jpeg,True,750,565,JPEG,ab6052c0bdcfc14f6f87675cc4629614eb55bc58dd05a9b9ddb7654fa69cea49,,False,,,,,
meme_004078,rus,data/raw/rus/4668.jpg,4668.jpg,True,1169,1169,JPEG,d214b110d8b7a760fca6b8a20a36c8aaffe306a688feba9cfaf883cef67d4d18,,False,,,,,
meme_015913,ukr,data/raw/ukr/1xmh2owZ9kqlxqkohmeUNKXNRj4uUoAHF.jpeg,1xmh2owZ9kqlxqkohmeUNKXNRj4uUoAHF.jpeg,True,736,963,JPEG,9ca7934c848147387a7121125e62bfc813b76e83ee0b9e7c6c37ff7e85956e9b,,False,,,,,
meme_014903,ukr,data/raw/ukr/1rHaqycY9v7nVUrtE6QXjZPyzbl7HsqKH.jpeg,1rHaqycY9v7nVUrtE6QXjZPyzbl7HsqKH.jpeg,True,1040,1621,JPEG,7b88cf4e652185a0b412dd719c7d8df14a5e5484c1da5b2a9e7bbc7c664e2e78,,False,,,,,
meme_009181,ukr,data/raw/ukr/1GrHRdZBztQ9ZAi1YERRPIPMivpFDzubM.jpeg,1GrHRdZBztQ9ZAi1YERRPIPMivpFDzubM.jpeg,True,960,947,JPEG,9ece848adadd6835d39f627f298a9784ace7790abbafe74269a1291103d92237,,False,,,,,
meme_009482,ukr,data/raw/ukr/1IuI1-MTnUctPpWVuM9GUU4XB3Ht7p5r6.jpeg,1IuI1-MTnUctPpWVuM9GUU4XB3Ht7p5r6.jpeg,True,1080,1058,JPEG,1bb6806db3b05afd3cebe5fd8b3ec43cbfc1573c1609b428c39e35f1c1928c91,,False,,,,,
meme_014587,ukr,data/raw/ukr/1pAlEm8gVR8nEgieZN4JkLr_WLeMS4mBt.jpeg,1pAlEm8gVR8nEgieZN4JkLr_WLeMS4mBt.jpeg,True,1080,1225,JPEG,dad24989306eb5c822e21407b6eed77f9d0846514f5a897fe03c19e48f20827a,,False,,,,,
meme_010689,ukr,data/raw/ukr/1QoMdxKlgpkoNlze-bIvMNrAj2bZsJhJG.jpeg,1QoMdxKlgpkoNlze-bIvMNrAj2bZsJhJG.jpeg,True,1230,1254,JPEG,3a473c8ab225e7a032a836fbe1b8fbf5bdf3f7ff10746c9137a9c61374c6f691,,False,,,,,
meme_010077,ukr,data/raw/ukr/1Mo15xNLQ-YTRGAkbH3JN7gAty-MM0D_D.jpeg,1Mo15xNLQ-YTRGAkbH3JN7gAty-MM0D_D.jpeg,True,498,260,JPEG,d3f2237e369a5fd79879617e20988188faec1e9b8f9968c15c1454320cb1c5fe,,False,,,,,
meme_012392,ukr,data/raw/ukr/1bADuQqein7W6gmiTzfXvm1Qf5Y_Y018A.jpeg,1bADuQqein7W6gmiTzfXvm1Qf5Y_Y018A.jpeg,True,634,617,JPEG,36618699cb9bc2efdc9e1bfa9ab82863645f15238ec6498fa526bddfcde63710,,False,,,,,
meme_011988,ukr,data/raw/ukr/1ZOObVDqI9EFNkIbZ7ttyUJvzpSZBYTUi.jpeg,1ZOObVDqI9EFNkIbZ7ttyUJvzpSZBYTUi.jpeg,True,1279,1165,JPEG,602e8ece73daf611438576aef9a591a8308410e0ed0646746c18701437918e76,,False,,,,,
meme_014058,ukr,data/raw/ukr/1l_rDL-SDu5f5vfiboScodbiImaPadr0G.jpeg,1l_rDL-SDu5f5vfiboScodbiImaPadr0G.jpeg,True,1280,720,JPEG,5c2ce016beae894de361f0b5056072fc67b64f2781813ab8f6b792b21ddbf895,,False,,,,,
meme_014339,ukr,data/raw/ukr/1nWH8bKPQIbHgreWd53RGJxYvbaI620UA.jpeg,1nWH8bKPQIbHgreWd53RGJxYvbaI620UA.jpeg,True,453,454,JPEG,82657e61de77ae3263a0295418bbe381284244c625ad5f3f85cb432b2b443c6d,,False,,,,,
meme_009283,ukr,data/raw/ukr/1HWGrnK2Ez6QqP9x7c-XFnWG0IEEiGWAE.jpeg,1HWGrnK2Ez6QqP9x7c-XFnWG0IEEiGWAE.jpeg,True,1260,1280,JPEG,568022c3adc9bfe4f6723d2ceef8ee5461f0550567e5ada73cceece5eef42b32,,False,,,,,
meme_001936,rus,data/raw/rus/274.jpg,274.jpg,True,800,759,JPEG,dcf326dd928eab72af7e166a8840506867b17f7451d2ff7561e887ac309bda33,,False,,,,,
meme_013286,ukr,data/raw/ukr/1gZEJBEI49UUNdEpz08RU0faex7sdtUwz.jpeg,1gZEJBEI49UUNdEpz08RU0faex7sdtUwz.jpeg,True,643,900,JPEG,1b03870b034013d7ea2f8ee68a0448e3368e947b63437116312ce4b7e23f5a8f,,False,,,,,
meme_012906,ukr,data/raw/ukr/1eOseMU8_TfdRKz3MR1t_eHmEQ2Pa_8Gl.jpeg,1eOseMU8_TfdRKz3MR1t_eHmEQ2Pa_8Gl.jpeg,True,168,300,JPEG,1c0a7badff16d9f4af44f3711c4d5568b59989ff4a7cfa91a5b2143b65c19ee0,,False,,,,,
meme_009055,ukr,data/raw/ukr/1G02Lpthl-zkM8qMsUus_1mjicUPelAXQ.jpeg,1G02Lpthl-zkM8qMsUus_1mjicUPelAXQ.jpeg,True,500,661,JPEG,f5b8112332651a0c91299e5af4210903d6910b87616457cc8422a8cacfc214e2,,False,,,,,
meme_016067,ukr,data/raw/ukr/1yq8qE-Asuk_H9RMAKHX_EtxidN1vHp8n.jpeg,1yq8qE-Asuk_H9RMAKHX_EtxidN1vHp8n.jpeg,True,1086,1280,JPEG,b7b107f87afd1f8c9f7679493a1d521891c10822cdf5dcc0fde4d77913e80d92,,False,,,,,
meme_008095,ukr,data/raw/ukr/19icGuTqn_gIruKsxfpd4C_2jqgW52ND3.jpeg,19icGuTqn_gIruKsxfpd4C_2jqgW52ND3.jpeg,True,1080,661,JPEG,7294a1bd884306814e4bc14b2da9c9bd81649bde87cc728887a00f2ccf84f286,,False,,,,,
meme_007629,ukr,data/raw/ukr/16WpcrxYO-bZRaHZ3Shj1f57u1Jvn6oP7.jpeg,16WpcrxYO-bZRaHZ3Shj1f57u1Jvn6oP7.jpeg,True,544,607,JPEG,287f1503cf902591ba9d396d29aef9e1b69aa553f3afa80af3b131cc4b38a86e,,False,,,,,
meme_007443,ukr,data/raw/ukr/15HwH2DB4mtsbvdKeCMxEtjwZWF7jO0Ci.jpeg,15HwH2DB4mtsbvdKeCMxEtjwZWF7jO0Ci.jpeg,True,750,486,JPEG,011244d3fbaa760b0ecdadd57d27c1bd3fb298a776e84f8b2e6dbb206eedde92,,False,,,,,
meme_001124,rus,data/raw/rus/2008.jpg,2008.jpg,True,800,734,JPEG,19a173891c70dafd3b850177a08fe04999767eb2bdc908607567e676961060d7,,False,,,,,
meme_011708,ukr,data/raw/ukr/1XiTPk3RlsXRilJlAI3K-agh17b6nTynz.webp,1XiTPk3RlsXRilJlAI3K-agh17b6nTynz.webp,True,512,326,WEBP,9955342b61cd0edf702f216cdb38122665bdd19de68fde9345e60ac7b5d0aa3c,,False,,,,,
meme_011314,ukr,data/raw/ukr/1V4xacCZmmfkxlOZyfyjK_apdb5YypbP3.jpeg,1V4xacCZmmfkxlOZyfyjK_apdb5YypbP3.jpeg,True,680,459,JPEG,7794bc8e23014eec358efd6d1cd01947cbae4272cb930db8ea4fb10c080936c5,,False,,,,,
meme_012817,ukr,data/raw/ukr/1diXLQvLyI10J3_EYU-WXmcV96VkD0pBo.jpeg,1diXLQvLyI10J3_EYU-WXmcV96VkD0pBo.jpeg,True,720,815,JPEG,8759cfb116db59cfec53e311dc6f21a0a818ee3e021585adbcb4826f5a19ac57,,False,,,,,
meme_009073,ukr,data/raw/ukr/1G6avWiHnSk3kSVj9EVIOgNvWE12TjdJ9.jpeg,1G6avWiHnSk3kSVj9EVIOgNvWE12TjdJ9.jpeg,True,480,360,JPEG,7f349f26009f26a29a25c2f00a46dcb2e2f3758cadcc644065d3fab6a4a351f7,,False,,,,,
meme_000915,rus,data/raw/rus/1820.jpg,1820.jpg,True,793,800,JPEG,fd9d706ce06810dc8cf958e290ceedbd49dcea022d05a8c7bf5ce5486b0af31b,,False,,,,,
meme_007101,ukr,data/raw/ukr/138CahlVsYEsG1-TaMNPWSAJ77V15HIMQ.jpeg,138CahlVsYEsG1-TaMNPWSAJ77V15HIMQ.jpeg,True,640,522,JPEG,05be5eb4e8a215986026ab4674ecc3f3dfeb6b7c355c2ed5b9101c6b4625c528,,False,,,,,
meme_010728,ukr,data/raw/ukr/1R5Y7Usew3tdJZz98YjV7_Kqo34E3-KI2.jpeg,1R5Y7Usew3tdJZz98YjV7_Kqo34E3-KI2.jpeg,True,1023,1280,JPEG,00da7b706b32ba0eca0ef5935f048daa74c810833f9b9cf12093e47a521003ea,,False,,,,,
meme_015399,ukr,data/raw/ukr/1uT0EhI8_OHwsmz49xaz_TT6UZowJUk61.jpeg,1uT0EhI8_OHwsmz49xaz_TT6UZowJUk61.jpeg,True,1024,552,JPEG,a317c98c0898123c405f3f557c16fde7beeccfae478fccf0be9b43696bf6f4b5,,False,,,,,
meme_014255,ukr,data/raw/ukr/1mwTaVqvAKj3v321ocelztLpYOW5Jpa3H.jpeg,1mwTaVqvAKj3v321ocelztLpYOW5Jpa3H.jpeg,True,1024,1127,JPEG,39f115dee7acd880fcfeea565d3622d98bb72ba31b05ee17ce432b0e1ec65089,,False,,,,,
meme_010090,ukr,data/raw/ukr/1Mt7N-nhzQS2l5OOyTR1IhjC9aw4N2_ST.jpeg,1Mt7N-nhzQS2l5OOyTR1IhjC9aw4N2_ST.jpeg,True,1024,706,JPEG,1949db6c38f9cbce764f25b9d8c92990a6863a99f07d67b0ceaccd6f02ffec1a,,False,,,,,
meme_014826,ukr,data/raw/ukr/1qq1irBJOVhITzmftv5EwBlCBTqaIB-F0.jpeg,1qq1irBJOVhITzmftv5EwBlCBTqaIB-F0.jpeg,True,574,725,JPEG,2e7a7d354118c2e1b290d50234b383b4c8b83a3df4393bf702f49ba49d8474cf,,False,,,,,
meme_003032,rus,data/raw/rus/3726.jpg,3726.jpg,True,636,1280,JPEG,cafbf3facf1ee3cb5828049718b93a52017ce8d7a1a847a96030d287e402f9c9,,False,,,,,
meme_013135,ukr,data/raw/ukr/1fiqN0Vn71PrCD-hA-lXtiFsaP0il4PdK.jpeg,1fiqN0Vn71PrCD-hA-lXtiFsaP0il4PdK.jpeg,True,1076,1118,JPEG,4887882e1f73f2ed793dfa5bf055c0bd6f12272b350dc47bddeca33302a95e02,,False,,,,,
meme_005800,rus,data/raw/rus/6217.jpg,6217.jpg,True,590,509,JPEG,16821953f5a8e289e9a9ebd15135bb3960d0c9fae276e5f96ce0553da88dd380,,False,,,,,
meme_001471,rus,data/raw/rus/2320.jpg,2320.jpg,True,517,720,JPEG,e2a7aa95b8a4847c5840bda0355a4451cad3c99157c03c447b00673df2592751,,False,,,,,
meme_004487,rus,data/raw/rus/5035.jpg,5035.jpg,True,1167,1138,JPEG,12ce8dfe1cdd22860cc18e231541c2fc70bc66142629d7aec8836791594a750f,,False,,,,,
meme_000255,rus,data/raw/rus/1226.jpg,1226.jpg,True,726,800,JPEG,8a6c6959e83e3cceeb73f8fb7ca622651044e2f70e93c304a26b9deb56e9f1ca,,False,,,,,
meme_015081,ukr,data/raw/ukr/1sFryjIEvztZVksMxB7r3z7GLEeze-Iq5.jpeg,1sFryjIEvztZVksMxB7r3z7GLEeze-Iq5.jpeg,True,567,440,JPEG,5bb263acf674382b67d427ad758e4f9114a4aba45d16888b2813a1f662717adc,,False,,,,,
meme_010300,ukr,data/raw/ukr/1ODttd4sqgHisZG104h_K0I_7zKOutDUZ.jpeg,1ODttd4sqgHisZG104h_K0I_7zKOutDUZ.jpeg,True,1356,936,JPEG,50124b26950377948fee3227a3ebb1d3402b6997d40f4a21678814fd8654c668,,False,,,,,
meme_003708,rus,data/raw/rus/4334.jpg,4334.jpg,True,1099,618,JPEG,5b0677cd401d61b732efe2452ef73d84491ec82eedfb930acd29afb0ab778be7,,False,,,,,
meme_004623,rus,data/raw/rus/5158.jpg,5158.jpg,True,1280,978,JPEG,be6533799cabef3406945c957dd61b79d9441fa0ae4458151db86aa0ad862805,,False,,,,,
meme_008749,ukr,data/raw/ukr/1E4TY_sHejf0A353K1JQoezhY6ZF9AzxJ.jpeg,1E4TY_sHejf0A353K1JQoezhY6ZF9AzxJ.jpeg,True,1080,871,JPEG,01bf8719ee75a40a56248691d7338683c6b471d3b470106ae4fdcfa1435e837d,,False,,,,,
meme_000421,rus,data/raw/rus/1376.jpg,1376.jpg,True,1080,795,JPEG,450ef4355c5dd4650fb83a6b1142afb2dc70fd0edfe2ce18f1cebf2fa3fc0842,,False,,,,,
meme_010074,ukr,data/raw/ukr/1Mm-hm1rO2c9wdYB-4aEmigkMzGS6jZNA.jpeg,1Mm-hm1rO2c9wdYB-4aEmigkMzGS6jZNA.jpeg,True,1024,895,JPEG,cd50ee8eabc46d6e5ebe8be40e4ee84f7571a090145678f67bc9fd4c0a055ffa,,False,,,,,
meme_002883,rus,data/raw/rus/3592.jpg,3592.jpg,True,735,640,JPEG,5a264ea99ad357cae074a499a1f0f22f952554fb62abd46b47019bcc413c27a2,,False,,,,,
meme_011924,ukr,data/raw/ukr/1Z0a8tc4ySse5p6llsxlCpiZOrkPcslBO.jpeg,1Z0a8tc4ySse5p6llsxlCpiZOrkPcslBO.jpeg,True,480,270,JPEG,a87445be54e50a135490e2e616662343778342403acd64ba3f17d57e66f6ce26,,False,,,,,
meme_001373,rus,data/raw/rus/2232.jpg,2232.jpg,True,785,800,JPEG,6bdb01b646522a0f48307cd3e424e5595a95018a07b7a015c4685df8e2e43b2e,,False,,,,,
meme_011840,ukr,data/raw/ukr/1YRxeAZvJvtJhmem8ux5yL3dpoPhliPeo.jpeg,1YRxeAZvJvtJhmem8ux5yL3dpoPhliPeo.jpeg,True,854,997,JPEG,41c8110f71de0512e861c013b8080c5efb19d24588ce44a5d2287122744b53ea,,False,,,,,
meme_009296,ukr,data/raw/ukr/1HZy2Owf6XWkTdExjheBZqWy2N-bEUZq3.jpeg,1HZy2Owf6XWkTdExjheBZqWy2N-bEUZq3.jpeg,True,640,798,JPEG,7b3211a5e0fc0dde76be229b994eb948af2dfd3e708ad2ce8cc818fd1d16672e,,False,,,,,
meme_010013,ukr,data/raw/ukr/1MNvNBSKMcllAqALwekpXvp3IXhKLqF25.jpeg,1MNvNBSKMcllAqALwekpXvp3IXhKLqF25.jpeg,True,791,1280,JPEG,871492c736911ddd449becdce10aad54a14f598b5cc2e9f6d7a676841ad1fbc9,,False,,,,,
meme_007541,ukr,data/raw/ukr/15xRtx1ZgT4_YrjYWDbzgZpCOS6-_aGdt.jpeg,15xRtx1ZgT4_YrjYWDbzgZpCOS6-_aGdt.jpeg,True,1005,1294,JPEG,36e01cad6c5538111b85342e7e61c245bba9fe035cdfce304208c932f99d8835,,False,,,,,
meme_010623,ukr,data/raw/ukr/1QOjnd1HW7Qx25jexE-4QAAx0iSs4jagB.jpeg,1QOjnd1HW7Qx25jexE-4QAAx0iSs4jagB.jpeg,True,500,324,JPEG,0c1b3f3c8ec826206d42d577cda1ef3000df7dd85f935ec986351d2fc25f4e03,,False,,,,,
meme_000085,rus,data/raw/rus/1073.jpg,1073.jpg,True,604,521,JPEG,964b1affa0b952a20d0413b29c79e68a14fdcecde95bf43904e75db7b49e268b,,False,,,,,
meme_004443,rus,data/raw/rus/4997.jpg,4997.jpg,True,1170,1142,JPEG,a7a8c114e5ad8ec77c3a65a07e9584849a7d542749046fb39c814e379f780625,,False,,,,,
meme_005478,rus,data/raw/rus/5928.jpg,5928.jpg,True,646,435,JPEG,750969a9cbafb045adcb105aaa8e911ef7ddee3fd897230654510427f4b892ba,,False,,,,,
meme_010126,ukr,data/raw/ukr/1N3IHVyFyP_0SVWSh5XBYD0_yEF1JbkRV.jpeg,1N3IHVyFyP_0SVWSh5XBYD0_yEF1JbkRV.jpeg,True,832,960,JPEG,e97bfa5b7c6a5072f4720d882948d89c0a208a03fdaf85e556e88adce045192c,,False,,,,,
meme_001214,rus,data/raw/rus/209.jpg,209.jpg,True,960,749,JPEG,a85a68d46cef0ff36ae8b1878361dc2bb0fcbcc46106105f9a2d65a8aca087dc,,False,,,,,
meme_008028,ukr,data/raw/ukr/19DE6YbKhg6XBoxXUvHXdB_qp2W_kvxZZ.jpeg,19DE6YbKhg6XBoxXUvHXdB_qp2W_kvxZZ.jpeg,True,986,1280,JPEG,1d8d09e84c1cf9c76c6c6997d3f128ba23176c1c8975cbc0a0280ed54a229f12,,False,,,,,
meme_009717,ukr,data/raw/ukr/1KVfTeAsPbRxMQlq5o0LMIuHPMIPh2tYn.jpeg,1KVfTeAsPbRxMQlq5o0LMIuHPMIPh2tYn.jpeg,True,1052,1018,JPEG,2053ff77686d9054354789104945d772667fd7afa424c0231e73b532b0d3e957,,False,,,,,
meme_008333,ukr,data/raw/ukr/1BEH1YQksokQR-6cFNlhp9tD-RK4MYlZL.png,1BEH1YQksokQR-6cFNlhp9tD-RK4MYlZL.png,True,1270,848,PNG,02300f792c2cb8599162196b4fb0b66dc2f85d9ebdcb13ff6cf02649d28b6254,,False,,,,,
meme_015682,ukr,data/raw/ukr/1wFC44IDnXvC8dp8IeXbSjQHZOMA7BZ6h.jpeg,1wFC44IDnXvC8dp8IeXbSjQHZOMA7BZ6h.jpeg,True,975,1038,JPEG,3c73378c0c60702c1f82ef07c2a44716cbaa46a267d2de93d730969be7c45eb9,,False,,,,,
meme_003616,rus,data/raw/rus/4251.jpg,4251.jpg,True,663,800,JPEG,f5be3a95aa2e59b4610ab69e3c20d51fab56cba1e8758207ee88341d6cc2bea9,,False,,,,,
meme_006303,rus,data/raw/rus/814.jpg,814.jpg,True,306,320,JPEG,752ac99a19614235f638de5b6840c7802327f8c533383c2f41c0e6313163694b,,False,,,,,
meme_000177,rus,data/raw/rus/1156.jpg,1156.jpg,True,637,1080,JPEG,05d6506432a34c8dd5464000646aaa47159e5d5244363ccd233bed96569440f3,,False,,,,,
meme_008415,ukr,data/raw/ukr/1BpxgDDW_S5NtfO-8olIKh8SMtGf42Wxk.jpeg,1BpxgDDW_S5NtfO-8olIKh8SMtGf42Wxk.jpeg,True,1210,670,JPEG,59f847609f28c59419d3dbf0724bbe286422966905370da5bad502bde068324f,,False,,,,,
meme_009352,ukr,data/raw/ukr/1I2XX0RYqOXyVtSl3CYEisT5vpTQEUm6i.jpeg,1I2XX0RYqOXyVtSl3CYEisT5vpTQEUm6i.jpeg,True,800,450,JPEG,458d76ae337e2962c00427c9e3c2ad874d0d1716e9422135309ab4b3e5e33bf1,,False,,,,,
meme_010307,ukr,data/raw/ukr/1OIZvVezIGN8hM2J0GMF1WLG4z4xpoU-Y.jpeg,1OIZvVezIGN8hM2J0GMF1WLG4z4xpoU-Y.jpeg,True,1200,1200,JPEG,73bb4b3cd4df8c7cc89adce1ade1c38c8921b9766aec4c3384cb994e39196b44,,False,,,,,
meme_007459,ukr,data/raw/ukr/15NhWSgdR3-5p-2dug3ZAzH1BMgEPDmOi.jpeg,15NhWSgdR3-5p-2dug3ZAzH1BMgEPDmOi.jpeg,True,753,458,JPEG,8f43dfb711f320c2ff025b19729d551e5905270b36ad5bbc253a33314ccc46e2,,False,,,,,
meme_009465,ukr,data/raw/ukr/1InI6UJ45H5Hq5yuuTg2SYBIqub5KnJHX.jpeg,1InI6UJ45H5Hq5yuuTg2SYBIqub5KnJHX.jpeg,True,1075,1075,JPEG,488146c5d15d10b3896c64c1fa7f618d7e7d1d6165b93865a22578aa3c02406e,,False,,,,,
meme_011732,ukr,data/raw/ukr/1Xqjq1J7FH3SS8pFjNDOwIJnmdHURYAae.jpeg,1Xqjq1J7FH3SS8pFjNDOwIJnmdHURYAae.jpeg,True,922,368,JPEG,f10694f4b4c4cff8050e25ed524942a09c77327046f946f25acbd8f511eb1341,,False,,,,,
meme_011855,ukr,data/raw/ukr/1Y_DYMCGuD1Nxm5uwWp8_b4XlgxpOaJ8Q.jpeg,1Y_DYMCGuD1Nxm5uwWp8_b4XlgxpOaJ8Q.jpeg,True,1024,1335,JPEG,38419a9894b7f97d30d19ada1dccbf498064711be9328ec8d47557147ca16a67,,False,,,,,
meme_015044,ukr,data/raw/ukr/1s1NzpLroUJkM9qgsTzUh-ZDGkkQMT0ci.jpeg,1s1NzpLroUJkM9qgsTzUh-ZDGkkQMT0ci.jpeg,True,1109,1155,JPEG,4989c0458f3d0a23e43d1774591f300e186ec5fa9d2ac95321fbb94ebd3239e7,,False,,,,,
meme_014235,ukr,data/raw/ukr/1moFTFu_DXUZQ1sTenNuse61mLbZuYkdG.webp,1moFTFu_DXUZQ1sTenNuse61mLbZuYkdG.webp,True,512,512,WEBP,cbcbc1ce5870c9ff57b955207c3d6b554bfeea452c2247adb47487ccebfa19c0,,False,,,,,
meme_011783,ukr,data/raw/ukr/1Y8nVMxZiDLTq8nSepiCWjd_MF8dEuhH9.jpeg,1Y8nVMxZiDLTq8nSepiCWjd_MF8dEuhH9.jpeg,True,870,1160,JPEG,bdf6f38d841199a23de500ad5252d676dad754912da91a2b7522a325809af6b9,,False,,,,,
meme_011233,ukr,data/raw/ukr/1UXUn4pNpwPFV6c5Eb6ZRI5SrPn10GuB5.jpeg,1UXUn4pNpwPFV6c5Eb6ZRI5SrPn10GuB5.jpeg,True,720,576,JPEG,20eb88a0676edaf5be894d0d00a5d40ed9a6c60b2f16836d9bcb06628714380d,,False,,,,,
meme_010200,ukr,data/raw/ukr/1NTXjkffQ4_hSNFmqH_dmwUG8SR_oX3k4.jpeg,1NTXjkffQ4_hSNFmqH_dmwUG8SR_oX3k4.jpeg,True,923,929,JPEG,ae842ba2f187ca72c0548e5aa71e990f1567d8071c637178b85530f4032d6669,,False,,,,,
meme_003600,rus,data/raw/rus/4237.jpg,4237.jpg,True,600,600,JPEG,5cd1b8c7037cc5cdba7ca5935362525ba0b8676cbf0f96b0821afc9bade14671,,False,,,,,
meme_003777,rus,data/raw/rus/4397.jpg,4397.jpg,True,696,561,JPEG,908f1d86312749954bbaef2581d12bed0bcc4f0bd6f064f54306b3f811eafecd,,False,,,,,
meme_011822,ukr,data/raw/ukr/1YLuBD4RWmyJBt4CxWFzGg-qTLFjL319e.jpeg,1YLuBD4RWmyJBt4CxWFzGg-qTLFjL319e.jpeg,True,1279,1279,JPEG,3ad8b80d2007cda0a8863b8e4a4935139e99d9ac1ecc8196e3618f37f76359d6,,False,,,,,
meme_002185,rus,data/raw/rus/2964.jpg,2964.jpg,True,1060,1080,JPEG,da62cd104c4b0f5ac6a3fb87887f72e8dec7dffed8f48a560a3a12482415ea19,,False,,,,,
meme_002678,rus,data/raw/rus/3407.jpg,3407.jpg,True,1054,1080,JPEG,3491258dd4994bc937fd84c0c986187124edbf0a8b6ab32958c12862a84e9b8e,,False,,,,,
meme_009459,ukr,data/raw/ukr/1IlxPtDmw7CsWNumHeml1tjO7-ZBVXdfp.jpeg,1IlxPtDmw7CsWNumHeml1tjO7-ZBVXdfp.jpeg,True,1080,570,JPEG,623bcbcbc912b4f7305d789dfe156bfc4f1253cb42a01ce594c42cc5c753cb55,,False,,,,,
meme_011686,ukr,data/raw/ukr/1XXahq_MlKrkZyyk8m1XQZ-O_uoEHAnHh.jpeg,1XXahq_MlKrkZyyk8m1XQZ-O_uoEHAnHh.jpeg,True,526,512,JPEG,fd6ec329f12583fe1c9f7366adff81e755b6f2adc226ebcc70afdd6b11b0987b,,False,,,,,
meme_004975,rus,data/raw/rus/5475.jpg,5475.jpg,True,1080,1080,JPEG,07545404c721f01dc138ee2796fc2554293b155fdb9235226a6a20466d6f994a,,False,,,,,
meme_003283,rus,data/raw/rus/3952.jpg,3952.jpg,True,600,593,JPEG,0a0d868688a171bba264d36094a1a7b243e04c266a7feea28753625d81891baf,,False,,,,,
meme_005759,rus,data/raw/rus/6180.jpg,6180.jpg,True,743,800,JPEG,414aeb4a382cb6ae8b8b7b7e77375b9d9721a7554670a91d0f5b4b6022c1c304,,False,,,,,
meme_005943,rus,data/raw/rus/6346.jpg,6346.jpg,True,733,960,JPEG,009f389b6c352859d1fe41a4302d61e793412c3381a3e202dec5234fcdcf8129,,False,,,,,
meme_010795,ukr,data/raw/ukr/1R_eb9mPUtIWIoCc2EuMAVtDinEoBarJ5.jpeg,1R_eb9mPUtIWIoCc2EuMAVtDinEoBarJ5.jpeg,True,604,453,JPEG,18c113fbe4cf26692a0e1be6b47475ddbafca11e36853bd0eb46d008ad07816f,,False,,,,,
meme_008584,ukr,data/raw/ukr/1CvQsxasJFout5bNihMfogdW1XFiRUqVu.webp,1CvQsxasJFout5bNihMfogdW1XFiRUqVu.webp,True,972,666,WEBP,532c048ac145ff406194899c6d84f53512ab7b1f994584efc25f9610443ed3f9,,False,,,,,
meme_007795,ukr,data/raw/ukr/17eG95aFBrFfQ9gmAWnimucjKJCXvVS1g.jpeg,17eG95aFBrFfQ9gmAWnimucjKJCXvVS1g.jpeg,True,574,759,JPEG,827b987d74651ac614cba688d5a22d931659a7741b5784f21b2d03c89019656d,,False,,,,,
meme_000904,rus,data/raw/rus/1810.jpg,1810.jpg,True,484,493,JPEG,aa140437c8698530523240d7193f571963d9d128bd3f41c80b6e3f1a18559f6d,,False,,,,,
meme_003405,rus,data/raw/rus/4061.jpg,4061.jpg,True,605,711,JPEG,a05d7f3a75d7a40bab8036006cbd94e88af7e793f6c84f805180b58ecc353066,,False,,,,,
meme_003108,rus,data/raw/rus/3795.jpg,3795.jpg,True,604,492,JPEG,ab29c96683a9a7bf0f0226c3656d012b6199df53128eb9be82e80ec15052ee53,,False,,,,,
meme_009460,ukr,data/raw/ukr/1IlxlKVnUbFW6AJ4IlB8FlVfIvNwxOXU3.jpeg,1IlxlKVnUbFW6AJ4IlB8FlVfIvNwxOXU3.jpeg,True,1280,953,JPEG,d9faeb3dd7c920a7169eed27c9ae5778f873079485ebcb17e21abee886f71bee,,False,,,,,
meme_000435,rus,data/raw/rus/1389.jpg,1389.jpg,True,785,800,JPEG,0f63c1c3eda83b26a9fd751a583b239a916c60b12a314bca4518c9c1a737a73d,,False,,,,,
meme_004605,rus,data/raw/rus/5141.jpg,5141.jpg,True,722,800,JPEG,384cc52f0d3c84735756535d4f348f3f053ac7682fc507e6ad421afbf872d5b5,,False,,,,,
meme_009660,ukr,data/raw/ukr/1K7FwcQCYFHnfAT5djHBAxVDJRWUWOoJ3.jpeg,1K7FwcQCYFHnfAT5djHBAxVDJRWUWOoJ3.jpeg,True,1080,1230,JPEG,85c387e1f9f153553267780f850274f708559e7e0a4efe15bd5e38efc0db22e7,,False,,,,,
meme_003475,rus,data/raw/rus/4124.jpg,4124.jpg,True,705,462,JPEG,9a83c57dfa3ee1c6c5912d35a40a820bd2d20ec2ac265c63635da9cd93832a4b,,False,,,,,
meme_000432,rus,data/raw/rus/1386.jpg,1386.jpg,True,761,1112,JPEG,7e6be3c82776ce61e207a67b253fe01600dd6a6df58c97f34a9d42667baa2ff6,,False,,,,,
meme_008575,ukr,data/raw/ukr/1CtnifnZUmQrZlWJTf9WeJV3ns1zEpmfd.jpeg,1CtnifnZUmQrZlWJTf9WeJV3ns1zEpmfd.jpeg,True,1152,1074,JPEG,9ca33604fd6b05d6a04503a5388a9a4f799f4f1d50a20b0ffe929c032393b401,,False,,,,,
meme_014325,ukr,data/raw/ukr/1nQ2-WNznBg7S8MZG13p-X9lV7qzMSg5j.jpeg,1nQ2-WNznBg7S8MZG13p-X9lV7qzMSg5j.jpeg,True,1193,1583,JPEG,4b9b2985c688348402f46e5cd7e5eb15b8a2d9154b446d790b9b5a894bde51c4,,False,,,,,
meme_007811,ukr,data/raw/ukr/17jGHclS7r6U3wnLpG7uIEGrSmkNm1Vi4.webp,17jGHclS7r6U3wnLpG7uIEGrSmkNm1Vi4.webp,True,700,1044,WEBP,825a594d02ca79dc2b3f6c2438f84f38fefc82c33042dc212d0f9747db9437e0,,False,,,,,
meme_015365,ukr,data/raw/ukr/1uDOzZtkwLSw5ohJpqlvGiilQ5f8UiYV9.jpeg,1uDOzZtkwLSw5ohJpqlvGiilQ5f8UiYV9.jpeg,True,1650,926,JPEG,c9dc07f7cc885eb600acf8b9967140ba2af06f8271ecbdbe34281c9aad4a75ea,,False,,,,,
meme_015002,ukr,data/raw/ukr/1roxKPBLS3rTfT5FAMEP7avxUhflS9qH6.jpeg,1roxKPBLS3rTfT5FAMEP7avxUhflS9qH6.jpeg,True,537,478,JPEG,63cf634f4d76cc47b3c8158f5b53e0a7873ef9ae0f4e668f763800f42a0726be,,False,,,,,
meme_007841,ukr,data/raw/ukr/17qmEXTIdr3ErbtlMHM-XP6N39N54oXdU.jpeg,17qmEXTIdr3ErbtlMHM-XP6N39N54oXdU.jpeg,True,719,1280,JPEG,4e6b4a802b685daf89c1a456218ddcdfc8000466383762e59daa9c40b2c300ff,,False,,,,,
meme_014236,ukr,data/raw/ukr/1moMneYxMkzh83y-qDi19FL7mRNXxfZXE.jpeg,1moMneYxMkzh83y-qDi19FL7mRNXxfZXE.jpeg,True,498,449,JPEG,bd7d856a69aa6f07ef880d904fdf88d499668daa6049317b6dcfe5516d6ff889,,False,,,,,
meme_015613,ukr,data/raw/ukr/1vkmMt7swYo5zgbR_uX35yg7rkHwluM52.jpeg,1vkmMt7swYo5zgbR_uX35yg7rkHwluM52.jpeg,True,690,420,JPEG,57c354d98a8429fecd25fd5a2e435e7f9fed3cd96e389a18fb21a4744f102972,,False,,,,,
meme_008114,ukr,data/raw/ukr/19s1UHxpLu54OXLk1EKY5UX0TeWNXF3ng.jpeg,19s1UHxpLu54OXLk1EKY5UX0TeWNXF3ng.jpeg,True,445,635,JPEG,9cf781aa5f2fa5840dc80814473d137f53db4a1c5b4548c585f6c36971ca87ce,,False,,,,,
meme_005663,rus,data/raw/rus/6094.jpg,6094.jpg,True,574,604,JPEG,792cb664bbeffc78a9ba53ce1f257d29b10e3935769a822f6e61c38796c7ef7a,,False,,,,,
meme_004011,rus,data/raw/rus/4607.jpg,4607.jpg,True,800,688,JPEG,e776d130ca9c548ae87a70e5eca3b34622bdb0b00badf91655d114626385798d,,False,,,,,
meme_015038,ukr,data/raw/ukr/1s-VN8LTQvNde33G6tUhWkuu_BCc7C0rH.jpeg,1s-VN8LTQvNde33G6tUhWkuu_BCc7C0rH.jpeg,True,1080,1025,JPEG,070a65295bc4913437ea9619a7f92092525bb0cbacf8de2a76994d77879b0457,,False,,,,,
meme_005101,rus,data/raw/rus/5589.jpg,5589.jpg,True,604,571,JPEG,2cae65fb35f7adba19aa8591534aafaac9967f8721f6e3058faebf4f4741dc7d,,False,,,,,
meme_005156,rus,data/raw/rus/5638.jpg,5638.jpg,True,624,1080,JPEG,97c802fdab4d4a5741d52b81131eec1633e67d7ae5a5199e3981c2c20d20eded,,False,,,,,
meme_006134,rus,data/raw/rus/662.jpg,662.jpg,True,800,640,JPEG,24086fe0560a2ba203d04a400e49e8652b54d3fc409e0de218b8a503adba9a93,,False,,,,,
meme_016083,ukr,data/raw/ukr/1ywqObUD1Y3wD6bT9Nih9w_tnLlZCVuZ2.jpeg,1ywqObUD1Y3wD6bT9Nih9w_tnLlZCVuZ2.jpeg,True,787,1280,JPEG,fdbdb4c109611b94943b7c150863474360c6284b2621465cd0086e0ed34d0aa2,,False,,,,,
meme_011957,ukr,data/raw/ukr/1ZCmY-pRtCWHXSsM3T0uYPBybvPbpM7uj.jpeg,1ZCmY-pRtCWHXSsM3T0uYPBybvPbpM7uj.jpeg,True,932,1280,JPEG,a3583321815284a3348c8b24f9da3bf1e2e847aa9bc29e4251de5417e0f31033,,False,,,,,
meme_003577,rus,data/raw/rus/4216.jpg,4216.jpg,True,1280,720,JPEG,2c8d3a08e5f47f1a657148e06e963fbfb4b869a3984c98db0f0a2cfaebb9b30c,,False,,,,,
meme_010815,ukr,data/raw/ukr/1Rjuv2UKxdqAFERsFllNV6VJ1eyvfyVHE.jpeg,1Rjuv2UKxdqAFERsFllNV6VJ1eyvfyVHE.jpeg,True,1280,1280,JPEG,8e50f8755e3a92d3d05a118c3b8cd8359fd325253d3981cab3165a3e80c4163b,,False,,,,,
meme_010676,ukr,data/raw/ukr/1Qhm5D4oFV1En7MTeZJ6uqSmuQHxii5Ti.jpeg,1Qhm5D4oFV1En7MTeZJ6uqSmuQHxii5Ti.jpeg,True,968,774,JPEG,3c274cad93eea1970a37e6a27d1575e70ee966b996fd8ff6839b412ebe916de1,,False,,,,,
meme_000933,rus,data/raw/rus/1837.jpg,1837.jpg,True,1080,1279,JPEG,f423aedcf59109c473a80f115111576c70765f98f37179d31d29e562ed8b4a6c,,False,,,,,
meme_009220,ukr,data/raw/ukr/1H7TgXgbdwIRY_OysIp1YrZZwV3DqbqAz.jpeg,1H7TgXgbdwIRY_OysIp1YrZZwV3DqbqAz.jpeg,True,1080,715,JPEG,66d1fcbec65618ed98cfcadbde5b6fa3e94b4d1919a8d04cd9880ea0d7186716,,False,,,,,
meme_002803,rus,data/raw/rus/352.jpg,352.jpg,True,1242,1075,JPEG,c1e6af650c550f4ea1d689806974f77c1154c71f648b3817150007cc2c599538,,False,,,,,
meme_015689,ukr,data/raw/ukr/1wHEi9946YVbjL66zTt9cU9HolwIM85JL.jpeg,1wHEi9946YVbjL66zTt9cU9HolwIM85JL.jpeg,True,811,519,JPEG,d232c70e59b50ff9077245fe453da659f2ac13d4f2a2ef5e4b9dba4cc60b2eb4,,False,,,,,
meme_014177,ukr,data/raw/ukr/1mLSC32I_wgLElG9lQae-46oRMUyiQrGc.jpeg,1mLSC32I_wgLElG9lQae-46oRMUyiQrGc.jpeg,True,560,739,JPEG,9304859a92052f500b8d887d87bc379d35cdb12fbb57d42a49c2841706e5f68b,,False,,,,,
meme_008234,ukr,data/raw/ukr/1A__Q0-2P-in6BMT68Otc_J1dPXAtTKN9.jpeg,1A__Q0-2P-in6BMT68Otc_J1dPXAtTKN9.jpeg,True,960,523,JPEG,143f917b20ddfa635a1456d455b3323a6695165e5c5828d669f9601399470ee4,,False,,,,,
meme_014673,ukr,data/raw/ukr/1pjQEDvLuIUbYWsvDpOQ8BFzlBBQ_jKF4.jpeg,1pjQEDvLuIUbYWsvDpOQ8BFzlBBQ_jKF4.jpeg,True,620,605,JPEG,412eb3e33f6b324b5cd3919315164f46fe7c2c19910b2ed6bf42c716b2fcab78,,False,,,,,
meme_005611,rus,data/raw/rus/6047.jpg,6047.jpg,True,610,508,JPEG,9d0535fdb987219279246775efc2afc3aa91eeb5a47729bb50dbe203b9acc70b,,False,,,,,
meme_013751,ukr,data/raw/ukr/1j_Br7p2-82gnt_J3P57bS1brlxx85SHz.jpeg,1j_Br7p2-82gnt_J3P57bS1brlxx85SHz.jpeg,True,1569,1840,JPEG,c86fb72bc8a76654788e751dec3b8c7de44ab23d8a911ef037dcd6362c78a62b,,False,,,,,
meme_003317,rus,data/raw/rus/3983.jpg,3983.jpg,True,1242,1138,JPEG,4de00d910df42432e07bcc108f842088eabbb6f68858f3da40bcc122d7c34bf6,,False,,,,,
meme_009758,ukr,data/raw/ukr/1KlioPCHrxx6p6hA3CUdmdvRc0sI0D2JH.jpeg,1KlioPCHrxx6p6hA3CUdmdvRc0sI0D2JH.jpeg,True,1584,2048,JPEG,f7bfd318695f63f2befd6398ac9e46053e74d509b41a3b7a896730a54514cfc1,,False,,,,,
meme_008595,ukr,data/raw/ukr/1Czxi5I7VNYTHZBbhG2i7adNnPHkhy_LN.jpeg,1Czxi5I7VNYTHZBbhG2i7adNnPHkhy_LN.jpeg,True,709,1280,JPEG,9637987e4f676446ff20ef2e2b17c6d6bd0d8a6f312c2e338423f7f8f35722bb,,False,,,,,
meme_013921,ukr,data/raw/ukr/1kd89gnInTH0ttP_Ae1ZRULrqFLL3iTVP.jpeg,1kd89gnInTH0ttP_Ae1ZRULrqFLL3iTVP.jpeg,True,1917,1289,JPEG,642701f93f7f707c235ef2cbf29bcfe7a987b64c19a9c60a8114f3d77a35c33c,,False,,,,,
meme_008723,ukr,data/raw/ukr/1DtJPJ9Vq2vvEVF-1QIiHmI_0Y7-Uw6lD.jpeg,1DtJPJ9Vq2vvEVF-1QIiHmI_0Y7-Uw6lD.jpeg,True,984,1280,JPEG,e7dacafd8cbc6d68292ad37b9ac902c7149de18bbbfd896cde085ac54650b674,,False,,,,,
meme_005041,rus,data/raw/rus/5534.jpg,5534.jpg,True,1280,1280,JPEG,f8dc306bbc0448b547af54f9f9bc83b6342c6ed51e37a934295604c240be6f6e,,False,,,,,
meme_011789,ukr,data/raw/ukr/1YAB1OKEvmKSF5utNjHaogPeFRCXF9IK0.jpeg,1YAB1OKEvmKSF5utNjHaogPeFRCXF9IK0.jpeg,True,1200,1330,JPEG,9ebd2691f89f619d11a9cb0ae204cf7dbd6bdca0dd32ce2d1e632e5f15f6a84d,,False,,,,,
meme_015202,ukr,data/raw/ukr/1t6xNZCxclSHgF9CAYECpMjG76eeJC2ss.jpeg,1t6xNZCxclSHgF9CAYECpMjG76eeJC2ss.jpeg,True,553,616,JPEG,9a76fb6d9692cc055280bc6a4781f6e81f1c265e0f58f2053181e0544dd666b7,,False,,,,,
meme_006821,ukr,data/raw/ukr/11D_jNcrs_PZrS46r233GsGoNOjFh8Pmx.jpeg,11D_jNcrs_PZrS46r233GsGoNOjFh8Pmx.jpeg,True,1280,872,JPEG,84ee2be67712c8238c023f0cb2e68a184bf558812526c06fd51be6b2677686df,,False,,,,,
meme_011171,ukr,data/raw/ukr/1U7a8xRc4-a9bYPT8YGJYajg5kS1X5wq_.jpeg,1U7a8xRc4-a9bYPT8YGJYajg5kS1X5wq_.jpeg,True,960,1104,JPEG,e214f691843787cf55cb7860bdb0f6125b61953858646eb98f248344a908c0a5,,False,,,,,
meme_008651,ukr,data/raw/ukr/1DS53dmNIe5C_lolmXQOHC2Bc3zrwt59-.jpeg,1DS53dmNIe5C_lolmXQOHC2Bc3zrwt59-.jpeg,True,451,530,JPEG,ffd6774333d9dd6a0d8e1c560c4cb2f67919c3485c31b8107e7322a68620e2c1,,False,,,,,
meme_014960,ukr,data/raw/ukr/1reLJGsevgzpa5XUhDPZt1X8qszinI1gU.jpeg,1reLJGsevgzpa5XUhDPZt1X8qszinI1gU.jpeg,True,1280,796,JPEG,df6bc2759fadd112a87d42161afff8ffe7c0d5b103951625178cec4533f32c16,,False,,,,,
meme_010099,ukr,data/raw/ukr/1MvS6HpSlzs2uC6uMivompEY7Dqzqo08C.jpeg,1MvS6HpSlzs2uC6uMivompEY7Dqzqo08C.jpeg,True,906,789,JPEG,b6f5bf9beec8c064ce3dd899c445c2936ef7e791ea394e4b9a6bb68745ced6a7,,False,,,,,
meme_012337,ukr,data/raw/ukr/1alKwWaObG26RyVuITe_R77VllzQhHPin.jpeg,1alKwWaObG26RyVuITe_R77VllzQhHPin.jpeg,True,2040,1765,JPEG,da8c1ffad94b83de62c66d3e3855ceee229dca21f505c85d2ae550f2b52ac504,,False,,,,,
meme_004464,rus,data/raw/rus/5014.jpg,5014.jpg,True,1280,986,JPEG,8ff6168f16ce2109f69dd0c41c77f6dae1983a2bef5851214844471e8e711d6c,,False,,,,,
meme_010531,ukr,data/raw/ukr/1PrkuWRHO68_edYZuglzKw6e3MTLgtxAF.jpeg,1PrkuWRHO68_edYZuglzKw6e3MTLgtxAF.jpeg,True,229,721,JPEG,ce0af4ce2a0e803a666c598ccc0e5a83539e8f3e84391746d4a1f07b03bf2640,,False,,,,,
meme_009762,ukr,data/raw/ukr/1Kn200RKqJWwEQ4IuhqpcfzKM0bUQypfP.jpeg,1Kn200RKqJWwEQ4IuhqpcfzKM0bUQypfP.jpeg,True,700,811,JPEG,6e9d09798140522c956ed9344cf2172858ac01fc1f3e6de0b5bdbc3707661556,,False,,,,,
meme_007803,ukr,data/raw/ukr/17gDygrvIGy-D_zuYaVja4smmx2_jvdxk.jpeg,17gDygrvIGy-D_zuYaVja4smmx2_jvdxk.jpeg,True,828,786,JPEG,d26915586edabd0b153a1e23e89c13733b397a8604415de4f007de9864eedf84,,False,,,,,
meme_002936,rus,data/raw/rus/364.jpg,364.jpg,True,1045,1080,JPEG,060f97fafc1b7bacb3ab9adee2e5632e32b21cf180879e1476a9b81aba0eb823,,False,,,,,
meme_006881,ukr,data/raw/ukr/11grqZ3bCLem0PTHwl73H9pn-cj_ZxoUE.jpeg,11grqZ3bCLem0PTHwl73H9pn-cj_ZxoUE.jpeg,True,669,637,JPEG,79df2fca535f95fd12c79629926f711607b83ca475625075ad46a7bc4105f7b8,,False,,,,,
meme_012711,ukr,data/raw/ukr/1d2y0HUsvcLcgEVR3cpDh7pB6SPgG1jcq.jpeg,1d2y0HUsvcLcgEVR3cpDh7pB6SPgG1jcq.jpeg,True,694,561,JPEG,a596259da1dea4dbcdd853b4e4fd8286b0871bb959f89d60641a0570c1afdc07,,False,,,,,
meme_008655,ukr,data/raw/ukr/1DSgev4RjzBgbiqxNGyFvEJcWF5p0I7fk.jpeg,1DSgev4RjzBgbiqxNGyFvEJcWF5p0I7fk.jpeg,True,1280,984,JPEG,e15ec40626043aafbf1bd96f2c4fe0254c1298077517801021cad5ea96871d8f,,False,,,,,
meme_001890,rus,data/raw/rus/2699.jpg,2699.jpg,True,800,670,JPEG,2ae0a1e9fad0702b82615dbc961445915a2a19ef7a213e2f1d412437e4c5905c,,False,,,,,
meme_007279,ukr,data/raw/ukr/14A3niQLCczew20DxXjowKriQoMyNIpwC.jpeg,14A3niQLCczew20DxXjowKriQoMyNIpwC.jpeg,True,788,675,JPEG,e40e19fa46b3892c1b307b639f91067aea9d46c65a9b5b40fa08744d9e440ebe,,False,,,,,
meme_000931,rus,data/raw/rus/1835.jpg,1835.jpg,True,800,731,JPEG,357358aaa5147dcb1e5417ab561c40ab2219123747c010fcbceeccb1bd07d1ae,,False,,,,,
meme_008527,ukr,data/raw/ukr/1CXaXz_mlmf5A__BfHXChtnHDUHMPuqQo.jpeg,1CXaXz_mlmf5A__BfHXChtnHDUHMPuqQo.jpeg,True,1284,1562,JPEG,b1cb90de71320160fb209945706c0f75eacdb867f17ecc668771a2b5738ab568,,False,,,,,
meme_008741,ukr,data/raw/ukr/1E0xYnhbfR1HBAqZyg9b3lmDTQ8DfHBOh.jpeg,1E0xYnhbfR1HBAqZyg9b3lmDTQ8DfHBOh.jpeg,True,1200,1200,JPEG,f8ea5bf1f7918b23c1d6be888efb5531d2638002e95c69f941911e43ee6de72a,,False,,,,,
meme_015798,ukr,data/raw/ukr/1x3fqk3YybYvcqsVD6urQ4RUSiMGU9seT.jpeg,1x3fqk3YybYvcqsVD6urQ4RUSiMGU9seT.jpeg,True,683,960,JPEG,51a4c7bd7eb278f8086d0293a5cf61d22cd6ed670048346f3b6f726eeba4ec6a,,False,,,,,
meme_011062,ukr,data/raw/ukr/1TPOKsZ-rLUpjF7BdCRQFJ4xNtMNv7XnQ.jpeg,1TPOKsZ-rLUpjF7BdCRQFJ4xNtMNv7XnQ.jpeg,True,1000,669,JPEG,df49edab83e7d8ead49454828967842ae1d84432f8db955a0a2a12a8864cc729,,False,,,,,
meme_014404,ukr,data/raw/ukr/1nvinN37XXDUSW627-9bKWQj_6d9zr32J.jpeg,1nvinN37XXDUSW627-9bKWQj_6d9zr32J.jpeg,True,890,521,JPEG,0318c31868764b77c1ce270757830ddb018f3362b1bedd70ffbf4bf4a3f2a968,,False,,,,,
meme_013791,ukr,data/raw/ukr/1jrP3iBs3S51G6BP6H9diRoFL7zZSnr9A.jpeg,1jrP3iBs3S51G6BP6H9diRoFL7zZSnr9A.jpeg,True,474,600,JPEG,8719c5d4e27c014f0270252ca699833fd25c5fac1c7759f7c412da73653dd901,,False,,,,,
meme_009807,ukr,data/raw/ukr/1L31XG1qOk5jm6M_wFTrd3Co_7L_F8VH0.jpeg,1L31XG1qOk5jm6M_wFTrd3Co_7L_F8VH0.jpeg,True,1024,1129,JPEG,3db2ee5f28de5a0945ba067d4ff1432e68ee189ea1df179589107e24653b1067,,False,,,,,
meme_012562,ukr,data/raw/ukr/1cBIfzAy7rlzTBJ2qFn8z0WjilCloK0PZ.jpeg,1cBIfzAy7rlzTBJ2qFn8z0WjilCloK0PZ.jpeg,True,988,1238,JPEG,98afcb2fe6bc91843c8237abf5125cf688d40a27d68a6bce83f7b6d9ba7c1c95,,False,,,,,
meme_012747,ukr,data/raw/ukr/1dIdjr-jKttHxURJaK2hBjyLYF1hr-BQo.jpeg,1dIdjr-jKttHxURJaK2hBjyLYF1hr-BQo.jpeg,True,487,396,JPEG,ee19f805d50bff9e3128ecd7ddc052010c0fbeb6ff701a4fc1e213530c342c00,,False,,,,,
meme_002215,rus,data/raw/rus/2991.jpg,2991.jpg,True,750,691,JPEG,4e122ab034714634f2cbb1a361d0d68ca34075998791497bc548886b52f8c4b7,,False,,,,,
meme_010337,ukr,data/raw/ukr/1OUBfL5eCYDF23Tlao9AcGqj9BhmGhp8z.jpeg,1OUBfL5eCYDF23Tlao9AcGqj9BhmGhp8z.jpeg,True,744,685,JPEG,88457534a44f15c4d48ba851b5811067d6e5f3bf2b678a824ebbe8b2134c1a17,,False,,,,,
meme_003324,rus,data/raw/rus/399.jpg,399.jpg,True,715,675,JPEG,1e8bea35aa246931e94f88e0159e9dea78650dbeb4eb2dfa82cd0806c7ecca31,,False,,,,,
meme_009392,ukr,data/raw/ukr/1IJ3Ci8aSN0BsxOJyoiXbaBpD0IVozTUr.png,1IJ3Ci8aSN0BsxOJyoiXbaBpD0IVozTUr.png,True,1170,2532,PNG,46b1521a5e796505d1fc17b8661b9a8ba67236c14b4d573d5da5a13462f4ccf5,,False,,,,,
meme_005365,rus,data/raw/rus/5826.jpg,5826.jpg,True,1280,1280,JPEG,1b0f1e9a67c85597055341ea0d5e6e373fb7402aebe3cea47c57254a1fd0a506,,False,,,,,
meme_007800,ukr,data/raw/ukr/17f-zlEimTu8DmoVMPW36tCdlpwrDTSo-.jpeg,17f-zlEimTu8DmoVMPW36tCdlpwrDTSo-.jpeg,True,1280,781,JPEG,b8a9f152b3abc1b6e8a95442d9598a3613103211c891e05e8bcf67cc621e2f05,,False,,,,,
meme_005932,rus,data/raw/rus/6336.jpg,6336.jpg,True,550,532,JPEG,f63150c770d9564f93533d1ac6ed1ebce7592aa13b1c0edae4e81ff57f85df8b,,False,,,,,
meme_004203,rus,data/raw/rus/4780.jpg,4780.jpg,True,640,780,JPEG,cb82c19163203b10dc325a43ba8ed310ab314fa8ce77c955e0aa9b71f5912060,,False,,,,,
meme_013213,ukr,data/raw/ukr/1g96emEH_LKCBYC-BEsU5DUAsS8qz-lqo.jpeg,1g96emEH_LKCBYC-BEsU5DUAsS8qz-lqo.jpeg,True,809,1080,JPEG,324e9592033e09cd0127ad2832f586ce519ad0dc3bee9fd746f0c9bbd7caf005,,False,,,,,
meme_008349,ukr,data/raw/ukr/1BNS8Q775I5Y8ef4OzF2gdKyuHbGNkXeW.jpeg,1BNS8Q775I5Y8ef4OzF2gdKyuHbGNkXeW.jpeg,True,1300,1289,JPEG,ac203952d8e373f0c54f3e06e339278d19fe194f9a853b935272ca019d418328,,False,,,,,
meme_015360,ukr,data/raw/ukr/1uBxpOmBmOUHdpqOKo5JcODBODA1aujAT.jpeg,1uBxpOmBmOUHdpqOKo5JcODBODA1aujAT.jpeg,True,800,794,JPEG,d8ce8ecc8c9d1e7850b645319668f1b03192f8700cf804ddff3e4f0b755ae1e8,,False,,,,,
meme_015980,ukr,data/raw/ukr/1yDy2mY-TvdVl06qx8qB0rxl93dDIBlvQ.jpeg,1yDy2mY-TvdVl06qx8qB0rxl93dDIBlvQ.jpeg,True,686,1279,JPEG,75dcb45f6c0b85f450d998ca52604963f67611a0e97d61fc5c44f4963b4bc122,,False,,,,,
meme_003329,rus,data/raw/rus/3994.jpg,3994.jpg,True,813,1202,JPEG,dfae68e03885fa606318e02e388589e9c246b1cf888b0ef88b5c407fd769f5eb,,False,,,,,
meme_006780,ukr,data/raw/ukr/10xriBT_YW-akJRJMW1WS4xQMmiP1110T.jpeg,10xriBT_YW-akJRJMW1WS4xQMmiP1110T.jpeg,True,720,960,JPEG,9aa1d05cf07c01c2be2b8109f45480e7067fbce10706bf5a310ae10d43d1dd74,,False,,,,,
meme_004123,rus,data/raw/rus/4708.jpg,4708.jpg,True,459,604,JPEG,7ba6aaf1172fbd2af0c1efa249ba20dbdef26431e8ced1cbcf0ca766474949bc,,False,,,,,
meme_001164,rus,data/raw/rus/2044.jpg,2044.jpg,True,776,1080,JPEG,d2b040f15538d313f79b6a52de190b79cf8069d77e9824fab129cb859ab2ab5a,,False,,,,,
meme_004960,rus,data/raw/rus/5461.jpg,5461.jpg,True,714,743,JPEG,e1d973d7b965dcb5653148662a777b75c03661fe2575bf6d59698d30cc07ed7d,,False,,,,,
meme_012138,ukr,data/raw/ukr/1_S4_tlMSrQ9z7BRzFLyyPWYcl6QPoiAY.jpeg,1_S4_tlMSrQ9z7BRzFLyyPWYcl6QPoiAY.jpeg,True,961,1201,JPEG,d2206b878ae29e8d208fa7aeaeff6aa0031665df484ff23161ccd12da6b80c8c,,False,,,,,
meme_002596,rus,data/raw/rus/3333.jpg,3333.jpg,True,640,715,JPEG,7d839f487716c754972260023a7303e10ef1223dc3ddc49fa18973494fd7106d,,False,,,,,
meme_014525,ukr,data/raw/ukr/1ok49n6G58LdPLwOBd1Xuww--FOH8XyYc.jpeg,1ok49n6G58LdPLwOBd1Xuww--FOH8XyYc.jpeg,True,1279,1279,JPEG,6340680274f21c2dbc033df81f77bd5ff057630a3dc965898de0e2ec6718766b,,False,,,,,
meme_009862,ukr,data/raw/ukr/1LLqPIiFrpHMFzpoSDLMRBLojeb40HxN4.jpeg,1LLqPIiFrpHMFzpoSDLMRBLojeb40HxN4.jpeg,True,811,811,JPEG,8eeb8112be30a41b908c730df4a9be6800465b0e881b6f9b4435b953768fffc2,,False,,,,,
meme_015861,ukr,data/raw/ukr/1xPi2SXXnisE7SH8kvVlzyIjxoYTUgIvp.jpeg,1xPi2SXXnisE7SH8kvVlzyIjxoYTUgIvp.jpeg,True,1080,817,JPEG,386f07c4afa77315cb8535bb7a7f3909d17995bda401179e7125e1af478c100d,,False,,,,,
meme_014816,ukr,data/raw/ukr/1qmFIjwgA3CQNyX5rfaF0ogfqolFfxiwE.jpeg,1qmFIjwgA3CQNyX5rfaF0ogfqolFfxiwE.jpeg,True,928,1280,JPEG,869692b77bb1130d5759f42aa8c008eb2ac57410c311e269947465fe7c0400e8,,False,,,,,
meme_001289,rus,data/raw/rus/2157.jpg,2157.jpg,True,728,800,JPEG,104a0a22beeae3c41d219e18c979f73697be46e0be695c8e79437c04eaba8504,,False,,,,,
meme_012104,ukr,data/raw/ukr/1_Du4XFDXjHe5Ts5AUJfgRBrbbXm1QVtN.jpeg,1_Du4XFDXjHe5Ts5AUJfgRBrbbXm1QVtN.jpeg,True,1279,1279,JPEG,3e550991b7263df379ecf9c2088ff7d29787f1955684d1e37eab9723077aaac8,,False,,,,,
meme_000169,rus,data/raw/rus/1149.jpg,1149.jpg,True,1242,1208,JPEG,8db3d25b93c17a3003f6a928221cd437ec58c061c8299ec068354eca34492b43,,False,,,,,
meme_013313,ukr,data/raw/ukr/1gmIL8X-tvjqWbxpCsvIG1W5pXHs5OrmL.jpeg,1gmIL8X-tvjqWbxpCsvIG1W5pXHs5OrmL.jpeg,True,680,676,JPEG,949dc04f82663a0abe26ed7ad9d5d811dc2dea2581b0551ebc5c4605f2c649aa,,False,,,,,
meme_001012,rus,data/raw/rus/1908.jpg,1908.jpg,True,604,670,JPEG,fc2225df02d5fcd2065cb5e1005c012bb19a299652fa3b1b2742fc5c0f032e78,,False,,,,,
meme_008785,ukr,data/raw/ukr/1EH31HbgHdShY-dFwjWmqqa3E6l7FssCT.jpeg,1EH31HbgHdShY-dFwjWmqqa3E6l7FssCT.jpeg,True,1079,1171,JPEG,6d562cf6910d1992b25139b327f3e446718c9018e34a9c77c12fb357864046db,,False,,,,,
meme_002609,rus,data/raw/rus/3345.jpg,3345.jpg,True,434,552,JPEG,d74e5565958737e6dff7fcb66e8adfb58c8d9a0bcc044e4a98952349b0882a0c,,False,,,,,
meme_008665,ukr,data/raw/ukr/1DWcu-_Rnc5raJ9WYxZ8znrzm1Vg5cW4I.jpeg,1DWcu-_Rnc5raJ9WYxZ8znrzm1Vg5cW4I.jpeg,True,800,800,JPEG,817961e3a7cc30f9e0890dde524fc5693d48c7b0296db834c4295c956fd01542,,False,,,,,
meme_011908,ukr,data/raw/ukr/1YxNEngD5d5pgXyajKTnNjwrENu8V-wig.jpeg,1YxNEngD5d5pgXyajKTnNjwrENu8V-wig.jpeg,True,720,908,JPEG,b20de8b2dc5c71558eb1c88e6bc565996685ec2472c38975993f087cfe65ef78,,False,,,,,
meme_002151,rus,data/raw/rus/2933.jpg,2933.jpg,True,601,511,JPEG,141287cedccf9961843699ff80163a40a056954b60d23e648064ffa01cf73430,,False,,,,,
meme_002299,rus,data/raw/rus/3066.jpg,3066.jpg,True,800,670,JPEG,4811f3c25e9a80c952c64b2e5aa16e58b2a6a5711219fd3d94b8b673d51e5288,,False,,,,,
meme_007069,ukr,data/raw/ukr/12shAsDQ9S0cguSmeJ79ky2CbffO4Tp1b.jpeg,12shAsDQ9S0cguSmeJ79ky2CbffO4Tp1b.jpeg,True,975,1280,JPEG,a36a3122b37c9512e5debfc8178e32c0073df6d39b6a8f59449fb316cd9d4e5b,,False,,,,,
meme_009786,ukr,data/raw/ukr/1Kw31ptbTKES41EdMilGys6HtA6gru5GC.jpeg,1Kw31ptbTKES41EdMilGys6HtA6gru5GC.jpeg,True,640,472,JPEG,d24bbcbff3089e9de9e037780e81b87f6e599c4d5d2716177495833004bbda9d,,False,,,,,
meme_007699,ukr,data/raw/ukr/16zREtNPaPYwCmAqgcFPgXELSor5UGYoV.png,16zREtNPaPYwCmAqgcFPgXELSor5UGYoV.png,True,715,776,PNG,3b6be3644aef98ef67d0e3d36024df0ae72f294c90f85850697c3c2e63282049,,False,,,,,
meme_003388,rus,data/raw/rus/4046.jpg,4046.jpg,True,604,508,JPEG,d2227732c1a491bde7047f835c626a692f009e351f3b0186e66cdd03677c4f8a,,False,,,,,
meme_003342,rus,data/raw/rus/4004.jpg,4004.jpg,True,735,621,JPEG,782caf9ee3cdcc84e7bb162871f5da78a2c0c491a8f17e64a4e06cba60341d2b,,False,,,,,
meme_012665,ukr,data/raw/ukr/1ckGEI0VtxJkyCDWInIS9OPj_-db4gyQA.jpeg,1ckGEI0VtxJkyCDWInIS9OPj_-db4gyQA.jpeg,True,1280,1268,JPEG,95107df41153463ca496d8f720d05c5178f6f931f7042ed1b8e819704254d39f,,False,,,,,
meme_002502,rus,data/raw/rus/3249.jpg,3249.jpg,True,1023,1280,JPEG,27b05893a96b15572a7ff319e89d49ecd5e857572c848ae280fbf55eb3891eed,,False,,,,,
meme_013611,ukr,data/raw/ukr/1iiz56HYZ3mwBMh1bZk1XYGWPomHIw8xD.jpeg,1iiz56HYZ3mwBMh1bZk1XYGWPomHIw8xD.jpeg,True,1080,756,JPEG,34e6b9dc69dac0b9c1d6395a6d355f57a08ab2671c6b702d12735775ce917304,,False,,,,,
meme_015970,ukr,data/raw/ukr/1y8QPvIgfj998oJuof1Frw_AjgxE1FF92.jpeg,1y8QPvIgfj998oJuof1Frw_AjgxE1FF92.jpeg,True,1280,1057,JPEG,0945d9bc70f83e23013e6bc7862291e46bbee3c823c7a6a0c474845d876ace88,,False,,,,,
meme_004803,rus,data/raw/rus/532.jpg,532.jpg,True,976,1080,JPEG,95340cf5fbc7916734e52636fd72bcb0c493e257c7c2c6a1b36418ab9b232c76,,False,,,,,
meme_015191,ukr,data/raw/ukr/1t3DXxyEGqlHsULf-9V4Ui6FLKpIBBESp.jpeg,1t3DXxyEGqlHsULf-9V4Ui6FLKpIBBESp.jpeg,True,972,1173,JPEG,8fe6ede847915b59fb1ee0d8a836a10b26fb71d699b1a1950aaa2e4c25d145e7,,False,,,,,
meme_012729,ukr,data/raw/ukr/1d9H_ysrjjCXTzXp6wa0OObrb6xkIyfaf.jpeg,1d9H_ysrjjCXTzXp6wa0OObrb6xkIyfaf.jpeg,True,760,541,JPEG,9fc5e41843d868bc40f84e94457fbc300ccea669cfcafcac00d32422d63738b2,,False,,,,,
meme_015847,ukr,data/raw/ukr/1xKezih3dq751IH3g7Qm3dim-g6SIyX_n.jpeg,1xKezih3dq751IH3g7Qm3dim-g6SIyX_n.jpeg,True,800,608,JPEG,a4a14362768b8e7db53a1ddfe57fa8e988a47aae11d531bfbf1e19e4468088ce,,False,,,,,
meme_002907,rus,data/raw/rus/3613.jpg,3613.jpg,True,800,677,JPEG,fdbb702343e6dcce2e117be170b38839485166138d70e5ea3fb39162321c0a3d,,False,,,,,
meme_014408,ukr,data/raw/ukr/1nwGJb_lwUwcRfRVzG0qK5XT_AcQKWv6w.jpeg,1nwGJb_lwUwcRfRVzG0qK5XT_AcQKWv6w.jpeg,True,1080,690,JPEG,f425f42cce05039f036aac13b3420edfeba045693a49642886c91d96f6daff82,,False,,,,,
meme_009027,ukr,data/raw/ukr/1FrHMazuX_SbsczXfRnJsPV_xWNTS7vhe.jpeg,1FrHMazuX_SbsczXfRnJsPV_xWNTS7vhe.jpeg,True,906,987,JPEG,61c5d2b7ec60b802232f1b66308db5e35209777ddb0d54a69cdc8e7b898a0962,,False,,,,,
meme_001749,rus,data/raw/rus/2571.jpg,2571.jpg,True,496,519,JPEG,af4005780c98298dfd88f2d59ec45a9f156c1dc347e765f91e5b88ee7e7fd194,,False,,,,,
meme_006693,ukr,data/raw/ukr/10QSpBZ6e-SfJdqAjhZ1LOO6SEA-Akxw6.jpeg,10QSpBZ6e-SfJdqAjhZ1LOO6SEA-Akxw6.jpeg,True,690,601,JPEG,b94840f9e888cc6a63fa16240f562d05d669d1cbc058f80fa72423fd2ede7640,,False,,,,,
meme_014927,ukr,data/raw/ukr/1rPvzxlX_TArFea5xGpXE0rskbPx-zrso.jpeg,1rPvzxlX_TArFea5xGpXE0rskbPx-zrso.jpeg,True,1280,813,JPEG,661a839a9de4a9d284f99e09b44736a838cdc2770066940ebd62f2e46da2aee2,,False,,,,,
meme_001651,rus,data/raw/rus/2483.jpg,2483.jpg,True,800,800,JPEG,107fbb6fd919cb4ce3dbdc22ca8bebc43ea591660e38dfd97127e61e63f5a685,,False,,,,,
meme_011618,ukr,data/raw/ukr/1Wy_G2A7Na8V86OhXQCfvF0vj46LTSWUW.jpeg,1Wy_G2A7Na8V86OhXQCfvF0vj46LTSWUW.jpeg,True,1262,1356,JPEG,d5a186dffab8ae851aef71cd4397a30943d4291986b6904c97e1fcb6940f01bb,,False,,,,,
meme_003523,rus,data/raw/rus/4168.jpg,4168.jpg,True,760,574,JPEG,06fb259bc12fe0b27b8d8a1fcb7c1d39087d3f54af18143914c383cef5df91bc,,False,,,,,
meme_003838,rus,data/raw/rus/4451.jpg,4451.jpg,True,589,800,JPEG,d8f3689ec2bc3c7ef1e5b00601825484217841c42fd3cbebc8cf951e28809f9c,,False,,,,,
meme_014233,ukr,data/raw/ukr/1mmh5OyAYJ6znzHFxjFGQm90C2qk5SFmo.jpeg,1mmh5OyAYJ6znzHFxjFGQm90C2qk5SFmo.jpeg,True,720,615,JPEG,9b366fbe78e1b39aeab84eed6be890e50c434f736ae0d7da00fe69f63dc206a9,,False,,,,,
meme_001497,rus,data/raw/rus/2344.jpg,2344.jpg,True,796,1280,JPEG,925fe6da1ce7176a1e7b21ccbf78cb74203638ed282bbe8016a8c7661735d6bd,,False,,,,,
meme_001062,rus,data/raw/rus/1953.jpg,1953.jpg,True,718,640,JPEG,25299a32a55c80d387b46568f443e8a3a6415d2ec8197e67cf7ee0dd6cc46f42,,False,,,,,
meme_008825,ukr,data/raw/ukr/1EWCzD3SRDk6p5qGbiEIgWTcwKOCTVBTe.jpeg,1EWCzD3SRDk6p5qGbiEIgWTcwKOCTVBTe.jpeg,True,1080,345,JPEG,1adb2aa5b271a2befd7b56d53e4b92e7dbaa094c5abaa2564f9cc1ff2add34d5,,False,,,,,
meme_013436,ukr,data/raw/ukr/1h_TVw9FuUfm3Cxx0kK1EyyX5Jcwjgkqh.jpeg,1h_TVw9FuUfm3Cxx0kK1EyyX5Jcwjgkqh.jpeg,True,1170,993,JPEG,7dd02a3d3529096f3f3db25394277a3339095ba134f6f11f57ece2c698bb9ee8,,False,,,,,
meme_000488,rus,data/raw/rus/1436.jpg,1436.jpg,True,404,1280,JPEG,a602811d225503d7dcd20b22a51115b2689cdb042caa6f4ed07bb77f3d0320a1,,False,,,,,
meme_002928,rus,data/raw/rus/3632.jpg,3632.jpg,True,923,1080,JPEG,d4374c9b6416b51b4c15d472fcc7f8d22bc8239502b4f0a6b225a4e6c16d04c0,,False,,,,,
meme_014026,ukr,data/raw/ukr/1lMRcMmQsBifOqIannxvIZEDx49QnMWx7.jpeg,1lMRcMmQsBifOqIannxvIZEDx49QnMWx7.jpeg,True,185,212,JPEG,55b2e70510e3eeb87afee81b5c1b52a478aa98e46f130907d1d3e3f2f81b951c,,False,,,,,
meme_005768,rus,data/raw/rus/6189.jpg,6189.jpg,True,750,481,JPEG,7e38e5dd4a6920a132c665f87052fd15bfdca2cc6edb7440b99c15d5cfecc93f,,False,,,,,
meme_006570,ukr,data/raw/ukr/1-VLBEi1vUUhs61htmT-6gt7Fn-PAVAIc.jpeg,1-VLBEi1vUUhs61htmT-6gt7Fn-PAVAIc.jpeg,True,720,719,JPEG,232475e21053ee9ecd1724ad4352edd1fcac5afbb4a2605f70fa5c59c032c65c,,False,,,,,
meme_015408,ukr,data/raw/ukr/1uUTMtXbXfUlzEzFAVBPhjjBh8y2XwzUN.jpeg,1uUTMtXbXfUlzEzFAVBPhjjBh8y2XwzUN.jpeg,True,500,536,JPEG,e32c979c7d238019750a0a63a51f0a0e8096fb0914c441b0f23d89e5991cac77,,False,,,,,
meme_013438,ukr,data/raw/ukr/1ha4TbSvYiayjWXUX98Qgfx5DeL9wbZkk.jpeg,1ha4TbSvYiayjWXUX98Qgfx5DeL9wbZkk.jpeg,True,730,430,JPEG,d400b0fc1855a095b0193032a201b8a0399e1c922c6f106a9c83421acde9a71c,,False,,,,,
meme_012941,ukr,data/raw/ukr/1ebIqTa-q5KNM4XWxf520yYugT4oF4_fi.jpeg,1ebIqTa-q5KNM4XWxf520yYugT4oF4_fi.jpeg,True,1440,1440,JPEG,5f13b73b406a398fec9418b491326549de72a5e2cb8e49e5c6f65c1b2eff96ec,,False,,,,,
meme_009451,ukr,data/raw/ukr/1Ii9YkdJdzB8CV-s4RJ5slRmFxUxuWtJG.png,1Ii9YkdJdzB8CV-s4RJ5slRmFxUxuWtJG.png,True,680,515,PNG,969a367064e36e8d7b4b8051759d436b35ea2da31c1f728fb90c5a9421f8a5ad,,False,,,,,
meme_016161,ukr,data/raw/ukr/1zXHcRHojCsex7tVlPcEkbM8UD7nuJSoT.jpeg,1zXHcRHojCsex7tVlPcEkbM8UD7nuJSoT.jpeg,True,271,186,JPEG,27363fee9443b6f109b9ab83fb3190236ad64b55aff8704f5bd55f6bf0e94736,,False,,,,,
meme_007345,ukr,data/raw/ukr/14YyNQQbgzop5GVb6V4imxfWay-x83DZa.jpeg,14YyNQQbgzop5GVb6V4imxfWay-x83DZa.jpeg,True,960,670,JPEG,c396316b13652d0b715c61b0305de706ad7a530bf642adab4bb1ac2b1fe04ee7,,False,,,,,
meme_002459,rus,data/raw/rus/321.jpg,321.jpg,True,981,1280,JPEG,9b55cbcec249907d96afbc26b9d14a0e3ba3ac18a518ecc4485d4ffd9b1efbb0,,False,,,,,
meme_001576,rus,data/raw/rus/2415.jpg,2415.jpg,True,697,800,JPEG,212dafcab8141275917c3f6145482cf5f300b36b559f1eb53604b2b3344fe796,,False,,,,,
meme_003563,rus,data/raw/rus/4203.jpg,4203.jpg,True,452,492,JPEG,aa1616750788b05ae54af215e0c8554814bcb29a7c0fc6f0a9b01a9198f3457d,,False,,,,,
meme_001079,rus,data/raw/rus/1969.jpg,1969.jpg,True,1280,704,JPEG,b9de0205f41ee9e3382d5bd3714fc2b54e175a99352bcf8eab1733be1d8aed76,,False,,,,,
meme_002267,rus,data/raw/rus/3037.jpg,3037.jpg,True,616,800,JPEG,80fbf0fe4e6558596605324b901257fd6d2a27f1cdcca2abcc9bcc02d5459405,,False,,,,,
meme_010777,ukr,data/raw/ukr/1RSS2PoEclfxtgMZuA-du_MfRCinSuj-q.jpeg,1RSS2PoEclfxtgMZuA-du_MfRCinSuj-q.jpeg,True,915,792,JPEG,31195661dcb742fa4b62613df65c949b46c59bd8deac967ecea2eb37293d70bd,,False,,,,,
meme_010320,ukr,data/raw/ukr/1ONRmco9QkrDaThVPdpCWcQDe-Jc-jNDp.jpeg,1ONRmco9QkrDaThVPdpCWcQDe-Jc-jNDp.jpeg,True,1048,1147,JPEG,47b45857e60420022b248c890e576e77ffe4491fd9b1397689a96196413d1273,,False,,,,,
meme_014251,ukr,data/raw/ukr/1mvvk4OAETS-0797nS0oUC_FFceXwSLyL.jpeg,1mvvk4OAETS-0797nS0oUC_FFceXwSLyL.jpeg,True,1024,1024,JPEG,447a54ade22ccb4fd3c11a4bfd7f39c7c417f1b2b435d7b0c27150a334649bf1,,False,,,,,
meme_000287,rus,data/raw/rus/1255.jpg,1255.jpg,True,540,405,JPEG,e9b34bbdcc8efd0739a2298239ac46f47ee06f3cac9f807b701429351eb14d36,,False,,,,,
meme_007825,ukr,data/raw/ukr/17m0PRotMZNmWxI9gLuxVERDKp2mPVYa5.jpeg,17m0PRotMZNmWxI9gLuxVERDKp2mPVYa5.jpeg,True,730,591,JPEG,349dd297d31044c38e03ed532b5d6f792f667152202a0d9475cb5f51b5d31fe4,,False,,,,,
meme_009781,ukr,data/raw/ukr/1Ku8q9RVmmUSyH_GX8RdTT9zCI7WBiDqU.jpeg,1Ku8q9RVmmUSyH_GX8RdTT9zCI7WBiDqU.jpeg,True,1284,1079,JPEG,e2f49790aa74fdb3e1696251570449b45d8d6942fad0c53c7cd83f3b2d2b6c7b,,False,,,,,
meme_009527,ukr,data/raw/ukr/1JCPSkrli-vyYlyAFstp-5PSbOChiCjn3.jpeg,1JCPSkrli-vyYlyAFstp-5PSbOChiCjn3.jpeg,True,600,543,JPEG,fb901cd2503befcfbf11650eb8a70043bbfcf66120b938d2879211d92ce1e1ea,,False,,,,,
meme_011263,ukr,data/raw/ukr/1UhvqD_xdIZ3GrSonWLdHHPbEJhEIOKTs.jpeg,1UhvqD_xdIZ3GrSonWLdHHPbEJhEIOKTs.jpeg,True,1279,1279,JPEG,b61a825266e5a625a46ca904a4e7033713c8aca74b9765df65106a6d19b96f86,,False,,,,,
meme_015220,ukr,data/raw/ukr/1tDjP2GLz3WkFQRt0KXW2t4ZIP65e_cOe.jpeg,1tDjP2GLz3WkFQRt0KXW2t4ZIP65e_cOe.jpeg,True,885,1279,JPEG,4f7e580f675c8904acbbbce8b3455798aaf48d4e08134d6982addabf070dfaf9,,False,,,,,
meme_010091,ukr,data/raw/ukr/1MtmD5Va-MO6Fqjcnp5lO-TtzeDyUdHEj.png,1MtmD5Va-MO6Fqjcnp5lO-TtzeDyUdHEj.png,True,658,500,PNG,f7b7c5b3617ebf20b1a55bf2ebebbe89bfdc31be52a4e679e8bcd3623873e7be,,False,,,,,
meme_001625,rus,data/raw/rus/246.jpg,246.jpg,True,604,402,JPEG,82eb2d2913c585bd3a7d527029c0773216c193a306db6fb033c1a2ab3ac61083,,False,,,,,
meme_015404,ukr,data/raw/ukr/1uU6eyzwTkNnFdQDJjtmsbsiQApg_bq1F.jpeg,1uU6eyzwTkNnFdQDJjtmsbsiQApg_bq1F.jpeg,True,690,662,JPEG,d314638c18e2bd6278289c18f8c1a01b2c83882972a79279b1c3ddd77b3e451f,,False,,,,,
meme_011954,ukr,data/raw/ukr/1ZCRZlRSJBnVJtDzQ_f5QSml3nCabe7KC.jpeg,1ZCRZlRSJBnVJtDzQ_f5QSml3nCabe7KC.jpeg,True,689,1181,JPEG,94dacdd2f465bb82bd18d08a313d4ff0ee84bc8fffef59bafb65a9ec85c383fd,,False,,,,,
meme_001347,rus,data/raw/rus/2209.jpg,2209.jpg,True,542,800,JPEG,25951f7a647eeb2eae5739d8fe2b6e33213e8b1c8b70bc665b56cfed75852c58,,False,,,,,
meme_005175,rus,data/raw/rus/5655.jpg,5655.jpg,True,646,277,JPEG,e484690303fc55ded74cc70ff758ff9109d32ed125151fc1d7546c2e9273ad41,,False,,,,,
meme_005266,rus,data/raw/rus/5737.jpg,5737.jpg,True,750,750,JPEG,48c7968ca6d2ef0602ba19f6a4234341ba22ba44ec4b8515853638f70efd4425,,False,,,,,
meme_007497,ukr,data/raw/ukr/15bWAsML8FUti-54b6s51CoqG1AQR2ioc.jpeg,15bWAsML8FUti-54b6s51CoqG1AQR2ioc.jpeg,True,1280,1014,JPEG,2d3ef55f4ebb821460012605e982e846042ee7518d8dd45b15b1bcee776ca0d5,,False,,,,,
meme_012485,ukr,data/raw/ukr/1bhWAjlDAKhzkMFQet0nZc56Fqul3s8Mc.jpeg,1bhWAjlDAKhzkMFQet0nZc56Fqul3s8Mc.jpeg,True,900,768,JPEG,7f18301a9d162af42fe5ba22fbd8cb551a30e457391e37e73e03fb22e1e4c738,,False,,,,,
meme_003208,rus,data/raw/rus/3885.jpg,3885.jpg,True,1280,737,JPEG,650c48adf7b5e6f4f73cc3b6814a6742ff6b95d6d154f0807a6ca2e4ebba54d3,,False,,,,,
meme_007378,ukr,data/raw/ukr/14nkseBKimTF0CZp0QVO8pckhZDtlh9hz.jpeg,14nkseBKimTF0CZp0QVO8pckhZDtlh9hz.jpeg,True,720,480,JPEG,1b59ebf50805af3fcb960b448182499a99503e2a274c6252381113d0be9be821,,False,,,,,
meme_007262,ukr,data/raw/ukr/142v7IlYKYkgT3VPqI0lzLpX3hXTfWrD0.png,142v7IlYKYkgT3VPqI0lzLpX3hXTfWrD0.png,True,680,507,PNG,2efe793b84b1e35e22b0a7df843df6bd785e130a39ddff209b27c9136848e6a1,,False,,,,,
meme_004046,rus,data/raw/rus/4639.jpg,4639.jpg,True,662,800,JPEG,381fb5b5555b76fe6a15772288170275bfd4fb181678084332628434e0e5bb7c,,False,,,,,
meme_002975,rus,data/raw/rus/3675.jpg,3675.jpg,True,1080,809,JPEG,984b2f2d94b2533d122d24ff22368e3cd0ffdc0d320d66569ce75412489e45ba,,False,,,,,
meme_011817,ukr,data/raw/ukr/1YKACKJ0g_Wv3L5dkzJp4ZcQgLE4rPo42.jpeg,1YKACKJ0g_Wv3L5dkzJp4ZcQgLE4rPo42.jpeg,True,1080,565,JPEG,f7599aac2a1d24f35a45e1ad01686e74eb74afdd234f4d540718092efc8c1bb8,,False,,,,,
meme_004047,rus,data/raw/rus/464.jpg,464.jpg,True,1280,1280,JPEG,308eb3da92bb307543a27677081ea05603cca64215ab4ebdae4019f6c1a0c467,,False,,,,,
meme_012364,ukr,data/raw/ukr/1awllGMhhz64243owQnKDUywSvReGhGlp.jpeg,1awllGMhhz64243owQnKDUywSvReGhGlp.jpeg,True,1080,1316,JPEG,39b95f6e6208a6c87def20dedeec03c4448d4fd3a37720a999b8e2b25e9abff1,,False,,,,,
meme_002289,rus,data/raw/rus/3057.jpg,3057.jpg,True,720,1198,JPEG,5c318c748f731a3883f1ba5b6c3196cefbb48ee37f35bb14cf704b1edb360c60,,False,,,,,
meme_010677,ukr,data/raw/ukr/1Qj8BSJf86krJtXSITYIOsavyyaFVj952.jpeg,1Qj8BSJf86krJtXSITYIOsavyyaFVj952.jpeg,True,819,588,JPEG,536870e9fe9aa0012b59a670e602740f581c70765aef23bb49efff7bec934fb7,,False,,,,,
meme_010250,ukr,data/raw/ukr/1No92Qm2iwwyFmGLNtOlybNYZWZ96vFki.jpeg,1No92Qm2iwwyFmGLNtOlybNYZWZ96vFki.jpeg,True,680,669,JPEG,647b816e0e5dfd4fb484f0a5bd228a557279993f7f74dc78f481337a0835ef8b,,False,,,,,
meme_010273,ukr,data/raw/ukr/1Nzl1FbUDyxJU8zlMAwtEvAFo8OKdPZPe.jpeg,1Nzl1FbUDyxJU8zlMAwtEvAFo8OKdPZPe.jpeg,True,568,449,JPEG,f91accda969d348e509eafaa13deacffdeaa51ff0b3b044bcedde520277e66b2,,False,,,,,
meme_011729,ukr,data/raw/ukr/1Xq1Idq2wu3aStxDDarPsjWUuHyPnNntV.jpeg,1Xq1Idq2wu3aStxDDarPsjWUuHyPnNntV.jpeg,True,851,577,JPEG,d2a0cddbde59174c554b2e7e4e99607d08e192c01b90338a941e859ba177ebe1,,False,,,,,
meme_011188,ukr,data/raw/ukr/1UEYqL8XDjIPuGBkulgk33DAGflLlMsN5.jpeg,1UEYqL8XDjIPuGBkulgk33DAGflLlMsN5.jpeg,True,720,975,JPEG,36d1a4423b32beddbb6722939181cf9779d13780e931a52fe8a45d538f6eb61b,,False,,,,,
meme_003878,rus,data/raw/rus/4488.jpg,4488.jpg,True,1080,976,JPEG,1418d79ba364c05c3521ebccac528d574659e1c405da2a6d72245d2e6547abd6,,False,,,,,
meme_013959,ukr,data/raw/ukr/1kuAHtT-_eSlHfVJX6XhZhXA44Lp-8nIp.jpeg,1kuAHtT-_eSlHfVJX6XhZhXA44Lp-8nIp.jpeg,True,1256,1280,JPEG,9da1d3c0ad33b1fa9ecf38d664a5a233f08107063348c02a953d5478923725ea,,False,,,,,
meme_013317,ukr,data/raw/ukr/1gnkFjMeoAzwucymNK5V3SOfZ-r8NtUdD.jpeg,1gnkFjMeoAzwucymNK5V3SOfZ-r8NtUdD.jpeg,True,700,387,JPEG,d29bacc09fa80ab5fb0a968f36f7bad146f94466d8cea10345cabe60ae4566d0,,False,,,,,
meme_005565,rus,data/raw/rus/6005.jpg,6005.jpg,True,720,703,JPEG,957152e41cd0c732ad0d95ef18524b50e311523149e6136c13e52ce09a1077a8,,False,,,,,
meme_004550,rus,data/raw/rus/5092.jpg,5092.jpg,True,379,530,JPEG,470d7ec50f4ba9e9a205e596bbaa6fbd7ca817e2e5a21fd72ad6199271645f02,,False,,,,,
meme_006062,rus,data/raw/rus/6453.jpg,6453.jpg,True,1080,753,JPEG,dbbdbfe145512eec10696ab610cfbd119ec60071a805099674e748d63ebfb747,,False,,,,,
meme_011106,ukr,data/raw/ukr/1TfCKL1XWhZjDBVAooAWORRomxnk3KBmf.jpeg,1TfCKL1XWhZjDBVAooAWORRomxnk3KBmf.jpeg,True,1080,1080,JPEG,27dd94a5ae6bb5ff6488b5a57d63b36f5cfa6acb1f91d2fd8c8c993dc951adb0,,False,,,,,
meme_010625,ukr,data/raw/ukr/1QOvgKlgrhJaHdVhBlocsry78umU4jUNI.jpeg,1QOvgKlgrhJaHdVhBlocsry78umU4jUNI.jpeg,True,1280,906,JPEG,ca6dbddc1032cf405a3bf48bb0d112dad55a0898351bdc1d643d46b698bdc642,,False,,,,,
meme_006326,rus,data/raw/rus/835.jpg,835.jpg,True,1136,1280,JPEG,2e7cd74367267ea90d12446398f1b961974ec316181f7003b1c9e713641ef892,,False,,,,,
meme_011458,ukr,data/raw/ukr/1VwcAJr1J894XkxbhicmTRZjt-gf1I8-f.jpeg,1VwcAJr1J894XkxbhicmTRZjt-gf1I8-f.jpeg,True,730,1280,JPEG,4f8266af274fec99e4eb845063ed075ed028c7ffe12c4f9dd24cfcbefecc9d1c,,False,,,,,
meme_010491,ukr,data/raw/ukr/1P_cdkktINaspPiiGKpVb0WykLvtgeoHt.jpeg,1P_cdkktINaspPiiGKpVb0WykLvtgeoHt.jpeg,True,700,2060,JPEG,b491fb385232c607811543805fbad16bf56372dc8c1d1abdb7d96602de15e7ed,,False,,,,,
meme_001374,rus,data/raw/rus/2233.jpg,2233.jpg,True,1280,1149,JPEG,ac945fb1184d01dfe126d755e4119fff4c9b4a735d6b3d47cfeebd2aa16f7bfa,,False,,,,,
meme_006740,ukr,data/raw/ukr/10mKS792fi6-m1hJgUgl-wmRMwLuouv_8.jpeg,10mKS792fi6-m1hJgUgl-wmRMwLuouv_8.jpeg,True,1280,1204,JPEG,6cb1d2ee54c000bb77b538687e1dd39ec6754e47c4022507e78ee0cd3254f75a,,False,,,,,
meme_010356,ukr,data/raw/ukr/1OcKtWx-Q8pV-aEV5HC5hLUvl7mdnC3Nv.jpeg,1OcKtWx-Q8pV-aEV5HC5hLUvl7mdnC3Nv.jpeg,True,811,507,JPEG,508c270b8205407b22d776e3df2ecf051309967a152e8b4c4f2866174b5f0b15,,False,,,,,
meme_005702,rus,data/raw/rus/6129.jpg,6129.jpg,True,794,800,JPEG,6ed6598bed8487096832bb44c8c88a8110e53d2b5d0056692148b61836a52969,,False,,,,,
meme_011776,ukr,data/raw/ukr/1Y7dUS88a8ZsgFtNbgxb9IClbiwXYelyV.jpeg,1Y7dUS88a8ZsgFtNbgxb9IClbiwXYelyV.jpeg,True,930,624,JPEG,504297571545308d593d02b169c6912584adde595641aed12b0aa048288bcb74,,False,,,,,
meme_004456,rus,data/raw/rus/5007.jpg,5007.jpg,True,446,603,JPEG,9ebcc8c21f309a32f96d71950d0c53d95f2dfba277505eef870716634feb8a21,,False,,,,,
meme_015664,ukr,data/raw/ukr/1w2wUOFCKgwFYiUElHNCfh3w576kUSeHI.jpeg,1w2wUOFCKgwFYiUElHNCfh3w576kUSeHI.jpeg,True,920,924,JPEG,afc6de98e278ea55c596540e3310b74f8f1a5b303258ed2c87f261e9d0cfb157,,False,,,,,
meme_000009,rus,data/raw/rus/1004.jpg,1004.jpg,True,431,604,JPEG,9cd85a672d5333c6fc3354ec55228c26c18e51b84bbd64df224f01fef8773eda,,False,,,,,
meme_000492,rus,data/raw/rus/144.jpg,144.jpg,True,1200,1200,JPEG,d2b8ef45e3585a2daccf12a1ef51343718fe7a4c72d651e500f20c9e1cb876f1,,False,,,,,
meme_008192,ukr,data/raw/ukr/1AIdBN3420X-udIkjSFUFlqTWrnw-KUsk.jpeg,1AIdBN3420X-udIkjSFUFlqTWrnw-KUsk.jpeg,True,1156,1055,JPEG,473975cf9af4a42b53c0e4256a875d1dd35b940bda5c1f7d8caa4a9746ec286c,,False,,,,,
meme_015794,ukr,data/raw/ukr/1x3QSwgjkkB-_x9MRkbRZVYV4mreF3Jkp.jpeg,1x3QSwgjkkB-_x9MRkbRZVYV4mreF3Jkp.jpeg,True,1017,1279,JPEG,60ab5ccf1c6eca088d27b80d952bf1a34b93c93b7369138ba30a44b08ed3ae78,,False,,,,,
meme_015757,ukr,data/raw/ukr/1wkDhk2SHwsnyXJZEGl3oFN5TPCZ6b_xZ.jpeg,1wkDhk2SHwsnyXJZEGl3oFN5TPCZ6b_xZ.jpeg,True,600,323,JPEG,ce1143e932817e5a4c62a17be310d54414791f01a8a183fbebff3044824bc678,,False,,,,,
meme_010900,ukr,data/raw/ukr/1SGoiEuDXKTAr6qS1QN3Js_dTVjZwJQbt.jpeg,1SGoiEuDXKTAr6qS1QN3Js_dTVjZwJQbt.jpeg,True,748,1200,JPEG,639ced67652320ae10a860a78fecc6ab12f7b830434c475b0d650f2250321f3b,,False,,,,,
meme_015293,ukr,data/raw/ukr/1tjE9GY6LM0CJ6hbgjJQSCrwEXB6yiXwk.jpeg,1tjE9GY6LM0CJ6hbgjJQSCrwEXB6yiXwk.jpeg,True,1103,1104,JPEG,1bb05dd072461bd1fd58200e184419dd3fed4e0ca6545c02abe6800241ff1745,,False,,,,,
meme_009321,ukr,data/raw/ukr/1HifwsadaTHPYMnmwKt7y_p8qEwoZFf21.jpeg,1HifwsadaTHPYMnmwKt7y_p8qEwoZFf21.jpeg,True,1280,1280,JPEG,a9d8c90652c5dd86aafecebab8a27f6dffabc8ead6182e536b5da94675520215,,False,,,,,
meme_009538,ukr,data/raw/ukr/1JGHIjXTuJ1jSa5LTkkhcOJLCh7lunggN.jpeg,1JGHIjXTuJ1jSa5LTkkhcOJLCh7lunggN.jpeg,True,927,671,JPEG,ff8dad122c9bf8c1061d66f9a9f861b550db7aa3ba2657287e53c49feb85787d,,False,,,,,
meme_005835,rus,data/raw/rus/6249.jpg,6249.jpg,True,627,800,JPEG,adafd61c97467840167c23f9f35bb3002971c010d31436783ae751789a0b784c,,False,,,,,
meme_011575,ukr,data/raw/ukr/1WlIdN30L4x4UBz6tB1h6W-h0FVBSzqrA.jpeg,1WlIdN30L4x4UBz6tB1h6W-h0FVBSzqrA.jpeg,True,577,433,JPEG,ddfaed56115bed48fd11f76fd65afbdaee5fd1c13799dddc4f1f3df185ff4dbd,,False,,,,,
meme_003579,rus,data/raw/rus/4218.jpg,4218.jpg,True,1120,1218,JPEG,725820b4c04f50357d572c955d798e3f0ea1c9e533aab9a46496d61d11d64ce9,,False,,,,,
meme_003705,rus,data/raw/rus/4331.jpg,4331.jpg,True,1233,1236,JPEG,1e9016a13c1de9f5bad77ac8e9fd1ad681c7359f09387c4e3210daa8b238832a,,False,,,,,
meme_010244,ukr,data/raw/ukr/1NmWvKrtSsgoOoMP6tck3AA8D_pKk5oYZ.jpeg,1NmWvKrtSsgoOoMP6tck3AA8D_pKk5oYZ.jpeg,True,751,608,JPEG,e206a030aef2b19642391056e98ca496583a40edc7869b8cb710dc028a16266f,,False,,,,,
meme_006595,ukr,data/raw/ukr/1-kN4vfR3RWq5ZhEcL9kG7vQ6GPZESQTB.jpeg,1-kN4vfR3RWq5ZhEcL9kG7vQ6GPZESQTB.jpeg,True,690,524,JPEG,76b2be0b52a5457bfbe79cd5451e531dbd54d2e3b2941e6b73f888e36e80dc53,,False,,,,,
meme_001271,rus,data/raw/rus/2140.jpg,2140.jpg,True,604,556,JPEG,a62ac0510ae1463b446a3f913f865eafc4333b525ac7754f5fddd7cbe46aaaa8,,False,,,,,
meme_012508,ukr,data/raw/ukr/1bopdZfo-6DeIEjaZQAR_KrGs5Sz12sS1.jpeg,1bopdZfo-6DeIEjaZQAR_KrGs5Sz12sS1.jpeg,True,1076,1032,JPEG,15f149a12c31a2926d40d9e8df2f3ae47faf935938dbca5f59879f763ad6f57a,,False,,,,,
meme_001523,rus,data/raw/rus/2368.jpg,2368.jpg,True,549,386,JPEG,7d81bb611e169ab0c2fc7c42be35ed79914b7f4f9ea0beedbbd39ac2030e5b5d,,False,,,,,
meme_001023,rus,data/raw/rus/1918.jpg,1918.jpg,True,575,662,JPEG,4358bc690f9436020b2e6cc54f4de6ef7879b240b03c24dd233c6fddd421913f,,False,,,,,
meme_001685,rus,data/raw/rus/2513.jpg,2513.jpg,True,805,1080,JPEG,e919b4f100761bfbd01611dd0125828b423521cc17302506da4ba317880c7231,,False,,,,,
meme_006416,rus,data/raw/rus/916.jpg,916.jpg,True,800,786,JPEG,38b998d81bc642b0f67b7f0608c31a7a85ee3de9723c36ff20ef0f782f13ca92,,False,,,,,
meme_006573,ukr,data/raw/ukr/1-WbdLkdqbP3e8IWUA9bI98QnoVGh-SM1.jpeg,1-WbdLkdqbP3e8IWUA9bI98QnoVGh-SM1.jpeg,True,1280,1129,JPEG,2bb345766e50c176f926773863781d87c2d30c42d20b98de3e6d1ae7dd0c6114,,False,,,,,
meme_013108,ukr,data/raw/ukr/1faIASWTLQ13kwFR4nINghdTJKqit7EkB.jpeg,1faIASWTLQ13kwFR4nINghdTJKqit7EkB.jpeg,True,720,874,JPEG,105a1919aac7916aed6d1d5103727b26d74db15d8f5ace62a14741e9a787c5bc,,False,,,,,
meme_005435,rus,data/raw/rus/589.jpg,589.jpg,True,800,785,JPEG,3ae7de263101165dd3dbc4d8a39f388b31c331e9d0de11076e87d4bd7e22df42,,False,,,,,
meme_007272,ukr,data/raw/ukr/145X2X1ptkYMza2WqfEBEF_Iyz8qaPGQl.jpeg,145X2X1ptkYMza2WqfEBEF_Iyz8qaPGQl.jpeg,True,720,519,JPEG,567a41180ceb17d47241572b4927e8e53f3f60fbbf2180166ae0dfde76d0aef9,,False,,,,,
meme_011555,ukr,data/raw/ukr/1Wc-TWJl9l5Il3Pid7FYrUrFKy1W_PE-q.jpeg,1Wc-TWJl9l5Il3Pid7FYrUrFKy1W_PE-q.jpeg,True,720,719,JPEG,7e259b3343186623384c7f293516545b3a29341488ad0cc131fa5a984329fc11,,False,,,,,
meme_007114,ukr,data/raw/ukr/13Bj2Ze4hTd5HonKKfGqsWjws1jxawKtH.jpeg,13Bj2Ze4hTd5HonKKfGqsWjws1jxawKtH.jpeg,True,1080,579,JPEG,8c575c1a417bacb3cf9f1a728e51a2897625819f5245e362c5ab19d2b090442d,,False,,,,,
meme_011462,ukr,data/raw/ukr/1VyGVR2m276U1OmJMX-uE8BTl41LCdK3v.jpeg,1VyGVR2m276U1OmJMX-uE8BTl41LCdK3v.jpeg,True,1279,1279,JPEG,3e95410a8bbd9eea3bad13608e46b96f6b54447683a4ebea1f37499b31cf3b26,,False,,,,,
meme_000837,rus,data/raw/rus/1750.jpg,1750.jpg,True,714,1080,JPEG,ce7bb659ecacb90bb898bdbac772267df3d54c4a6a6b20d458b6ec8b8b7daaf0,,False,,,,,
meme_007808,ukr,data/raw/ukr/17gwhom2vBa2PjF7iSGRSheLySGJ5vauo.jpeg,17gwhom2vBa2PjF7iSGRSheLySGJ5vauo.jpeg,True,1280,883,JPEG,1c22b33ce9740d525a0169e748ab856ee9f4f89cb8846c15191194214e1d332d,,False,,,,,
meme_006648,ukr,data/raw/ukr/106T1sEb_0hZO7F8-r7X0A_P5joTw0I4H.jpeg,106T1sEb_0hZO7F8-r7X0A_P5joTw0I4H.jpeg,True,1179,1126,JPEG,326edf69a31c23f687344f0990a2aaff4d8ab897e4479a042406f8fafbfb6816,,False,,,,,
meme_006113,rus,data/raw/rus/65.jpg,65.jpg,True,923,960,JPEG,ed2c1ef4d596635de7b9e23cffad9170eeb4982a442376763b198ccd9f3b63f5,,False,,,,,
meme_006030,rus,data/raw/rus/6424.jpg,6424.jpg,True,800,758,JPEG,83a7e86a1ab89109e6620ac96a4c24b47ca562020d55d8ba064daf59225f2c32,,False,,,,,
meme_007566,ukr,data/raw/ukr/1676CgroI3AFNVoPfyuCQAdqMjCLX3PxV.jpeg,1676CgroI3AFNVoPfyuCQAdqMjCLX3PxV.jpeg,True,615,449,JPEG,ffcba7fbaf39cb4a0a3d1ecb2f6de328811c565e98f84388891bd7084b4ac954,,False,,,,,
meme_011724,ukr,data/raw/ukr/1XpBz5oIGa8ylOVZYKRpCi28WgO8vEHdS.jpeg,1XpBz5oIGa8ylOVZYKRpCi28WgO8vEHdS.jpeg,True,735,576,JPEG,f039b16449d40d60b0ff45882b5effce5234bfb8bdbcbb9131fea89ed1a1af73,,False,,,,,
meme_010968,ukr,data/raw/ukr/1SmAMZ_9kAoTmYRxFBBUCiwDuRai_0Npi.jpeg,1SmAMZ_9kAoTmYRxFBBUCiwDuRai_0Npi.jpeg,True,828,543,JPEG,21aec0c1d4a1e09377b8fbba5ab395fd722b13a8c24bcaf174ef6e48d8dbcfb2,,False,,,,,
meme_005859,rus,data/raw/rus/6270.jpg,6270.jpg,True,913,1080,JPEG,bd3eb7a1d695ed58ce2357de0ca98ba6dd76db3689feda2ee57750159aedca33,,False,,,,,
meme_011676,ukr,data/raw/ukr/1XSEWBJ2gx-PCDS1RJVSSBYv44Cf5KKDP.jpeg,1XSEWBJ2gx-PCDS1RJVSSBYv44Cf5KKDP.jpeg,True,960,1202,JPEG,7a7231b6604ba41c4d255ab1783f0a41d3d57cda3773c885693e9476e9559a35,,False,,,,,
meme_006943,ukr,data/raw/ukr/124LEcCSqpSWfUWaPeDg0rZSZBTq59vGa.jpeg,124LEcCSqpSWfUWaPeDg0rZSZBTq59vGa.jpeg,True,1030,1030,JPEG,46f4e7a24b20dca4ac7ab71fedd6ee71b904e2d974599dd58eb9b7e03ae76df2,,False,,,,,
meme_010548,ukr,data/raw/ukr/1PwKeUlNGtBqEX8acocRq0R3X0MQouvvD.jpeg,1PwKeUlNGtBqEX8acocRq0R3X0MQouvvD.jpeg,True,800,744,JPEG,fb3bca2d8ad54025f5589f53d80a3abc42018afe71924da6f67d5b4986ae9e25,,False,,,,,
meme_001656,rus,data/raw/rus/2488.jpg,2488.jpg,True,1241,833,JPEG,8676d51ba28d1b0816f89d264ab5620d2e3d6a154151d748d2ed4c93592703cf,,False,,,,,
meme_008743,ukr,data/raw/ukr/1E1t0KCw2CVitM228eeFPcuyMvyljmTzL.jpeg,1E1t0KCw2CVitM228eeFPcuyMvyljmTzL.jpeg,True,943,833,JPEG,f8da316c8d1c5717ef9610850051fe8e7990ff823672b32e524cf6ac3652e05e,,False,,,,,
meme_008898,ukr,data/raw/ukr/1EzSB5iUEAohQ8EvxcPicygWqvjbQaAKV.jpeg,1EzSB5iUEAohQ8EvxcPicygWqvjbQaAKV.jpeg,True,1434,1439,JPEG,a6f278c3237018afcf80e07864613d74c63bc046e203ac14a64447b2b9aaf570,,False,,,,,
meme_015330,ukr,data/raw/ukr/1u2ouSZCnHWwpp6RFLhz7ZfSoIXAP6eH-.jpeg,1u2ouSZCnHWwpp6RFLhz7ZfSoIXAP6eH-.jpeg,True,1161,1280,JPEG,ede996e9b4b4384a74a60e68b3e829f91520129403a440c2bf928903b77ab197,,False,,,,,
meme_012231,ukr,data/raw/ukr/1a5S7wfZbKMQMH42VHSuBq_J0pNuxVHDx.jpeg,1a5S7wfZbKMQMH42VHSuBq_J0pNuxVHDx.jpeg,True,976,1135,JPEG,d1f0ac22e20c2f89ead23f7b013bf820d2d18e141e0ecbaa561607d4b7b3e4f9,,False,,,,,
meme_000851,rus,data/raw/rus/1763.jpg,1763.jpg,True,640,662,JPEG,e28ddab1d4b1fbd00e4ea9e35d6d47ebd0a1b61a7e2f6ca0e25a62d519d4d08f,,False,,,,,
meme_009779,ukr,data/raw/ukr/1Ksc2iPAjIuohpa69-JoRyoqL9Zy2ES81.jpeg,1Ksc2iPAjIuohpa69-JoRyoqL9Zy2ES81.jpeg,True,1279,1005,JPEG,c3284013bd904c167ddff8809807ef7a8499e69f6fbb15d62e066386d3df682a,,False,,,,,
meme_002930,rus,data/raw/rus/3634.jpg,3634.jpg,True,565,620,JPEG,126bb9f6987675bda5d0942fc01d01ad176c322b3ea6af9f1283c59336e3510e,,False,,,,,
meme_016171,ukr,data/raw/ukr/1zcFyhamk8gKb_5X9Gz1xtbGho6cJtm_i.jpeg,1zcFyhamk8gKb_5X9Gz1xtbGho6cJtm_i.jpeg,True,774,880,JPEG,12a7ca375c4c1aab647c47490eb241c71d2ad89a64beba4d7036544c9e23556b,,False,,,,,
meme_008740,ukr,data/raw/ukr/1E09R1t1Gdr2vEvF9e3Ysp0mVwLmFY0L1.jpeg,1E09R1t1Gdr2vEvF9e3Ysp0mVwLmFY0L1.jpeg,True,475,649,JPEG,cccd2e5f243aff57d9796deb27415b0ef84f56ff11ce566cd601d6bf52e5d3fd,,False,,,,,
meme_003316,rus,data/raw/rus/3982.jpg,3982.jpg,True,578,800,JPEG,fcf53018d1efd3742d65f9971bf1ffa1fcd6e22d3458bf55eb749ea3015606ad,,False,,,,,
meme_008494,ukr,data/raw/ukr/1CJJGQV_S-D-3DYH3O8obbhQtbEWpBmGx.jpeg,1CJJGQV_S-D-3DYH3O8obbhQtbEWpBmGx.jpeg,True,968,1175,JPEG,229a6a073973fec0d2384b18cfb5d8d9f7c56756487cd018c3c2c62b6c5e24c9,,False,,,,,
meme_016005,ukr,data/raw/ukr/1yPm7gpNpiP68eKYJAPGb2xqTINwj0-1O.jpeg,1yPm7gpNpiP68eKYJAPGb2xqTINwj0-1O.jpeg,True,720,649,JPEG,8243654ae10db49473cab90a609255d18d77396c9b1957b4205a25c01296e6d3,,False,,,,,
meme_002087,rus,data/raw/rus/2876.jpg,2876.jpg,True,800,696,JPEG,8c9d6108a3786b115f0759951b14522a9da3212eb0dd48dad8d76510eca01ccf,,False,,,,,
meme_013008,ukr,data/raw/ukr/1f1v73-TovEDa2mrw52oUOQ44i4TcVuHg.jpeg,1f1v73-TovEDa2mrw52oUOQ44i4TcVuHg.jpeg,True,1280,935,JPEG,418c49f130a75ef6d8993d9b78b398b0963676b5f557a92834dd188bc8b1636e,,False,,,,,
meme_003911,rus,data/raw/rus/4517.jpg,4517.jpg,True,548,604,JPEG,d600740419976c9b60b9f0c807d158a12371475dad950f1fb44c1250f585a485,,False,,,,,
meme_013681,ukr,data/raw/ukr/1jCdUOrRy3QEeUFeyuMgW5X7HWRl9x1hH.jpeg,1jCdUOrRy3QEeUFeyuMgW5X7HWRl9x1hH.jpeg,True,815,1012,JPEG,0e401fe3d9d91f06fdb6e5e56ffa4a2f991b75fca850083724f7623d64a608c7,,False,,,,,
meme_013218,ukr,data/raw/ukr/1gAttPWjTd_ka4hEHenRpOhnwTMVNnmwz.jpeg,1gAttPWjTd_ka4hEHenRpOhnwTMVNnmwz.jpeg,True,601,601,JPEG,2857eb8bf52e1c5bea3cba6cd0871780cf61169b5d2413d85bb39705c0844664,,False,,,,,
meme_010197,ukr,data/raw/ukr/1NT38mXFJdjTrzy91pdi--Sk2Mj7VbXtJ.png,1NT38mXFJdjTrzy91pdi--Sk2Mj7VbXtJ.png,True,902,902,PNG,cdab7d2a04fa766764cf2ee8f9b4b1d5aebbbe4f48a98ad59ed3e3f152a1eaca,,False,,,,,
meme_012871,ukr,data/raw/ukr/1e6RUWAxsiQ3qo4Btf6wAKM3_29NAVYM3.jpeg,1e6RUWAxsiQ3qo4Btf6wAKM3_29NAVYM3.jpeg,True,1000,1000,JPEG,7c8a5208570d184cdcb94e57dce51edb7d15c00ed297fbd0b94954aa8eb628bc,,False,,,,,
meme_013367,ukr,data/raw/ukr/1h7s-qWg-z3eemyDBOMRJJM46HyBEJXSO.png,1h7s-qWg-z3eemyDBOMRJJM46HyBEJXSO.png,True,789,444,PNG,d7653d88264e734606bc44e4bfc9779ffb37441272a0a317eef778f35cb74452,,False,,,,,
meme_012506,ukr,data/raw/ukr/1boWz_VtbMqSRkVZhtlf2UQ5nPSa6bhfF.jpeg,1boWz_VtbMqSRkVZhtlf2UQ5nPSa6bhfF.jpeg,True,902,1280,JPEG,c3b302e28d05f9d7c7e70c53d2d57cf719d51bebb8f06b84e8a0f5e0e22b5d51,,False,,,,,
meme_007203,ukr,data/raw/ukr/13jHGyPcPG43WwZUQIx7UBbCAKIh5FhIW.jpeg,13jHGyPcPG43WwZUQIx7UBbCAKIh5FhIW.jpeg,True,1274,1157,JPEG,2d7489034b9e4b6e6cea29720501f24119ad6b73b3f7314f79fe589484700730,,False,,,,,
meme_013198,ukr,data/raw/ukr/1g2Herdbxt6wWRCktRpXQNpRN2BVNTHq1.jpeg,1g2Herdbxt6wWRCktRpXQNpRN2BVNTHq1.jpeg,True,1080,631,JPEG,7a079fb4fa9b0dbbc78d5db11f8bd3edc03c18c86b3db78bd80afed05757df7f,,False,,,,,
meme_012212,ukr,data/raw/ukr/1_xgdWWOMOZak5BStV9iGtaJXcYzEhOUw.jpeg,1_xgdWWOMOZak5BStV9iGtaJXcYzEhOUw.jpeg,True,1080,806,JPEG,329bed1e31f538430efa5d4ccc8aff8f4c74f9d9d507a2a06f76d7c3e1009c8a,,False,,,,,
meme_012868,ukr,data/raw/ukr/1e5Xg2iMyrkPIzXIQ2fAwJtpLGGEzXfUg.jpeg,1e5Xg2iMyrkPIzXIQ2fAwJtpLGGEzXfUg.jpeg,True,443,426,JPEG,18da313a082821fad5b041111f4851de49ca9daeaab38b625553d19fa3fba234,,False,,,,,
meme_013497,ukr,data/raw/ukr/1hyBNWoF4PLPlpjfn0Drt76v2d-IYGE1X.jpeg,1hyBNWoF4PLPlpjfn0Drt76v2d-IYGE1X.jpeg,True,510,720,JPEG,274d8103af6f3eb65c0d0161b5249c674630220dd95d5c4b096ffdbb95e80f13,,False,,,,,
meme_000759,rus,data/raw/rus/1680.jpg,1680.jpg,True,1137,978,JPEG,ae7d9074371f855d1f6fe2e2dd23d7b0746a014c4d8d0dd06a5762f65aeaa0fc,,False,,,,,
meme_004099,rus,data/raw/rus/4687.jpg,4687.jpg,True,800,774,JPEG,322dfe939ee29d4262d57f0776c31c2dbbdd6eb8c4e9c24d7f612d2b97f91db1,,False,,,,,
meme_001324,rus,data/raw/rus/2189.jpg,2189.jpg,True,500,363,JPEG,4f3e24d94546b925675c994fc9facd8ed60fbdc108112c2d2be26e10bcfe1f79,,False,,,,,
meme_002684,rus,data/raw/rus/3412.jpg,3412.jpg,True,540,416,JPEG,09d576fc4d75e7ce89dd506b21cad0428a779b5e9d5997513fb8289b42771810,,False,,,,,
meme_014135,ukr,data/raw/ukr/1m1KMSrNqZgERbZUG0JPklaWyvK6b3pV6.png,1m1KMSrNqZgERbZUG0JPklaWyvK6b3pV6.png,True,526,510,PNG,41de48df8058b0abc1f3dc364b2eb29b70a0f7d84a56532a873fcf3f13f3e0ca,,False,,,,,
meme_000896,rus,data/raw/rus/1803.jpg,1803.jpg,True,720,726,JPEG,64a196d505b77fd0cda91616a4c5caa90a9a34c9dacdb398bf9f1ce0821de40b,,False,,,,,
meme_001321,rus,data/raw/rus/2186.jpg,2186.jpg,True,480,480,JPEG,ca7628de4a5d5d3ee015f68fdaed7537bed31cd02472d3ca3ac3fd0866cc772f,,False,,,,,
meme_005816,rus,data/raw/rus/6231.jpg,6231.jpg,True,1280,936,JPEG,9953f262ac960680fff461cf7b3e29d5594d64d9e578461985b3de181730cf24,,False,,,,,
meme_016134,ukr,data/raw/ukr/1zIvZu_h7dDnQ3x-OlXGmslb3sOAS0LlV.jpeg,1zIvZu_h7dDnQ3x-OlXGmslb3sOAS0LlV.jpeg,True,801,900,JPEG,399df172b3a32f3fd2a2a088be62af4095705c08cc22c1332b08f97b1eb753c6,,False,,,,,
meme_001226,rus,data/raw/rus/210.jpg,210.jpg,True,800,562,JPEG,f8d8dfc074da39f73e6ae910dfdc6bc44c0acba5cae5880f718dc0febea960cd,,False,,,,,
meme_003012,rus,data/raw/rus/3708.jpg,3708.jpg,True,647,683,JPEG,9d53d2cf9bbf279e41107cb2b32e17a33681a1d7b7f6bc39fe1d90cf4fdfc822,,False,,,,,
meme_008440,ukr,data/raw/ukr/1Bzx01Em0rPgnN5wQPc64zCoeKTQA-aJS.jpeg,1Bzx01Em0rPgnN5wQPc64zCoeKTQA-aJS.jpeg,True,690,769,JPEG,30e5f762c5fb5ce8eb357b9dbf5e6cd584586c16358b7894dd74811a7e98be2b,,False,,,,,
meme_004418,rus,data/raw/rus/4974.jpg,4974.jpg,True,1252,962,JPEG,f451568fd3c362d9566e8daf8299f39ff2744d9f9cda00ccf09607cb095c032f,,False,,,,,
meme_005024,rus,data/raw/rus/5519.jpg,5519.jpg,True,800,454,JPEG,e03feb318b90e07d7bc246d7e96f150322f3893f19823e9d7a53a41859ccbc55,,False,,,,,
meme_001770,rus,data/raw/rus/2590.jpg,2590.jpg,True,432,604,JPEG,f32184dd3c5ceb374ee6e299285ba6c4a03c3c5979511af4e2136fe57dbe6408,,False,,,,,
meme_003546,rus,data/raw/rus/4189.jpg,4189.jpg,True,627,682,JPEG,70a67bcefb8a203885d221916da667b488f375b23899373fb09a3f42c99ed5bf,,False,,,,,
meme_003922,rus,data/raw/rus/4527.jpg,4527.jpg,True,604,509,JPEG,792939151d3c0dc4fac6ee5c5e742d7b058b3bcc9d63c5b76bdba1f8c6ca6ed7,,False,,,,,
meme_005033,rus,data/raw/rus/5527.jpg,5527.jpg,True,977,644,JPEG,c270cc85f7abeb0f78463bb7aa7be6d61ec3b2bf63f90d4797542db6c69f59cf,,False,,,,,
meme_014603,ukr,data/raw/ukr/1pHzoV5C2ZJkeJgloupzUJnEsr2UzwXXl.jpeg,1pHzoV5C2ZJkeJgloupzUJnEsr2UzwXXl.jpeg,True,621,414,JPEG,cca8664aaedb9bbd5cff9b06a0cf31313bd262964d2efe45e553e9ac312de5fe,,False,,,,,
meme_003059,rus,data/raw/rus/3750.jpg,3750.jpg,True,752,800,JPEG,704c2cab5973768b64b0780392305605d9e24edff1f224c6a5237afe475050fd,,False,,,,,
meme_009587,ukr,data/raw/ukr/1JatK7Ld95yKPlQdcYl8b0Nui_NXQQBNO.jpeg,1JatK7Ld95yKPlQdcYl8b0Nui_NXQQBNO.jpeg,True,454,536,JPEG,66b2ab256dab818298f948144274b276c9b6dc39a379b680b8be32a2b4400f6f,,False,,,,,
meme_008391,ukr,data/raw/ukr/1Bd2Rq7iBcZzjsEYZKE_PGGtLwxZexoBr.jpeg,1Bd2Rq7iBcZzjsEYZKE_PGGtLwxZexoBr.jpeg,True,509,640,JPEG,e4889a1ce17f7d9abe426a1a63a4b6ab5c38ad8e8576f725c3ba57f91e4d109d,,False,,,,,
meme_000765,rus,data/raw/rus/1686.jpg,1686.jpg,True,669,800,JPEG,3a4859923c06f2d12e75980feb3995ced43e186908a09e32170787243a23ff0e,,False,,,,,
meme_001698,rus,data/raw/rus/2525.jpg,2525.jpg,True,1113,1280,JPEG,916dcfbf7df44522af083081ab318d39ee22139994154d7bed507666ed49c01f,,False,,,,,
meme_008875,ukr,data/raw/ukr/1Epbm-HkNh84qPIDA-43by0pg0CQ4GWWu.jpeg,1Epbm-HkNh84qPIDA-43by0pg0CQ4GWWu.jpeg,True,450,464,JPEG,5376388997240ceae4ff16eba6f77fbacdfb75f997dc1bcea7ab4bf6c3e9dda1,,False,,,,,
meme_010502,ukr,data/raw/ukr/1PdrpWCUvRPnAnlbqn9LViZxUmmragBRO.jpeg,1PdrpWCUvRPnAnlbqn9LViZxUmmragBRO.jpeg,True,1280,901,JPEG,8bb1d7d91f65c9bb2bec759b3fb84d2ad3cc6e73a28d06f232e828d27c220c98,,False,,,,,
meme_009039,ukr,data/raw/ukr/1Fwtlx87WbcVhHA21KjwXwzlmuwAaFRhB.jpeg,1Fwtlx87WbcVhHA21KjwXwzlmuwAaFRhB.jpeg,True,1080,591,JPEG,74c50320fec2e386cd03c5c0ea28473148ae8b489c5860eb2018c6fc3cf4c925,,False,,,,,
meme_012532,ukr,data/raw/ukr/1bxOJ0yZInJL3cVRX_o4qj2Pk6sE4Fo-x.jpeg,1bxOJ0yZInJL3cVRX_o4qj2Pk6sE4Fo-x.jpeg,True,521,752,JPEG,e40a56c7d445529779f131dc9a1703d08acc0e257e675976dc34b57b1e4cd912,,False,,,,,
meme_004032,rus,data/raw/rus/4626.jpg,4626.jpg,True,320,320,JPEG,b54df70636435d8e12ad48b0c051b6f238af899bcb8d8a597073b512cef4179c,,False,,,,,
meme_014857,ukr,data/raw/ukr/1r1IQOn2gg6RGuRORLSwdOR-iolWKuyUH.jpeg,1r1IQOn2gg6RGuRORLSwdOR-iolWKuyUH.jpeg,True,1024,1211,JPEG,50729acdb1db6b2e798448c4a25163fd24f3314c24f805d1d49a06f8cab06d5e,,False,,,,,
meme_014250,ukr,data/raw/ukr/1mvNJB-7AOINhMEhImft12AuFu7lAQMIo.jpeg,1mvNJB-7AOINhMEhImft12AuFu7lAQMIo.jpeg,True,552,519,JPEG,cea69200c21037839cbc215d5087e90817a1d52b07197c8cf5a71990d4af69fa,,False,,,,,
meme_003659,rus,data/raw/rus/4290.jpg,4290.jpg,True,720,450,JPEG,3e0d6587459d4929121118d36e4a0547caad967f498d142032731f54e5fdd02a,,False,,,,,
meme_005730,rus,data/raw/rus/6154.jpg,6154.jpg,True,800,800,JPEG,afce1eff2a48af0492f3d7da10717691e6721a1f34486b8c217d8c997312f115,,False,,,,,
meme_002486,rus,data/raw/rus/3234.jpg,3234.jpg,True,1097,1280,JPEG,7cf9565c93773712d03f32b749683b8dd9898fffbff84f69174d05698733189e,,False,,,,,
meme_008658,ukr,data/raw/ukr/1DTiQwVTgNqFwS5ecQ58He999JJEknWW9.jpeg,1DTiQwVTgNqFwS5ecQ58He999JJEknWW9.jpeg,True,720,467,JPEG,dca78a77bb4d5926df775711ef563308997e95a1e9caf6f0fe310e42513f2a36,,False,,,,,
meme_007552,ukr,data/raw/ukr/16-Kt0oeg1vC7vjLj6PXaUUF6lrW5iNQv.jpeg,16-Kt0oeg1vC7vjLj6PXaUUF6lrW5iNQv.jpeg,True,528,429,JPEG,d0e58141f14b924dbd6256690c8db577e25656b79a2d62c013053ea229923b10,,False,,,,,
meme_013641,ukr,data/raw/ukr/1iwyvVehIzdgwTHzbbCRxJua6DIpWskjY.jpeg,1iwyvVehIzdgwTHzbbCRxJua6DIpWskjY.jpeg,True,720,725,JPEG,14e0a866504b4f7b226efdd06eb34e818e1254c9f771c3012698f0c7e7cde2b1,,False,,,,,
meme_006815,ukr,data/raw/ukr/11Bde-QjV2zY2KkyrddlowqmuyS1fdAeP.jpeg,11Bde-QjV2zY2KkyrddlowqmuyS1fdAeP.jpeg,True,1280,1280,JPEG,40b39da8e01016fb67cbdffcb6f25187a288f973066598f91bf94b3bddf4bd65,,False,,,,,
meme_008001,ukr,data/raw/ukr/18yj8NY080FXdPv_9VDHu7-VqYMHOlXVx.jpeg,18yj8NY080FXdPv_9VDHu7-VqYMHOlXVx.jpeg,True,800,538,JPEG,81b8dcb5f525ec7cd64a98a49110364ac062bc237ebfc8ec2ca6c45c5a58ee58,,False,,,,,
meme_013524,ukr,data/raw/ukr/1i5d0cAVvXvXRhLKZo2ZF31k6eVXkn4aH.jpeg,1i5d0cAVvXvXRhLKZo2ZF31k6eVXkn4aH.jpeg,True,706,1280,JPEG,e1a87c350c7eb1ce2e64f35dfceccf10acb99db59281539c1c5bb913c3f7358b,,False,,,,,
meme_014024,ukr,data/raw/ukr/1lLSMClIF-kaXMqqVcR6jyLWeco_EAo-n.jpeg,1lLSMClIF-kaXMqqVcR6jyLWeco_EAo-n.jpeg,True,700,913,JPEG,b3d5b641ecbecba7f3da6f4b093faa342ae6f622eecc6e0c71501f2eda618e4e,,False,,,,,
meme_005964,rus,data/raw/rus/6365.jpg,6365.jpg,True,547,750,JPEG,0bb0a5b43f1de8c5482cd0a0e95c48c982727844b19b9a97c96539f1d090865b,,False,,,,,
meme_013990,ukr,data/raw/ukr/1l4CxyBUl13KmHKAHgVPSspXAQoGdWDyM.jpeg,1l4CxyBUl13KmHKAHgVPSspXAQoGdWDyM.jpeg,True,1403,894,JPEG,5c237e084d09cda3cca3e716429c41fa531e868ec8c2cbe8094bcfe91729e51c,,False,,,,,
meme_013879,ukr,data/raw/ukr/1kNv162NzAIer8EOMRz25Yo1OQ280Wu-E.jpeg,1kNv162NzAIer8EOMRz25Yo1OQ280Wu-E.jpeg,True,885,1000,JPEG,16b4b8eccb250a5526e4c763755768f37adcaaaa698d5c6abe395af9863eb9a8,,False,,,,,
meme_015352,ukr,data/raw/ukr/1u8Wfg0YHRKmSwnjsEaSpUJWrCmVI-pho.jpeg,1u8Wfg0YHRKmSwnjsEaSpUJWrCmVI-pho.jpeg,True,800,517,JPEG,d52787750b4ccb2e7b3190881e5e62f4af28c7ae853b3bafd592b278192d7308,,False,,,,,
meme_005801,rus,data/raw/rus/6218.jpg,6218.jpg,True,1280,993,JPEG,3b0b80b81e41c701e1fff9e987bb6c20b1d5d9a7176f3be19c299eb64284b00c,,False,,,,,
meme_007019,ukr,data/raw/ukr/12XgwWRBNhpmnznQkrHoGL9bihyL9OBgh.jpeg,12XgwWRBNhpmnznQkrHoGL9bihyL9OBgh.jpeg,True,490,533,JPEG,98304dd02725b5e7bf47ab4687d88b9c7b99bbf2cf3a7de23cfbfe3789121d6f,,False,,,,,
meme_005228,rus,data/raw/rus/5702.jpg,5702.jpg,True,510,414,JPEG,77e072a8d76a90b5c8773914d203867452b085c7f2a0d4e9464eaee99cca6421,,False,,,,,
meme_008514,ukr,data/raw/ukr/1CR6IojyybnpDnkLsZp_pvtSVITq0QphY.jpeg,1CR6IojyybnpDnkLsZp_pvtSVITq0QphY.jpeg,True,515,600,JPEG,e66963b17af38b82ec21d1835f6298e2b3752c9f71ce5dd3881bf658895853af,,False,,,,,
meme_002127,rus,data/raw/rus/2911.jpg,2911.jpg,True,800,506,JPEG,de8a3955bf174c533e4263c0326b22f4c755582d9ace4ff0391b68eaca74a37a,,False,,,,,
meme_015074,ukr,data/raw/ukr/1sEsRRSd31OWYPBte5bkkKwnDU3RtIEoc.jpeg,1sEsRRSd31OWYPBte5bkkKwnDU3RtIEoc.jpeg,True,680,812,JPEG,b6b5c2d59748df81823caf10b2ed4e50a7f33804527283859048e5489bf2aedf,,False,,,,,
meme_007723,ukr,data/raw/ukr/177M4jcTzVbcqQ1QfdpN0YEe1fqp7Lrem.jpeg,177M4jcTzVbcqQ1QfdpN0YEe1fqp7Lrem.jpeg,True,762,900,JPEG,dadcdf16e1530dad34d11e240e13d010b500082efea91baed3036cb3e8da85a4,,False,,,,,
meme_011668,ukr,data/raw/ukr/1XP0CCqzW8Wy7ESSo1tW1ZDwBxov3KyO9.jpeg,1XP0CCqzW8Wy7ESSo1tW1ZDwBxov3KyO9.jpeg,True,1279,789,JPEG,c64feaa6f8ea5c43f9a97101a2e00ea1a502fa91ed77f73184d81c02dbf02b85,,False,,,,,
meme_013389,ukr,data/raw/ukr/1hI6LaS1XolWl9VvxzSC_96M9m7YbmAdr.jpeg,1hI6LaS1XolWl9VvxzSC_96M9m7YbmAdr.jpeg,True,1169,834,JPEG,9d718162b216ed7678c577e23325c7bffc976a9c2be7c65870a817d324f147f6,,False,,,,,
meme_004392,rus,data/raw/rus/4950.jpg,4950.jpg,True,720,720,JPEG,b12da17393301efe52255687633c8834fca2f60c47042910783f2a099b81df19,,False,,,,,
meme_015631,ukr,data/raw/ukr/1vt-KUGXEjzcO7ZIc8fAL_cfLFSQwKzYU.png,1vt-KUGXEjzcO7ZIc8fAL_cfLFSQwKzYU.png,True,526,792,PNG,db169d58788231644f5933ecd1704e50b6bd66285d243a774ec9fbdc93a67374,,False,,,,,
meme_001327,rus,data/raw/rus/2191.jpg,2191.jpg,True,600,580,JPEG,328f5c0f7ccd898809e84ce81fb8fcb440c0c3ef1daa3aca6cc516246881b453,,False,,,,,
meme_015816,ukr,data/raw/ukr/1xABNM8V1sRja8PtnS7h6Uia4OtJcUqhl.webp,1xABNM8V1sRja8PtnS7h6Uia4OtJcUqhl.webp,True,512,326,WEBP,4e177f00294bf1252ddc14c7af44a8c1fa92ceba9674a6fd5b9656cc9ea49521,,False,,,,,
meme_015859,ukr,data/raw/ukr/1xOvxq1M0sWv9AqYjaOJpBW1aC7h9expT.jpeg,1xOvxq1M0sWv9AqYjaOJpBW1aC7h9expT.jpeg,True,1280,884,JPEG,9ed6c6528d580fde7f66818d8c5e23bb82afe9922ca84881b3264d4894e9d462,,False,,,,,
meme_002405,rus,data/raw/rus/3161.jpg,3161.jpg,True,800,537,JPEG,1dc8669bdf8e6db7edf083f937078abed5afe4c9f34002e5b326375facac0461,,False,,,,,
meme_015725,ukr,data/raw/ukr/1wYRfWsG-oD-uDVPliO7obKtmpiR1XYz7.png,1wYRfWsG-oD-uDVPliO7obKtmpiR1XYz7.png,True,528,591,PNG,e3053eef71e9b7eb9a35a474f9668062d11958d1b32bc81158d2cb509a1a27f3,,False,,,,,
meme_015362,ukr,data/raw/ukr/1uC4_GvbyAn-M3sQIZrYkW57rL4DR-qPh.jpeg,1uC4_GvbyAn-M3sQIZrYkW57rL4DR-qPh.jpeg,True,707,751,JPEG,9e6368774ab40e97cfdf58f4668f0046abb32a2656cee4fefe9b9f818cd8a56b,,False,,,,,
meme_005427,rus,data/raw/rus/5882.jpg,5882.jpg,True,843,1080,JPEG,d7cced16e3003ddd08c225cfcb56fd8c1ffe3b737da89425edf84df004271814,,False,,,,,
meme_005145,rus,data/raw/rus/5628.jpg,5628.jpg,True,1026,1280,JPEG,38c0221e5d5da50320847fde1d6a80884fb69587fd3eebb8dd2cbd50e40ef73c,,False,,,,,
meme_013985,ukr,data/raw/ukr/1l1vIv4mtNuMyOg1xdsfWsJkIEwGaeUix.jpeg,1l1vIv4mtNuMyOg1xdsfWsJkIEwGaeUix.jpeg,True,1080,1026,JPEG,df9639506d8ba621724ee1df3feeb3092be93fe62f775683fb96857f62e93c8c,,False,,,,,
meme_007090,ukr,data/raw/ukr/1344Mx4fFuQblPwbKJ2bw6VZM2YI1Iwhu.jpeg,1344Mx4fFuQblPwbKJ2bw6VZM2YI1Iwhu.jpeg,True,573,900,JPEG,36c09856e2f650972b87fd9c8f9caf91237b327f8ee7c3681ac94699ef6e85ab,,False,,,,,
meme_008493,ukr,data/raw/ukr/1CIF_Ki18uiq0I0WS5BPoELQb9dHCmMJ3.jpeg,1CIF_Ki18uiq0I0WS5BPoELQb9dHCmMJ3.jpeg,True,720,1126,JPEG,8bf2327027b423ec97e8e224f8438e3aa70e1e8f866f7d1368c49c89b6e18a83,,False,,,,,
meme_002610,rus,data/raw/rus/3346.jpg,3346.jpg,True,800,677,JPEG,013b4106a27ee696004f6ce876ca068b5fae8ecd6a1100154629d8ef64074b80,,False,,,,,
meme_004074,rus,data/raw/rus/4664.jpg,4664.jpg,True,612,800,JPEG,f1f639c28477d7c8eab0eacf96c294f77195f1d0b310f22b9d205133cee29305,,False,,,,,
meme_005332,rus,data/raw/rus/5797.jpg,5797.jpg,True,1280,852,JPEG,ecaa5507f530739afc362907063f3dee61a2078a03bd4b82a3ace40521830380,,False,,,,,
meme_008289,ukr,data/raw/ukr/1B-CVNhBFdtrDi9QLpLPdTRG6FuFNiU9H.jpeg,1B-CVNhBFdtrDi9QLpLPdTRG6FuFNiU9H.jpeg,True,971,1280,JPEG,51beeff3c75d9c2ee3236c8d34bf31108b530ad26ede395e3560df3b354a1cf6,,False,,,,,
meme_009514,ukr,data/raw/ukr/1J4f-I3uqzPjF-o-Me0HnC3bxG6Vit_aQ.jpeg,1J4f-I3uqzPjF-o-Me0HnC3bxG6Vit_aQ.jpeg,True,1009,844,JPEG,1cafb2b4af220297b96380de3561b1527c2f24133e7982d5747e56e02d79404c,,False,,,,,
meme_005624,rus,data/raw/rus/6059.jpg,6059.jpg,True,875,1080,JPEG,b3674ff313ecda0c50f2aaee2d973cd4e27b42220ff3722a9ffb28c0e1b6eb02,,False,,,,,
meme_002251,rus,data/raw/rus/3022.jpg,3022.jpg,True,1262,787,JPEG,282cc195e96396769839fe536b0bd7b8be53736864f4634daa52bdc6def6986b,,False,,,,,
meme_009544,ukr,data/raw/ukr/1JJQr2kZDRmXFiGq6lEgK5WzTJi132hE2.jpeg,1JJQr2kZDRmXFiGq6lEgK5WzTJi132hE2.jpeg,True,564,394,JPEG,c87e0a1ab4dbe312de468111a6841f79bb95e312b475ea2f7199f142d65d5ac3,,False,,,,,
meme_007667,ukr,data/raw/ukr/16l2WeydoIlPA5LAIvGPcdWSjvfteuBVm.jpeg,16l2WeydoIlPA5LAIvGPcdWSjvfteuBVm.jpeg,True,768,432,JPEG,da5174a066309813be04f0cd309d1ef0d7ce91b4072a8e6d26cc0f6ae490107e,,False,,,,,
meme_015560,ukr,data/raw/ukr/1vM80IHhN4FYWXGI2G-BXrO8n4V6Q67_c.jpeg,1vM80IHhN4FYWXGI2G-BXrO8n4V6Q67_c.jpeg,True,800,800,JPEG,666482d9792ca13d372fa7b3ecb05415175490b6e2ae7785b0b41e3337bd96c8,,False,,,,,
meme_011027,ukr,data/raw/ukr/1TBK32Wtv1CroarrV6GkEomxw0WinB5j5.jpeg,1TBK32Wtv1CroarrV6GkEomxw0WinB5j5.jpeg,True,1280,1280,JPEG,c31c732b27ce0515df732f4072d4c4a41146f7615ce4523ea820478bca99a1f0,,False,,,,,
meme_007285,ukr,data/raw/ukr/14BeOX1ZVYM6kol5JOjm-cXeDAfrraj5R.jpeg,14BeOX1ZVYM6kol5JOjm-cXeDAfrraj5R.jpeg,True,938,1280,JPEG,92a6cc27b8117ab5df300ac0f9017e09b80984552133dc8526ea25a49a664a31,,False,,,,,
meme_002999,rus,data/raw/rus/3697.jpg,3697.jpg,True,800,600,JPEG,425938fbfdf1b06ef64a9f97e886a1de13721d4207cfe31745a6bdecd8856ea9,,False,,,,,
meme_005869,rus,data/raw/rus/628.jpg,628.jpg,True,604,521,JPEG,6d37b8495e70156956d4590a0e6e6243a8e3086a3b421357bc9b9a254102c6e4,,False,,,,,
meme_006823,ukr,data/raw/ukr/11EdzLO0y_qvqLj1kWjR5Np2RDhtS0mmd.jpeg,11EdzLO0y_qvqLj1kWjR5Np2RDhtS0mmd.jpeg,True,1169,731,JPEG,7eabce73975995394f8f1f79d8ef5288ce4da553d69197cee8f2f90a6db485d3,,False,,,,,
meme_015764,ukr,data/raw/ukr/1wpmKkndjDlJJWGRjaEzABEQgMKBf0R6D.jpeg,1wpmKkndjDlJJWGRjaEzABEQgMKBf0R6D.jpeg,True,680,383,JPEG,dfe170000c9649d8223637b44ac55cd3856f9bad8dde7c97d9447a97b57131ce,,False,,,,,
meme_003843,rus,data/raw/rus/4456.jpg,4456.jpg,True,626,800,JPEG,5593aeb52ec804d5ee5ce9fa65ae9cd26d52baa96a9ab0aea35b22dc98aca48d,,False,,,,,
meme_008035,ukr,data/raw/ukr/19HsSbl2LiIiZytrHhBkdJxXlpcG8gvL4.jpeg,19HsSbl2LiIiZytrHhBkdJxXlpcG8gvL4.jpeg,True,1279,1279,JPEG,76c04f748142b9dc978062f91929b585415291a924e115d22f7be318692cf715,,False,,,,,
meme_009842,ukr,data/raw/ukr/1LEjAN8Y1tmIDvsyK__KXTNznUz7Pjv8y.jpeg,1LEjAN8Y1tmIDvsyK__KXTNznUz7Pjv8y.jpeg,True,1027,1280,JPEG,eb6a94bafa290b958fee51faf82d7eca0ed970406fdc8731633f82649157fda2,,False,,,,,
meme_014739,ukr,data/raw/ukr/1qCgTRoaWGKuIRb4re4hv6iiwva_Xiqe9.jpeg,1qCgTRoaWGKuIRb4re4hv6iiwva_Xiqe9.jpeg,True,1065,1279,JPEG,54ce6aa888a4490c826ed6d1cae35172c40fe63f4513428f48999cd6a06bc039,,False,,,,,
meme_006819,ukr,data/raw/ukr/11C6WhxmAO9ObZjoldpxN8toKk-cN05J0.jpeg,11C6WhxmAO9ObZjoldpxN8toKk-cN05J0.jpeg,True,690,389,JPEG,c272d9dd9da55cb5c18032da6e81b66d2f69fffa88901fd6a5731521e83ba794,,False,,,,,
meme_000047,rus,data/raw/rus/1039.jpg,1039.jpg,True,572,546,JPEG,22d844b39d7b59822117118fddd93a4f7db3ac7d75eb515a07c88affe04afaaa,,False,,,,,
meme_015802,ukr,data/raw/ukr/1x59fwP2dFyL5rRtoBXfu86_LqyQDTfxu.jpeg,1x59fwP2dFyL5rRtoBXfu86_LqyQDTfxu.jpeg,True,662,433,JPEG,a74b92931d78ddece0bed532819b6dcd3d5b0d3d8b119d488b0212e94cc66828,,False,,,,,
meme_012923,ukr,data/raw/ukr/1eWIVVDVeypu7j_TF5KiVfQgAAVbKIwbh.jpeg,1eWIVVDVeypu7j_TF5KiVfQgAAVbKIwbh.jpeg,True,1152,1440,JPEG,f25aa5cd5df825350d4da5d4149b5e3dacdc65ef787c1824f03c7e8d707c62e9,,False,,,,,
meme_015570,ukr,data/raw/ukr/1vQ5lEuzkVFyvR7O553bohtd9D_YZBn5U.jpeg,1vQ5lEuzkVFyvR7O553bohtd9D_YZBn5U.jpeg,True,1280,869,JPEG,92cfe72d5203bd748307ef442eda08db1518baada31b252c31b6caf2e12bae7f,,False,,,,,
meme_000374,rus,data/raw/rus/1333.jpg,1333.jpg,True,1000,1020,JPEG,06ee13362140ea7875a086e8bb0492a6a8c195d10a4bcd27976e68f8bcc631ad,,False,,,,,
meme_004668,rus,data/raw/rus/5199.jpg,5199.jpg,True,679,800,JPEG,3da601173e8889df7890949302cfa2907d0341ffe7de7fb54845966513759c96,,False,,,,,
meme_008775,ukr,data/raw/ukr/1EDrmemgaITHtH23M_ynl3k3j_xhiOFjo.jpeg,1EDrmemgaITHtH23M_ynl3k3j_xhiOFjo.jpeg,True,1399,801,JPEG,b55e148949a12dee94e9747a20ffa43125acbcb702d07356bf80293131144992,,False,,,,,
meme_002096,rus,data/raw/rus/2884.jpg,2884.jpg,True,600,600,JPEG,77ca4b4589ba6afb8c15b0bd61993eb70de385c0638e034827ec10f406b0eba1,,False,,,,,
meme_008181,ukr,data/raw/ukr/1AGKuEthAC7A-u1yN3thvaskDokYIUSsu.jpeg,1AGKuEthAC7A-u1yN3thvaskDokYIUSsu.jpeg,True,604,599,JPEG,8b4662ae994cb5fc340a020dc82d9369a8374b75e433eb5009580e181981a506,,False,,,,,
meme_009714,ukr,data/raw/ukr/1KU71Hc_QlhdMzVKW5ImiZqsdcECO-UEF.webp,1KU71Hc_QlhdMzVKW5ImiZqsdcECO-UEF.webp,True,700,480,WEBP,7ccfb276bc9479da26fa9e4f34cc75b17d2b24f28d74d3dd17daa6f9590774ce,,False,,,,,
meme_008702,ukr,data/raw/ukr/1DiiwpN0WJEXHSzuPHjRLU91Eg22VVMru.jpeg,1DiiwpN0WJEXHSzuPHjRLU91Eg22VVMru.jpeg,True,2078,2780,JPEG,0598243fe977ee82f1f262bb0ebf157477ac56626813d856409efe9343bea9b1,,False,,,,,
meme_011328,ukr,data/raw/ukr/1VAmVFuV6HZ8948t2dsymKO9wjEWaSLTS.jpeg,1VAmVFuV6HZ8948t2dsymKO9wjEWaSLTS.jpeg,True,604,680,JPEG,94c26bc1b77fde5b318290443b32b268882d8f96718909ce871e656186475308,,False,,,,,
meme_009254,ukr,data/raw/ukr/1HHb172C1qWO28Vp_lJbOFqd9U83_Yi0k.jpeg,1HHb172C1qWO28Vp_lJbOFqd9U83_Yi0k.jpeg,True,1046,1279,JPEG,56ea0030ac737482bad15ca2e4675850e0815994ac352577fda473759475275f,,False,,,,,
meme_005170,rus,data/raw/rus/5650.jpg,5650.jpg,True,947,1261,JPEG,9ec07912993128d7a07223ed1c037103c9e0c603754bc1c93bcebfacd89150cd,,False,,,,,
meme_011833,ukr,data/raw/ukr/1YQDA3K560WaieNfLfQPlZG3NOejDa3Y3.jpeg,1YQDA3K560WaieNfLfQPlZG3NOejDa3Y3.jpeg,True,1567,960,JPEG,c3a13cb738817b971628aec6465ff9ce06ee0005dd99be351c04da1215daf2fe,,False,,,,,
meme_012071,ukr,data/raw/ukr/1_-NmyMoDn-6hi_OxHdGk_YyvcJZRjlMV.jpeg,1_-NmyMoDn-6hi_OxHdGk_YyvcJZRjlMV.jpeg,True,1280,993,JPEG,7d460cc5aee3c74c8dd81929b88189a397fe44451a415fe4045858bf7a9b932d,,False,,,,,
meme_015908,ukr,data/raw/ukr/1xkgRup6lDMV9yeNisQziGYA43G3-7dKb.jpeg,1xkgRup6lDMV9yeNisQziGYA43G3-7dKb.jpeg,True,1124,840,JPEG,537162ddbc741ccae85a60d7f8eb76f38ed7434779e02cea3f2756ba5ca44952,,False,,,,,
meme_001594,rus,data/raw/rus/2431.jpg,2431.jpg,True,1094,1098,JPEG,54292a8dc54aa7d8c53bb64640922df8dcd19c4e8a74553e3c21c671970a7f52,,False,,,,,
meme_002361,rus,data/raw/rus/3121.jpg,3121.jpg,True,640,656,JPEG,81fbfc20161a9808d56d145cb0e021f1175b526a72ae035a24a6de1382b7b27b,,False,,,,,
meme_005937,rus,data/raw/rus/6340.jpg,6340.jpg,True,543,646,JPEG,c8d8117c94a96f7ba72d5dc582f2642999165cf6bf186710d8f3d2bce464e895,,False,,,,,
meme_015528,ukr,data/raw/ukr/1vAbxWfOHekzbjMrDDUnI2wl5X8EWdMr4.jpeg,1vAbxWfOHekzbjMrDDUnI2wl5X8EWdMr4.jpeg,True,270,360,JPEG,6e5812980c42307a3b81c7824bf10158b827ae316b329b554d85be3dcac56da2,,False,,,,,
meme_013038,ukr,data/raw/ukr/1fE6fnCqQvdxdHZNCIA7dleEvw5qYFyp-.jpeg,1fE6fnCqQvdxdHZNCIA7dleEvw5qYFyp-.jpeg,True,1024,1006,JPEG,3a54b25e29f718ec17ff27788a2545d29e7b6db1beef970566bad6344488e0bf,,False,,,,,
meme_013321,ukr,data/raw/ukr/1gqqU2UqiDpYwqGM9lqp01gr39D8q25-I.jpeg,1gqqU2UqiDpYwqGM9lqp01gr39D8q25-I.jpeg,True,2560,1891,JPEG,32ef0c9c5bb3313074e6cedb65ecadb267657173361d76a167af1500052dfd56,,False,,,,,
meme_007677,ukr,data/raw/ukr/16qsgfqbJwTNZVqvKDxjBT1xD7tyP7nJh.jpeg,16qsgfqbJwTNZVqvKDxjBT1xD7tyP7nJh.jpeg,True,1080,864,JPEG,41e4343b2fed0e174bb173d3e7b3df2d81899a6bff3af7b64fa8e1ee294b639f,,False,,,,,
meme_002789,rus,data/raw/rus/3507.jpg,3507.jpg,True,1240,1280,JPEG,add6645d4b2b8f2c0f9f6078b9cd7d3ce8cb2a8efd56db2bb6a489aee45f9daf,,False,,,,,
meme_007751,ukr,data/raw/ukr/17KhlrlD9Ld3ZvAoyvgRdvudvkiUcnXkp.png,17KhlrlD9Ld3ZvAoyvgRdvudvkiUcnXkp.png,True,1052,1216,PNG,ecaa4d6d082373e196a40dcac910a24b255c6f1187e00c4bdcdc68b2b77711c9,,False,,,,,
meme_007014,ukr,data/raw/ukr/12Wo99vPy0PdLp7pAoKTb9IQCWP8dSZTl.jpeg,12Wo99vPy0PdLp7pAoKTb9IQCWP8dSZTl.jpeg,True,720,572,JPEG,732d070591cb6c99a430ed0cd8be896ad3eecc9031c4896ed6af57d9dea89472,,False,,,,,
meme_013595,ukr,data/raw/ukr/1ibpyPEScDJeJp4U7qSfGchyIcPp8V9DO.jpeg,1ibpyPEScDJeJp4U7qSfGchyIcPp8V9DO.jpeg,True,720,481,JPEG,0bfa17871eec46cdb8a1662ce1a6d05142279758140d9d41492f76440b43a5d8,,False,,,,,
meme_006909,ukr,data/raw/ukr/11qnVr5is00HkMrRC-8Qnk1l2rkI_dqmV.jpeg,11qnVr5is00HkMrRC-8Qnk1l2rkI_dqmV.jpeg,True,575,575,JPEG,b93e7a75ecb9a07617aa4a92ec4f2669ffc8cefc90c83141fbf278af6013a174,,False,,,,,
meme_006849,ukr,data/raw/ukr/11Q910gKGnLsBGzOZB5GeR9h6SSKJwOYP.jpeg,11Q910gKGnLsBGzOZB5GeR9h6SSKJwOYP.jpeg,True,1080,839,JPEG,af3eb868e70f0511249a7e6606b9156c254a1278ff7c1d2ad53f69e765948746,,False,,,,,
meme_014270,ukr,data/raw/ukr/1n2RRSChl112Nk9qdBmU5OV7AvZ7a3-c5.jpeg,1n2RRSChl112Nk9qdBmU5OV7AvZ7a3-c5.jpeg,True,1077,1066,JPEG,013b9d0af7d5ce3d6e96646363634efc3fcc99a0534401c527e8eb12d9703471,,False,,,,,
meme_000201,rus,data/raw/rus/1178.jpg,1178.jpg,True,749,497,JPEG,7f222b2a6641a4d192eac0ffffb1472eaaac38a2b6e42dd12b025bbc4a4b6ed7,,False,,,,,
meme_011227,ukr,data/raw/ukr/1UTu8Jn2nomuuhG8x8-QW7M2zICR_eogm.jpeg,1UTu8Jn2nomuuhG8x8-QW7M2zICR_eogm.jpeg,True,720,672,JPEG,117a2064b379fbf5384c4bf090c50faddeb34b1c8e81f905e81c2b686845edf8,,False,,,,,
meme_012421,ukr,data/raw/ukr/1bO7gSWlA-rp829Xxako1YuBv8ThmHIfJ.jpeg,1bO7gSWlA-rp829Xxako1YuBv8ThmHIfJ.jpeg,True,1680,1340,JPEG,c8601b3762d469848b9f6a804b7274f2a0c13eda36d0a347f2c4bddb753d85d4,,False,,,,,
meme_011470,ukr,data/raw/ukr/1W1-K-9hz1DAfpIw4sCVqQQC5ntNFsU2w.jpeg,1W1-K-9hz1DAfpIw4sCVqQQC5ntNFsU2w.jpeg,True,1036,826,JPEG,e81dae5f8d6678449985ee14d6e38408e65d9dc4c6e86d0d84e9c815fb917f43,,False,,,,,
meme_007690,ukr,data/raw/ukr/16wg7ZJUyAh7oCXnpxGb4ApHXYee4TXKG.jpeg,16wg7ZJUyAh7oCXnpxGb4ApHXYee4TXKG.jpeg,True,1920,1196,JPEG,520edcd72b92d6283919203cdefee3d58cf9e33ca908691c25e0ab61065e60df,,False,,,,,
meme_012940,ukr,data/raw/ukr/1eb86VTJFsYzTqbFETLPyJ1uFa07GZf30.png,1eb86VTJFsYzTqbFETLPyJ1uFa07GZf30.png,True,1194,1088,PNG,380b93ec1cd8a8faac7263afd087e346d89dfc46bd165385554323e40e40684a,,False,,,,,
meme_000469,rus,data/raw/rus/1419.jpg,1419.jpg,True,527,604,JPEG,f808bb7f006b29fd54e6b578c50115ec5223bf2923b1a101bd3399af1e9e35f3,,False,,,,,
meme_000028,rus,data/raw/rus/1021.jpg,1021.jpg,True,470,800,JPEG,242322e4198f3385280f3eaa50f3a77779b3cf0f46a6a2c574b09a131e76233b,,False,,,,,
meme_013133,ukr,data/raw/ukr/1fiYhWpixBw7VcUWCZ4TuHJfnjPoHx9-L.jpeg,1fiYhWpixBw7VcUWCZ4TuHJfnjPoHx9-L.jpeg,True,1024,1158,JPEG,00028040d70f30ed414cde103614a2cfff5832a12af44ef16b5cf70f1bb3993f,,False,,,,,
meme_007334,ukr,data/raw/ukr/14VqBcvT2tNG_18OwKZaIM2FNnRMXgdfB.jpeg,14VqBcvT2tNG_18OwKZaIM2FNnRMXgdfB.jpeg,True,612,458,JPEG,2087ed18e15ade13a357b65119285f6705500e20c58785efb70d6fb9e8acf5ab,,False,,,,,
meme_008421,ukr,data/raw/ukr/1BsruxGfg79_SqMpr8JK3W42EyeE5JdmN.jpeg,1BsruxGfg79_SqMpr8JK3W42EyeE5JdmN.jpeg,True,700,408,JPEG,c55725191ba81f4df3d1123c62f2edd8d00d13a0164d3f623774f2c2292ca571,,False,,,,,
meme_012271,ukr,data/raw/ukr/1aNi9gnLn3cMoCSdDb9nm17_wjMV6yw-e.jpeg,1aNi9gnLn3cMoCSdDb9nm17_wjMV6yw-e.jpeg,True,652,720,JPEG,cdadf0690602677e8dc76b9e65b3650a56c0b20ba2975773d272d22246d2b24c,,False,,,,,
meme_010388,ukr,data/raw/ukr/1OpITX5e1utLIDNWelTKxl51fTykEstPO.jpeg,1OpITX5e1utLIDNWelTKxl51fTykEstPO.jpeg,True,805,838,JPEG,2d766b8dd4926be0474c61895677861d77b08b794bf7336834afcc53ed6b9375,,False,,,,,
meme_012541,ukr,data/raw/ukr/1c-0CjBWN0cXf53-v-LUiJAnRBaeuyUE7.jpeg,1c-0CjBWN0cXf53-v-LUiJAnRBaeuyUE7.jpeg,True,720,1049,JPEG,3f8adda92d53a59090a1687fb55a9ca5f034193fc6cefdd7eb6b1f356ec08f47,,False,,,,,
meme_011548,ukr,data/raw/ukr/1W_BiAxRkE1d_uaJfftTncgb0VaDTiYSJ.jpeg,1W_BiAxRkE1d_uaJfftTncgb0VaDTiYSJ.jpeg,True,320,292,JPEG,1552dee4a82f85ff288b922272901e3be1d662b12ed19fae18ff40152dad4a1d,,False,,,,,
meme_014934,ukr,data/raw/ukr/1rSz0esnaUomefvTHzIOQ7YU2xGww7UiE.jpeg,1rSz0esnaUomefvTHzIOQ7YU2xGww7UiE.jpeg,True,500,842,JPEG,aa08c004c9dfcfad3f513346c0789c25f8f6d600b8872fcb4cd928107e48cd44,,False,,,,,
meme_005050,rus,data/raw/rus/5542.jpg,5542.jpg,True,455,800,JPEG,5ff00939822de223686bc93256b997be4d0e3e243657063bb2793dafffbec78d,,False,,,,,
meme_003942,rus,data/raw/rus/4545.jpg,4545.jpg,True,234,216,JPEG,bb4bb3512ea7c83333759eee4fd544b2e86d2cc66b65e33dae1f0a26c31d22f6,,False,,,,,
meme_009710,ukr,data/raw/ukr/1KT0E92B5sGpss8B9gEuw-GjPKBm23Kxe.jpeg,1KT0E92B5sGpss8B9gEuw-GjPKBm23Kxe.jpeg,True,680,656,JPEG,c4e74b3a2a4dc4e1328dee56265990703b2f92d93c178823c74a0973654acfc8,,False,,,,,
meme_008699,ukr,data/raw/ukr/1DhqtsWljjoqnjhk-ThUcvP51ihEPDkdz.jpeg,1DhqtsWljjoqnjhk-ThUcvP51ihEPDkdz.jpeg,True,1009,856,JPEG,9345dc1a489987bca67e32c34ea47278a7fc3e8a9b666cbbdcac62b3d90457a1,,False,,,,,
meme_010318,ukr,data/raw/ukr/1OMj_F-dY_MXdtOtmQ5rCoiEeZttNcOC3.jpeg,1OMj_F-dY_MXdtOtmQ5rCoiEeZttNcOC3.jpeg,True,625,363,JPEG,09f966a1d0193583bfc034e276f84d499fb0cd5bcc0ab4df2191f8bae7fce1ba,,False,,,,,
meme_004979,rus,data/raw/rus/5479.jpg,5479.jpg,True,740,720,JPEG,786a6d74ca7f45d44430953ec33c8c1186cb31afc09fe385cb6bce60df9c67f3,,False,,,,,
meme_014907,ukr,data/raw/ukr/1rJ1xMD2uVIx39EAGLSQhDTWnM8anLMdf.jpeg,1rJ1xMD2uVIx39EAGLSQhDTWnM8anLMdf.jpeg,True,1080,1152,JPEG,a36029888737f78b984c2067b712fcaa53234af009d911569eb11b367a94eab2,,False,,,,,
meme_001808,rus,data/raw/rus/2624.jpg,2624.jpg,True,480,480,JPEG,a72f2329613b61cca2568527adfbe5d139bb9105b678f375fbb0b32c01fb0639,,False,,,,,
meme_005293,rus,data/raw/rus/5761.jpg,5761.jpg,True,460,406,JPEG,cff9a55c119f5bf93a53380ee1fc749947cded62935bacd90986ed188d50479b,,False,,,,,
meme_016222,ukr,data/raw/ukr/1zz1raqrY3ETDkow18dNbFwiEhSMo4XJx.jpeg,1zz1raqrY3ETDkow18dNbFwiEhSMo4XJx.jpeg,True,633,619,JPEG,67799d9853d1d6397a05cdf84ccc6bd010ece1924b4da1d563494681c14768b4,,False,,,,,
meme_006180,rus,data/raw/rus/703.jpg,703.jpg,True,563,423,JPEG,7c946415e0e6a07e32bae0a853b4fa76473016659216e3ca9c8444ac6c757455,,False,,,,,
meme_006500,rus,data/raw/rus/992.jpg,992.jpg,True,950,1280,JPEG,889e4b0360d054058923d853f3e0291156166a6a4b2d2d26db391f7871ad213a,,False,,,,,
meme_004763,rus,data/raw/rus/5284.jpg,5284.jpg,True,1280,876,JPEG,32ac805326199ce624a3e9d67c398d57114e5d2a5c14b649a921538535d97c58,,False,,,,,
meme_015151,ukr,data/raw/ukr/1skDdOuUEDVhH8fFLBpbb6KrFS9tdyAhO.jpeg,1skDdOuUEDVhH8fFLBpbb6KrFS9tdyAhO.jpeg,True,468,555,JPEG,221d56d985c7f76f1fbc9d5bb4daa138d576cdcff53ed5f7e649fbdf5c51727d,,False,,,,,
meme_014362,ukr,data/raw/ukr/1nex76hMkNjuNcRoaYYAvSRkH3i7cAqo3.jpeg,1nex76hMkNjuNcRoaYYAvSRkH3i7cAqo3.jpeg,True,1440,1449,JPEG,93313ee5927b0eaebca841ab7bb81583da6b99397144257d3454b95c9d459016,,False,,,,,
meme_010159,ukr,data/raw/ukr/1NGam3hDpdbmNm1MNiG6Yy7bx1td28hGY.jpeg,1NGam3hDpdbmNm1MNiG6Yy7bx1td28hGY.jpeg,True,1280,1280,JPEG,da69d11313b3a6ee91295f42ed08a2db77733bd56bf02a7534fdc93c655cffa9,,False,,,,,
meme_000440,rus,data/raw/rus/1393.jpg,1393.jpg,True,449,455,JPEG,ca633c37e9c3ab714bfa7d36f1c096d02d87d53e66772d01405bd16a1981226b,,False,,,,,
meme_012387,ukr,data/raw/ukr/1b67PNt0Mvu1TLePq6IUQA2XxJJ0dJ6-k.jpeg,1b67PNt0Mvu1TLePq6IUQA2XxJJ0dJ6-k.jpeg,True,1080,1080,JPEG,8a315a4d3b37817a717bece7e2c9f2873a5b635da364ec0909fd2ac9f813ce2b,,False,,,,,
meme_013618,ukr,data/raw/ukr/1ilt_SLklHjiWog3hFp-QL93449NO9XnX.jpeg,1ilt_SLklHjiWog3hFp-QL93449NO9XnX.jpeg,True,949,640,JPEG,e23a406b9375aa29de50ad6e3ad717a914a18b934bc1ad560729f8c83900f4ff,,False,,,,,
meme_012246,ukr,data/raw/ukr/1aAS5jKuFl4lOFx5BtKPZbQ2Wdve5fJ3G.jpeg,1aAS5jKuFl4lOFx5BtKPZbQ2Wdve5fJ3G.jpeg,True,1080,859,JPEG,80d9478d176343adffd5f2f6e6082abfb698865b9a41cec89ba51769313a0a85,,False,,,,,
meme_000926,rus,data/raw/rus/1830.jpg,1830.jpg,True,640,704,JPEG,399070bd76ef6646236fe73fa801143a1d5dad943a3bf7805d8af9fe9ab06367,,False,,,,,
meme_011015,ukr,data/raw/ukr/1T70FRMIGrKpEIrTjeOmt2ZwNum5d0ZQx.jpeg,1T70FRMIGrKpEIrTjeOmt2ZwNum5d0ZQx.jpeg,True,1080,1080,JPEG,7089fd33d6e11afa93d9f23ff2aa88eebe4f11b900b2a56f8f82dc029b80ab3d,,False,,,,,
meme_000260,rus,data/raw/rus/1230.jpg,1230.jpg,True,735,531,JPEG,4680c1d6aadb2f7b041189d1eb1e8ecb6067fb58862ae210a6429b987915ef00,,False,,,,,
meme_013153,ukr,data/raw/ukr/1fnKEqnzZAtpIzydsdYKsUeAC99UqxfCA.jpeg,1fnKEqnzZAtpIzydsdYKsUeAC99UqxfCA.jpeg,True,720,691,JPEG,5494dc597330aaca65c5ca7032a1ab9d77658dc503546f558361c899a5cae877,,False,,,,,
meme_008397,ukr,data/raw/ukr/1BgoHxeg9bwK2HP59B2M4vEeRWDZr1qYw.jpeg,1BgoHxeg9bwK2HP59B2M4vEeRWDZr1qYw.jpeg,True,1008,600,JPEG,fd3a9e2878e47f954088f8d3b415b725113d96f75649726dfab0d4490858f396,,False,,,,,
meme_001399,rus,data/raw/rus/2256.jpg,2256.jpg,True,298,494,JPEG,6764901439dbab71a950de0cca4cdc00fd712311eb20a0fdef8d31b7f668cebb,,False,,,,,
meme_010653,ukr,data/raw/ukr/1QZc4_pj0teF6dn9UTiMw_y-RMmmdDyWK.jpeg,1QZc4_pj0teF6dn9UTiMw_y-RMmmdDyWK.jpeg,True,912,1280,JPEG,55bba1ab5a65b48c6b17a671509bb5bf1ee736095026aa50c9c2e98b8420cea8,,False,,,,,
meme_004519,rus,data/raw/rus/5064.jpg,5064.jpg,True,671,800,JPEG,eed30c92ad28c1f2451c22cc55f5bd8dc0398ba3a19e7ed4920d0454ae94e78e,,False,,,,,
meme_008904,ukr,data/raw/ukr/1F0W2_j9HAC2Nh6wTml0ixTW5tTUPpgj8.jpeg,1F0W2_j9HAC2Nh6wTml0ixTW5tTUPpgj8.jpeg,True,1033,842,JPEG,ddac5c5b3736fd6fb97a8b676ecf1ccd60e020b80b938c3c8893e23cae3ff8e1,,False,,,,,
meme_012358,ukr,data/raw/ukr/1aumvFn7o8UlUcPOci0TdniCFCe7PG77I.jpeg,1aumvFn7o8UlUcPOci0TdniCFCe7PG77I.jpeg,True,750,744,JPEG,138d9c5a685a564107245fb2faa598894dc57c4b32b2028f483cad3e441e5339,,False,,,,,
meme_007317,ukr,data/raw/ukr/14QJoBElKAfT6Nify7dblMvbFooFp442e.jpeg,14QJoBElKAfT6Nify7dblMvbFooFp442e.jpeg,True,1280,959,JPEG,6497e3b62871c1116cb82ea12a093baf4d7d9dc2dec1511de4ef17e4a441a3d9,,False,,,,,
meme_007031,ukr,data/raw/ukr/12aN3n0ptOTSQMjP6RQfDADb97KoKC7Vz.png,12aN3n0ptOTSQMjP6RQfDADb97KoKC7Vz.png,True,1202,826,PNG,365c870a346404c72a4c030f93fd48eb4d608e2461f7080133790e7b12ad541a,,False,,,,,
meme_006287,rus,data/raw/rus/80.jpg,80.jpg,True,739,800,JPEG,c443c27f8c1c03b29dd695e4445a446ac1801409d7dc4761ff949acd280c40c0,,False,,,,,
meme_009304,ukr,data/raw/ukr/1HbGb9ODRGN5R64w5ZfSW-6hYZI28EHhq.jpeg,1HbGb9ODRGN5R64w5ZfSW-6hYZI28EHhq.jpeg,True,1080,1225,JPEG,7522d41698004fc9dc2e438172d371ad5632d69a9b7badd76d7fb52bcbf76c59,,False,,,,,
meme_002228,rus,data/raw/rus/3001.jpg,3001.jpg,True,1079,1260,JPEG,d7a58a0848da63bb89aa456b0af93db5726c516e5c900da0e03fb1adcd1dd4f0,,False,,,,,
meme_012598,ukr,data/raw/ukr/1cNYFKwQQSDUmlHAiL61LnUve489ILCYQ.jpeg,1cNYFKwQQSDUmlHAiL61LnUve489ILCYQ.jpeg,True,700,641,JPEG,915090fa6bdde325fc3dc3b0898b27e9a72b6fd8423a421d36dda1d2f204ee0f,,False,,,,,
meme_009844,ukr,data/raw/ukr/1LF46rIVre8PfeID_uVuet9HtrZDAmSVa.jpeg,1LF46rIVre8PfeID_uVuet9HtrZDAmSVa.jpeg,True,1280,1280,JPEG,787991ab35b367bc1799ad3c8a07791893f41fcfd8a60102536f9a2fd560d09f,,False,,,,,
meme_002255,rus,data/raw/rus/3026.jpg,3026.jpg,True,960,700,JPEG,25eeea564a5b95815ad42ece8785ae31e537eea3f30f199a1bcd599e854402ed,,False,,,,,
meme_000751,rus,data/raw/rus/1673.jpg,1673.jpg,True,690,467,JPEG,6c4d832b2ddc027daec32143fb888373023a83cb418a0e84e9be4bf89ff8d661,,False,,,,,
meme_010264,ukr,data/raw/ukr/1NvZcC_e0i6DT7VRsAqgN3kOG-Gq6byHD.jpeg,1NvZcC_e0i6DT7VRsAqgN3kOG-Gq6byHD.jpeg,True,1075,1463,JPEG,ddd7d2e1663a9651cd83d52c9a55546e4e7b169a4125feef6ad48d5ebf53318f,,False,,,,,
meme_004217,rus,data/raw/rus/4793.jpg,4793.jpg,True,1280,1280,JPEG,6fdeb3a7396ecfc4b2cc5417d32003b1d1c58f162b2e54bd125e892bcf30e694,,False,,,,,
meme_011362,ukr,data/raw/ukr/1VL62iM1zMHG69awKUNzMBWSp1RlnW2Wc.jpeg,1VL62iM1zMHG69awKUNzMBWSp1RlnW2Wc.jpeg,True,1384,1746,JPEG,a3cd77f79f0e787a2b957a7ab227878d90b096ff500bf11452ecde81a3dacfcc,,False,,,,,
meme_001531,rus,data/raw/rus/2375.jpg,2375.jpg,True,800,512,JPEG,e84ba41aa2a84c00341d113da1f5d3949aa245bd49c190e5f583d02a88468146,,False,,,,,
meme_006587,ukr,data/raw/ukr/1-dmswysqNt3VbmOBW0VMPRsoBecw3z3x.jpeg,1-dmswysqNt3VbmOBW0VMPRsoBecw3z3x.jpeg,True,680,521,JPEG,8f08b8601d871d42aff6790dc6c722df939a0320d6691ef1ab4420c11982ffc3,,False,,,,,
meme_012336,ukr,data/raw/ukr/1akDeIDmje5Yt2qEhPGgb16un5HJlrqMQ.jpeg,1akDeIDmje5Yt2qEhPGgb16un5HJlrqMQ.jpeg,True,535,680,JPEG,cf9a9c08a3b27167ffaf51e8bee390b57d22266c215ae944b0295e7dd257c2ed,,False,,,,,
meme_008856,ukr,data/raw/ukr/1Eh0yJjnRzEgsXztrEM1hNWObMt6Y1He8.jpeg,1Eh0yJjnRzEgsXztrEM1hNWObMt6Y1He8.jpeg,True,1280,1280,JPEG,7653662def2c5fd4196b78c50565ca862333a047767b8fac81dfd2c7079c5ad6,,False,,,,,
meme_005804,rus,data/raw/rus/6220.jpg,6220.jpg,True,491,419,JPEG,7a2243c86701f40f9e6ac43309b1cd873ad2b9d5380fcb23b95567b51c26df6e,,False,,,,,
meme_013653,ukr,data/raw/ukr/1j0bWJ1ZCy6LrGFM7ftqhM8hdSBoL1o-X.jpeg,1j0bWJ1ZCy6LrGFM7ftqhM8hdSBoL1o-X.jpeg,True,777,1024,JPEG,17d19fc86c902ff262d45df0dd4c75d7cc7b1e0b9fdb30e218d0ead4a07f736d,,False,,,,,
meme_010416,ukr,data/raw/ukr/1OyPnbPXMJEcOEt8zNP5D3zcwrkx0hEut.jpeg,1OyPnbPXMJEcOEt8zNP5D3zcwrkx0hEut.jpeg,True,1024,1024,JPEG,8a06fa1703a8aad6b344d64fc2f7754ea86282af4acb46e82b43cb9cd9e7ec80,,False,,,,,
meme_000928,rus,data/raw/rus/1832.jpg,1832.jpg,True,550,732,JPEG,a36e5a2d2b85efda6bc47fcbe02c9efb9e334be35adf74b749eae77fce3a50b8,,False,,,,,
meme_008456,ukr,data/raw/ukr/1C4x9wq9UjnCtU2S-DkgfUBDy_BM3UWfm.jpeg,1C4x9wq9UjnCtU2S-DkgfUBDy_BM3UWfm.jpeg,True,1088,883,JPEG,ca355b1d7aed9a37a13e55607a7302c11cc644aeaf37561da555221a25f7e73c,,False,,,,,
meme_006352,rus,data/raw/rus/859.jpg,859.jpg,True,609,800,JPEG,801c72746307418490c3408559274a10399ecde151130c8afb0bc5da7428506e,,False,,,,,
meme_015555,ukr,data/raw/ukr/1vLNrDmUnmpLAjm28v3DEi5iGNUymkB_9.jpeg,1vLNrDmUnmpLAjm28v3DEi5iGNUymkB_9.jpeg,True,1280,1280,JPEG,e1c11f87f63f389baf68df69d82333e6d988b66187955a4bcf81f26aafabc386,,False,,,,,
meme_003990,rus,data/raw/rus/4589.jpg,4589.jpg,True,714,743,JPEG,64d51cd0ad1aecafa4cf13a7b67eb6a294abd26396c156d7e7162e724938aad6,,False,,,,,
meme_004507,rus,data/raw/rus/5053.jpg,5053.jpg,True,550,662,JPEG,b63acd5569c1902f9ef6b517e326076a406e3f032ff9bdab0247a4e86d08cf83,,False,,,,,
meme_015428,ukr,data/raw/ukr/1u_ktZHHsJ1YaV9094qlrAQIK-2kkMIKK.jpeg,1u_ktZHHsJ1YaV9094qlrAQIK-2kkMIKK.jpeg,True,1080,1120,JPEG,d5acf51a15f1581fe7c7827373673f40af711281f2685769c2a99e87905ebb0e,,False,,,,,
meme_012523,ukr,data/raw/ukr/1buMXKIFqwJ9MBoWegKsL2cWm8Cs87jc3.png,1buMXKIFqwJ9MBoWegKsL2cWm8Cs87jc3.png,True,552,1197,PNG,1823a99f99e3cc02248c037ebe69a38c360bf2f925bd56132c538e657a5f2f1d,,False,,,,,
meme_015954,ukr,data/raw/ukr/1y3MUmQCF8gYeZDDeK7xWo40b-GPbeToY.jpeg,1y3MUmQCF8gYeZDDeK7xWo40b-GPbeToY.jpeg,True,480,380,JPEG,3a73112e4288fc158eb7586845793b89586a98dcd14ab3317ffaf36e0dcf6305,,False,,,,,
meme_004316,rus,data/raw/rus/4882.jpg,4882.jpg,True,718,800,JPEG,ca6674da901579dcec2c6edea7487ae9b54b18ac40b502b0d2d2ff2b5094fc7e,,False,,,,,
meme_011842,ukr,data/raw/ukr/1YSYKbtUN8dHO1oqpJwYGf1bQx4zz6Fvv.jpeg,1YSYKbtUN8dHO1oqpJwYGf1bQx4zz6Fvv.jpeg,True,1279,1126,JPEG,ed5fbfb4b405fede2e48e8148d1eb6569073996e092b530f3433860e62ed3a5d,,False,,,,,
meme_004875,rus,data/raw/rus/5385.jpg,5385.jpg,True,1280,853,JPEG,5176172e107c98b1b89de694964c1626e65eb6fb26230e752b06d206b9e845ab,,False,,,,,
meme_003419,rus,data/raw/rus/4074.jpg,4074.jpg,True,1170,974,JPEG,aa1a8ee6ca27618c98eed4b88f5596d3cd949edf972f107d9957c2be96b87a18,,False,,,,,
meme_015549,ukr,data/raw/ukr/1vIIce4gzF-BAl5I7ZQtRaFhp4mNsyzZ-.jpeg,1vIIce4gzF-BAl5I7ZQtRaFhp4mNsyzZ-.jpeg,True,453,271,JPEG,e20c18ba7823e6cf7df27de68dd4aec9d0dbd53bae71287a29c2653e7adc7a9c,,False,,,,,
meme_003284,rus,data/raw/rus/3953.jpg,3953.jpg,True,800,766,JPEG,874f381abdcb7b7aaa2e60011b960ccc118587257bcff999a24a82d8e564fc36,,False,,,,,
meme_014929,ukr,data/raw/ukr/1rS8e2nKkCz7el0ci-sJk1bd1seQBEmX2.jpeg,1rS8e2nKkCz7el0ci-sJk1bd1seQBEmX2.jpeg,True,736,821,JPEG,3c1cb0f690d12deac7e8decf71cf6dd9b9f5f1e7fea61e1145a1e0e1f700635a,,False,,,,,
meme_011792,ukr,data/raw/ukr/1YAuaWOeUxjyw0pskHcbRV_BW_Ef9FvvM.jpeg,1YAuaWOeUxjyw0pskHcbRV_BW_Ef9FvvM.jpeg,True,628,750,JPEG,61382a0ee3591c87c4f713d8d69a46e27ddfdcf09cab9b3ad8f8b9af53ed54e6,,False,,,,,
meme_015256,ukr,data/raw/ukr/1tTYYHc6dxjOBDtp192dVs8iFGMW0xXnO.webp,1tTYYHc6dxjOBDtp192dVs8iFGMW0xXnO.webp,True,1200,1200,WEBP,5d50f94ce1b2e383125a428a5c983433f119956b915b8826e5d46a4280e20875,,False,,,,,
meme_003906,rus,data/raw/rus/4512.jpg,4512.jpg,True,612,560,JPEG,cfa5fd541344dd39564516b099758aab7eb150ef0d10adbca49e115d799ff101,,False,,,,,
meme_007785,ukr,data/raw/ukr/17b4pNzeA3-5rCDDyBDeRQO54IU4hCA6N.jpeg,17b4pNzeA3-5rCDDyBDeRQO54IU4hCA6N.jpeg,True,1024,1280,JPEG,c694e9d326bcdfb9f51c9d5c73c42c02e8f350e551c30f8af3f4d88e07e51c9d,,False,,,,,
meme_012671,ukr,data/raw/ukr/1cnBJev9DBKu8cWs4yGOPbwYuqhmJSRv9.jpeg,1cnBJev9DBKu8cWs4yGOPbwYuqhmJSRv9.jpeg,True,750,467,JPEG,2e46869426994c45605467389ebc7bf34b9724ab0055d5c9f86b4023dabb6187,,False,,,,,
meme_015866,ukr,data/raw/ukr/1xT6pY4YtrDhNNvWRwOr-4zbvqnLVkLaS.jpeg,1xT6pY4YtrDhNNvWRwOr-4zbvqnLVkLaS.jpeg,True,1080,1080,JPEG,b7fcc15ffaa55887e6bc90b10dacd1d0d4f5e96d38b1a2fb0ba0a6af745e9d05,,False,,,,,
meme_005805,rus,data/raw/rus/6221.jpg,6221.jpg,True,714,800,JPEG,8c5699eff925ed5b3c47903d339b421236d4a8532f253faa6afd6a3c7a028395,,False,,,,,
meme_014387,ukr,data/raw/ukr/1npO0pQrt9rm_V8UQbq-mZYN8Pi9vhjQg.jpeg,1npO0pQrt9rm_V8UQbq-mZYN8Pi9vhjQg.jpeg,True,720,720,JPEG,58feaa0324571a1acf75fe512aa5e605fa5d0bb88f404b2e163e705d040123fd,,False,,,,,
meme_011338,ukr,data/raw/ukr/1VDnm33TrPLsvnVLCSJoM2F6DRxWGauoi.jpeg,1VDnm33TrPLsvnVLCSJoM2F6DRxWGauoi.jpeg,True,581,990,JPEG,636b23344a84c1775b2691e922d3e851bd2c41216933a7d1b6ad556d51043bd4,,False,,,,,
meme_001122,rus,data/raw/rus/2006.jpg,2006.jpg,True,1280,1105,JPEG,b0ea06afab1e66e1ce1f8433d23117c7540d41cde85285e98da429b44bc54e01,,False,,,,,
meme_007965,ukr,data/raw/ukr/18ctDI_gFiwI8muoscwBlxu3TXwQg6BoF.jpeg,18ctDI_gFiwI8muoscwBlxu3TXwQg6BoF.jpeg,True,828,820,JPEG,ed9c2938581d16ddf0e41ccecc5ea36f4c6436491c265a887abd004fa24eebe7,,False,,,,,
meme_011944,ukr,data/raw/ukr/1ZABEopY4DTFtorKIJHfb8X2tHImu9WdK.jpeg,1ZABEopY4DTFtorKIJHfb8X2tHImu9WdK.jpeg,True,1004,1280,JPEG,463f6fe4efb97691fb01aa1d8800d576463dff521551a20df7f32253a3fe3e28,,False,,,,,
meme_015630,ukr,data/raw/ukr/1vqyOohoLmOCGyhkgEu3r4gr4qEkUM-u3.jpeg,1vqyOohoLmOCGyhkgEu3r4gr4qEkUM-u3.jpeg,True,1148,761,JPEG,41fba3e5b453774ea130a80ef707835a405a7397eb1aff8e53f8af6a67e51664,,False,,,,,
meme_011312,ukr,data/raw/ukr/1V4aHZ80Azt56TkyXLMaUAC5oqm3EXLBo.jpeg,1V4aHZ80Azt56TkyXLMaUAC5oqm3EXLBo.jpeg,True,1125,750,JPEG,e93b6e422bae0a962a177e785411240abc761e1ae774060afdb0e4fed2e0f41e,,False,,,,,
meme_005726,rus,data/raw/rus/6150.jpg,6150.jpg,True,800,568,JPEG,7c565e5d2758d685bc2160ba245816e3970d2589dbb88abe106b03376b214ecb,,False,,,,,
meme_013687,ukr,data/raw/ukr/1jFAG3c2GRCnWoceJqeEBKsDIgssxYpd3.jpeg,1jFAG3c2GRCnWoceJqeEBKsDIgssxYpd3.jpeg,True,554,1200,JPEG,cc71a495da10a2d4c20921b567a63326f19a793c1c09d3d26b17c2b0f22f34df,,False,,,,,
meme_013670,ukr,data/raw/ukr/1j6j948-Yz4AbmPnnSf9JzuTZJtauwVLG.jpeg,1j6j948-Yz4AbmPnnSf9JzuTZJtauwVLG.jpeg,True,700,700,JPEG,6924bdad839119163b7aea2fa38ea2ad290df7f76b851a3b6205f56046a1ff98,,False,,,,,
meme_002454,rus,data/raw/rus/3205.jpg,3205.jpg,True,1280,836,JPEG,01df6d75dd749cd77eb3c2aa66514aa28b2d2d9099cd48a3ff5c413c0ad8b81f,,False,,,,,
meme_007067,ukr,data/raw/ukr/12sbGZYju_TQkh4kcGrPBjs2Kd-iq9lnM.jpeg,12sbGZYju_TQkh4kcGrPBjs2Kd-iq9lnM.jpeg,True,620,803,JPEG,0c94d798609dc0eec36f178394a5543af801925bc8cad30fe8a7a4dcaf91932e,,False,,,,,
meme_011960,ukr,data/raw/ukr/1ZDnpGEfyqikYig2fL01l4uyQwqYYrVeK.jpeg,1ZDnpGEfyqikYig2fL01l4uyQwqYYrVeK.jpeg,True,1000,1000,JPEG,9953bf3851cb447c98d43dd04fec2bcaa199b7ebd2714001cc9f2d129f949f97,,False,,,,,
meme_004247,rus,data/raw/rus/482.jpg,482.jpg,True,302,604,JPEG,6c9129e056cb53967b78c683938ac61699cca9d80385e603066fbacc527f12bf,,False,,,,,
meme_014769,ukr,data/raw/ukr/1qQwZOASiHbRFVkkPMD18a4MAItw9eGDr.jpeg,1qQwZOASiHbRFVkkPMD18a4MAItw9eGDr.jpeg,True,685,1280,JPEG,721aafcd8747c967e25f1a2853ee4ad7897ba22fb12b0b42fb78c584d5239d93,,False,,,,,
meme_006724,ukr,data/raw/ukr/10cRbchFIhetie4Db8vYT5thfMN-deROf.jpeg,10cRbchFIhetie4Db8vYT5thfMN-deROf.jpeg,True,1080,915,JPEG,87aebe15a1b44d7a0b9ad217a5b473b875c48bb0eb28eb7f0f7efe81439468a4,,False,,,,,
meme_002472,rus,data/raw/rus/3221.jpg,3221.jpg,True,800,532,JPEG,f0c89196cc126d7c0ea4e730776bb4e99ac1c0f8dbfe11ce423264057981b242,,False,,,,,
meme_014488,ukr,data/raw/ukr/1oS8PsGaGhwUUjMAQ-xAqL1QgxWOBMvRN.jpeg,1oS8PsGaGhwUUjMAQ-xAqL1QgxWOBMvRN.jpeg,True,492,276,JPEG,188f892e33faad7fdf86c31c515505dc83261569d116ad9948ee295919a5400a,,False,,,,,
meme_010876,ukr,data/raw/ukr/1S5rKXZLRucrFbGBCLsnP76qqo5byjKVF.jpeg,1S5rKXZLRucrFbGBCLsnP76qqo5byjKVF.jpeg,True,700,375,JPEG,4d7346c481c51974494daac227b79d6d7ab1d05c9d4df78cc5646f5c31827353,,False,,,,,
meme_007856,ukr,data/raw/ukr/18-227bTSYZGhXQzXQsbeyyX1vjaUO-Qn.jpeg,18-227bTSYZGhXQzXQsbeyyX1vjaUO-Qn.jpeg,True,632,687,JPEG,0a8868dc25ada2916b9acf9563f39bf2bb4d5eef49e62db4e7e2d3de8567e00a,,False,,,,,
meme_012824,ukr,data/raw/ukr/1dkTMkr2qzW9N6rYiNfDi2MLsD94fm-9s.jpeg,1dkTMkr2qzW9N6rYiNfDi2MLsD94fm-9s.jpeg,True,1179,1187,JPEG,ce39b909d97a57c3c122b6c485be08ae8441978e7394f48cae90a630af48f518,,False,,,,,
meme_009085,ukr,data/raw/ukr/1GC1vHnAnb8G1x_XXLjCDz5ECXeiIR_gP.jpeg,1GC1vHnAnb8G1x_XXLjCDz5ECXeiIR_gP.jpeg,True,1280,720,JPEG,9966f583f3083ca1f300b34c7adb2cb9d58824b9454ec9f9dfbe873179947a63,,False,,,,,
meme_014034,ukr,data/raw/ukr/1lRM9z88tqdbyY8oTPQVSlyxSnCZpE9Ly.jpeg,1lRM9z88tqdbyY8oTPQVSlyxSnCZpE9Ly.jpeg,True,814,480,JPEG,b4b1937a2f5cf7630a48c995e7659eb99917bacf885778d42154f1519238aa5a,,False,,,,,
meme_013034,ukr,data/raw/ukr/1fD658Fs6Avr9ch05IDSKlC3OYzlVaHOL.jpeg,1fD658Fs6Avr9ch05IDSKlC3OYzlVaHOL.jpeg,True,2048,1731,JPEG,703a8c20b65529d68ca25317ac860e63d9af05fb1c26dd224a92e071d4275d74,,False,,,,,
meme_004555,rus,data/raw/rus/5097.jpg,5097.jpg,True,1023,877,JPEG,cd410ea8127a529091643355b670c07576aadf2d7109ac609a2db2bcc52c3da5,,False,,,,,
meme_002320,rus,data/raw/rus/3085.jpg,3085.jpg,True,1098,1280,JPEG,0bcb6a17e8cd21cdc90950803ce5b494eed4b332a2b306962e699fa01e62362a,,False,,,,,
meme_000274,rus,data/raw/rus/1243.jpg,1243.jpg,True,800,689,JPEG,6efe984dec493f3943b7d0405be0f9751e95fc4c0dded2cf626968c4d4811cb0,,False,,,,,
meme_008201,ukr,data/raw/ukr/1AKtnUcdUIeNVze0-Rs_oe0rY7LEEjclO.jpeg,1AKtnUcdUIeNVze0-Rs_oe0rY7LEEjclO.jpeg,True,1080,1071,JPEG,faf116f3517ddc598970704514b23e4a181797b9218cce746408e96bc847eeba,,False,,,,,
meme_002184,rus,data/raw/rus/2963.jpg,2963.jpg,True,320,172,JPEG,d54c05e086bcf60151f20c433a7f26877b15bcb82f81e5bbc14e53a327c2efed,,False,,,,,
meme_004601,rus,data/raw/rus/5138.jpg,5138.jpg,True,688,800,JPEG,bfffd0d28cc5100d211d70e82b686d253ea5880bf740788861aa02be5388457c,,False,,,,,
meme_014417,ukr,data/raw/ukr/1o1GDSyoCw7kbOe__hfEmWst5fSDbTr1h.jpeg,1o1GDSyoCw7kbOe__hfEmWst5fSDbTr1h.jpeg,True,1079,1346,JPEG,3e1dfead7f0ca3bacb6855bb008fa351a9c32f0d613c25555ac5d99c79753f47,,False,,,,,
meme_004751,rus,data/raw/rus/5273.jpg,5273.jpg,True,760,1010,JPEG,c9c1df4d693b712ab4345a701663b78e91804365775804dad55a4177e3083962,,False,,,,,
meme_008958,ukr,data/raw/ukr/1FMSdsKvwMx9OT11z5BpzDKX473m62_oo.jpeg,1FMSdsKvwMx9OT11z5BpzDKX473m62_oo.jpeg,True,960,960,JPEG,9ffe9204895e70a6a31ebbe53e3b1cb73b3aa318a198ad53e1865ede3f1850d5,,False,,,,,
meme_001048,rus,data/raw/rus/1940.jpg,1940.jpg,True,571,800,JPEG,524e9853ddaf9bed670ea4cd631fe5d0a7060543a2cc0688464b819035676c58,,False,,,,,
meme_008798,ukr,data/raw/ukr/1EMBEGaqm3SldzmA8FULeF4VnsRG2-pPV.jpeg,1EMBEGaqm3SldzmA8FULeF4VnsRG2-pPV.jpeg,True,1837,1742,JPEG,92014c4f609d590345a94b1af6822fb717140eab85873596c8e625eda7eda1a9,,False,,,,,
meme_002743,rus,data/raw/rus/3466.jpg,3466.jpg,True,1280,720,JPEG,ec8137f507eb0089f424c0e86e112640f3d431e92e0a80a66810176d9d288af4,,False,,,,,
meme_002309,rus,data/raw/rus/3075.jpg,3075.jpg,True,800,616,JPEG,cb550640004bca239e42fdbf5e6d352203768c53932f4abe6a37259db36774ad,,False,,,,,
meme_012965,ukr,data/raw/ukr/1emVtNtxxMy1dUu-NSlrRpCL-Updgn3F3.jpeg,1emVtNtxxMy1dUu-NSlrRpCL-Updgn3F3.jpeg,True,720,527,JPEG,501cae319b49954066e3917f8b15464596c7f85ff96c349b1544621075054c59,,False,,,,,
meme_000258,rus,data/raw/rus/1229.jpg,1229.jpg,True,640,717,JPEG,ee08ac0b9f70c56b307dc12e8e4964a4ae9a787a556a9e8d605fcb5e5b511a2e,,False,,,,,
meme_009369,ukr,data/raw/ukr/1IATqrhf_DiL9AO4xY6N8AN1rgjSBV1J8.jpeg,1IATqrhf_DiL9AO4xY6N8AN1rgjSBV1J8.jpeg,True,462,720,JPEG,f2a739b5d87421f5b32fefcd656f33902f72a16fe0e018f9a41943619148b15b,,False,,,,,
meme_013238,ukr,data/raw/ukr/1gKTBzUaXwse7UIp5uIvu7azUoFCTQzSw.webp,1gKTBzUaXwse7UIp5uIvu7azUoFCTQzSw.webp,True,512,512,WEBP,15a03918add711b87b0069264259578310e7de6cf85d88b1210651ed11935a28,,False,,,,,
meme_009694,ukr,data/raw/ukr/1KLHKmSx5UKdXw1QD0OAsWVKvQTyrLVaI.jpeg,1KLHKmSx5UKdXw1QD0OAsWVKvQTyrLVaI.jpeg,True,690,469,JPEG,f886b7a773c72bc564a58fe22fb5d8c7584ba2819040f2a784d55b1ba3ca08fb,,False,,,,,
meme_000795,rus,data/raw/rus/1712.jpg,1712.jpg,True,593,468,JPEG,b78ee1e8afe77542b0ada127e3d6a6b58be04e3e3ff40de2c96a1f6f8660d676,,False,,,,,
meme_002792,rus,data/raw/rus/351.jpg,351.jpg,True,800,744,JPEG,99718088f8c36156359be35cd21df159c176c1d6376d1b1dec8e4a045f331b24,,False,,,,,
meme_006209,rus,data/raw/rus/73.jpg,73.jpg,True,800,519,JPEG,b1cbf59c136b58b5a585106e5ceec53605fd39a8fffd7b7eced6a77148fa4ea9,,False,,,,,
meme_006671,ukr,data/raw/ukr/10HOQCmDgKzS5VoseeInhjBfb6Oeelddz.jpeg,10HOQCmDgKzS5VoseeInhjBfb6Oeelddz.jpeg,True,911,712,JPEG,81dffe94f565b9560ef3813c0206ed670adf476e759289e1ee8fb3234719af43,,False,,,,,
meme_011413,ukr,data/raw/ukr/1VhO1vs3VC4dqCrVyvSbSXNZfj0BNreK0.jpeg,1VhO1vs3VC4dqCrVyvSbSXNZfj0BNreK0.jpeg,True,1080,1280,JPEG,f752c3c856dbb528bb9e1cd7fba860aa8907ed4e1d2159bdc3ce1780b06a4ebf,,False,,,,,
meme_015832,ukr,data/raw/ukr/1xEphN3Egi1QgDQnFogMxK-g3xDuyiWgo.jpeg,1xEphN3Egi1QgDQnFogMxK-g3xDuyiWgo.jpeg,True,900,675,JPEG,99be37ea7fe14d020406639d2f5ddc5a5b16db7c09d0a7a53c2ea528054d4c67,,False,,,,,
meme_006504,rus,data/raw/rus/996.jpg,996.jpg,True,844,1139,JPEG,f4a3f6e7a75c6851e59727abd8660c384d1c62a5ef34b6491dd13b8c2b220141,,False,,,,,
meme_012919,ukr,data/raw/ukr/1eVE_a0xgTASV5EPbidjErmn936zTQorB.jpeg,1eVE_a0xgTASV5EPbidjErmn936zTQorB.jpeg,True,834,1200,JPEG,ad20ab28316cad45509042639740b49ff20b330f7c9977cca22d2d580efebd85,,False,,,,,
meme_001871,rus,data/raw/rus/2681.jpg,2681.jpg,True,800,600,JPEG,4ffdd4a63c659ad6abfd33cb9e15f3b344325d417e6f1b9b41f19df5c8547a8b,,False,,,,,
meme_007727,ukr,data/raw/ukr/1799vIhate3uOZnZN3frcGOhkIwLCBBkI.jpeg,1799vIhate3uOZnZN3frcGOhkIwLCBBkI.jpeg,True,900,752,JPEG,ddaf140aef0a86821a68c4f775b739eab7b07dcaabbb9f18df8b038518e77a50,,False,,,,,
meme_011326,ukr,data/raw/ukr/1V9sCEKIQfD1jjnf8k1ZlccJPh6tYrd-4.jpeg,1V9sCEKIQfD1jjnf8k1ZlccJPh6tYrd-4.jpeg,True,924,1233,JPEG,667ba0f138ae78d425803b98c54c6983ac44c16a028c30e1c290df1c2e76a46a,,False,,,,,
meme_013647,ukr,data/raw/ukr/1iz3qckx0US2v5ma9EE360i4sH_hyNc9_.jpeg,1iz3qckx0US2v5ma9EE360i4sH_hyNc9_.jpeg,True,604,473,JPEG,afd0361c97f2e4bf8f3fbc1a009e51ca31fc9d1fcc1ae112226046682a341ee9,,False,,,,,
meme_007043,ukr,data/raw/ukr/12fSGw2iEpMIXOFeCaAWYYOGNq_80E-sI.jpeg,12fSGw2iEpMIXOFeCaAWYYOGNq_80E-sI.jpeg,True,600,532,JPEG,1618d00010a0f48818afd024342ed191bb92f6026ddc04781992ac454e733c9e,,False,,,,,
meme_015173,ukr,data/raw/ukr/1sq_Trfx85CyeeiQJ801xwJmOLnvkEO8v.jpeg,1sq_Trfx85CyeeiQJ801xwJmOLnvkEO8v.jpeg,True,749,550,JPEG,86fd0a902013230515a33118cee208b522be4e969fb48217877d9cb7045db17b,,False,,,,,
meme_006368,rus,data/raw/rus/873.jpg,873.jpg,True,665,337,JPEG,ab89aa6e1b5143e95c030ed3cd18c56c027b09b000983a47d5cbf959617d3f01,,False,,,,,
meme_005708,rus,data/raw/rus/6134.jpg,6134.jpg,True,1060,1080,JPEG,7e66b1b63d8af4d06a531bf430f690756a50d0e373b8da8a192c087b6d3f35d8,,False,,,,,
meme_009827,ukr,data/raw/ukr/1LBF9cYj15zr-LcTPp9IzTV3gcmu2PE_c.jpeg,1LBF9cYj15zr-LcTPp9IzTV3gcmu2PE_c.jpeg,True,1136,1115,JPEG,27d322cb6aa3d867514cd7544dbcd4c0990866bf561e8deb0af310fe4f99ded9,,False,,,,,
meme_010292,ukr,data/raw/ukr/1O8uXOV0DIo2IrMH43uVDmzyRXTpinKdO.jpeg,1O8uXOV0DIo2IrMH43uVDmzyRXTpinKdO.jpeg,True,671,454,JPEG,6c40c6b66b254f0afa99dc48bd7dc344bc02b306709195c92eb3e8e3c4685ff2,,False,,,,,
meme_008813,ukr,data/raw/ukr/1ET3JbIfBnUL7Fu3wqlzVN7_o6Uhy9w9X.jpeg,1ET3JbIfBnUL7Fu3wqlzVN7_o6Uhy9w9X.jpeg,True,827,483,JPEG,837c850824af1c009e25bd11d6f027a1c79e1caaae31c6795bf5f9ce2e12a37c,,False,,,,,
meme_007016,ukr,data/raw/ukr/12XYQqMyUD4Cbj-HMJu26pk27A0WqMWdD.jpeg,12XYQqMyUD4Cbj-HMJu26pk27A0WqMWdD.jpeg,True,1279,909,JPEG,0f4c0a5dc8ef012fa87a532f977dc037fda7c8bf7bc46ab2b0a92d3865790ad8,,False,,,,,
meme_010063,ukr,data/raw/ukr/1MhZIIj31EFgFLfUlmPz3mfYFouLXmctK.jpeg,1MhZIIj31EFgFLfUlmPz3mfYFouLXmctK.jpeg,True,970,1280,JPEG,6d937e89cd91b08a16d40821350f96c71fc859bce5bc445362203a0901714481,,False,,,,,
meme_002705,rus,data/raw/rus/3431.jpg,3431.jpg,True,751,800,JPEG,77eb2a070c52fd98c85753c081cafa81c785d45fa64d704507b5049ca9e79ec2,,False,,,,,
meme_005588,rus,data/raw/rus/6026.jpg,6026.jpg,True,1280,1280,JPEG,cb7f1c35b4d5315e0ff9adfd65c8ce46d54bc639b85b9d894fa5e99fcbd2cf8f,,False,,,,,
meme_005928,rus,data/raw/rus/6332.jpg,6332.jpg,True,759,559,JPEG,fda030b5756fbdaa2c37f98cbb5333ab1dc009129aefb7f4f2114543997c5196,,False,,,,,
meme_004630,rus,data/raw/rus/5164.jpg,5164.jpg,True,599,374,JPEG,609c5a8f26cbfd1652a371f2772963fded90515707e975219d283bfc7b617438,,False,,,,,
meme_004192,rus,data/raw/rus/4770.jpg,4770.jpg,True,1080,1185,JPEG,36f3da55886d00a9d9bbaa37cb46939215ed5288e352ab7d476fc193f2c57f7f,,False,,,,,
meme_003834,rus,data/raw/rus/4448.jpg,4448.jpg,True,318,320,JPEG,2c8c39f147fe922937106dec0eacbce7d805d636baa3414a2cc5e8ca70cfcff2,,False,,,,,
meme_011826,ukr,data/raw/ukr/1YNbegkS4n9wlwHdzr7aSMgymvv1JZjKG.jpeg,1YNbegkS4n9wlwHdzr7aSMgymvv1JZjKG.jpeg,True,690,490,JPEG,4fca12e0bfea1f644507aa2bfe712f060ebd7510767edc51e597432ae370278a,,False,,,,,
meme_003269,rus,data/raw/rus/394.jpg,394.jpg,True,800,542,JPEG,57ba31a05529b465ad330fdf4cbad2982d88e0b19e20d978f1d1579d6991f69e,,False,,,,,
meme_011153,ukr,data/raw/ukr/1U0XkZl8CONvnJg0eJI2DwxWWhPJ3VUnr.jpeg,1U0XkZl8CONvnJg0eJI2DwxWWhPJ3VUnr.jpeg,True,331,466,JPEG,e892005433a1a0f25c620308bedbc9277b8d7ac994a38ce230265676dd1e01f9,,False,,,,,
meme_014402,ukr,data/raw/ukr/1nv2psuV33UYSGbmjpOZLM3gxEn2LMS_y.jpeg,1nv2psuV33UYSGbmjpOZLM3gxEn2LMS_y.jpeg,True,700,525,JPEG,fcd4a48b7ffa3fb1042f37c1fa6ff2b11fa37f2e7f3323f7c75e40f7e3d60c1f,,False,,,,,
meme_011907,ukr,data/raw/ukr/1YxGSFlLj6AKzTkX0V39L25A1OyqNPPQR.jpeg,1YxGSFlLj6AKzTkX0V39L25A1OyqNPPQR.jpeg,True,1080,1080,JPEG,a00dfdba01e1eb6f69e0ee563f58889f4fa7a598f55e6c2ed4d78e0bf96a59ea,,False,,,,,
meme_012234,ukr,data/raw/ukr/1a6-4nlLMrXWJ-8Qlkebw6RlPT7IzLbTP.jpeg,1a6-4nlLMrXWJ-8Qlkebw6RlPT7IzLbTP.jpeg,True,1076,1280,JPEG,b6c5c1176585f6b3291c9975dfa9e8bbe09fa1ddb5f68de83aa75ba429bc9b26,,False,,,,,
meme_011670,ukr,data/raw/ukr/1XPP7RsaOUsoDNuCCVWlQfgXzpgg71NkX.jpeg,1XPP7RsaOUsoDNuCCVWlQfgXzpgg71NkX.jpeg,True,612,680,JPEG,f46bc56ca25db8194d5ec3b233e7dec17b36cba9e2f43dc4a5f1f793d34cfc60,,False,,,,,
meme_013197,ukr,data/raw/ukr/1g24t_GnA31lyQLEvTDZ3xsXFUG-qlyqc.jpeg,1g24t_GnA31lyQLEvTDZ3xsXFUG-qlyqc.jpeg,True,526,524,JPEG,b7a1ce2453c3aa89a3fefb9579a5a5a35e4e46d64004d0268bab202700a458a8,,False,,,,,
meme_008542,ukr,data/raw/ukr/1Ce3wnQ1LbL5E1q9EWZGuqeHGKSTTGfuK.jpeg,1Ce3wnQ1LbL5E1q9EWZGuqeHGKSTTGfuK.jpeg,True,636,800,JPEG,8fc9d86aaf76056dbb2f2e1a4fa1ce0148a096d16dabf6a5d202a21233e1d87c,,False,,,,,
meme_002865,rus,data/raw/rus/3576.jpg,3576.jpg,True,1120,1280,JPEG,1f0d226960bd3ce8201aa9ce188662ba87c5c8c0a499c30a87d97564d0ae329e,,False,,,,,
meme_005370,rus,data/raw/rus/5830.jpg,5830.jpg,True,690,662,JPEG,8ae5f7e4267b22ab9226c8533aa390924f63622cd4fba6b4b89dab51dc99cc42,,False,,,,,
meme_014109,ukr,data/raw/ukr/1lwHSBzrPX1mbZInwwjjyk5GzxNbOk2Mh.jpeg,1lwHSBzrPX1mbZInwwjjyk5GzxNbOk2Mh.jpeg,True,1032,1103,JPEG,b607a3e22f78d203ac030786dee2409536e208494821b5faedede33560b36008,,False,,,,,
meme_014392,ukr,data/raw/ukr/1nrWNFXjBsur6da-1RWJm_U7nSDtZx-Uf.jpeg,1nrWNFXjBsur6da-1RWJm_U7nSDtZx-Uf.jpeg,True,750,999,JPEG,5181d70d06fb5b6cf8095726743e440f59123ff9be186a7667d2f88aa8bcb680,,False,,,,,
meme_015675,ukr,data/raw/ukr/1wBuV4lTon8VoY5xf9Ni7snyZxCGbHu6A.jpeg,1wBuV4lTon8VoY5xf9Ni7snyZxCGbHu6A.jpeg,True,612,900,JPEG,bd3017ac4d7db56df70b6a046286d99dbacf726f6e1ddeb094a59d54428d8151,,False,,,,,
meme_010783,ukr,data/raw/ukr/1RXkOxnba6aRu9L8BHlDRQKCrl4u3t46D.jpeg,1RXkOxnba6aRu9L8BHlDRQKCrl4u3t46D.jpeg,True,585,500,JPEG,42654ea9c7775887b2244f68cffa3016941d36a4693e1dd27fc8de97cb7bf45f,,False,,,,,
meme_010255,ukr,data/raw/ukr/1Nr94XP3QWM9geH3nkFqsIHmy68MatBT6.jpeg,1Nr94XP3QWM9geH3nkFqsIHmy68MatBT6.jpeg,True,1280,1005,JPEG,89e5bb97d6595109feaf5a8ca4dbef98fe7e49e236999e808da27fc49501fd9c,,False,,,,,
meme_013260,ukr,data/raw/ukr/1gQEZlA0kLuDqnIcQBRWTv_5Nug8WcaJS.jpeg,1gQEZlA0kLuDqnIcQBRWTv_5Nug8WcaJS.jpeg,True,600,614,JPEG,78580c5a977fcd9e9d3fd44e6ebb8bb06e7e01f140a60a4a79de961ffe1b3428,,False,,,,,
meme_002247,rus,data/raw/rus/3019.jpg,3019.jpg,True,315,320,JPEG,43dbe617b8629726d2c6f4d5e491f8bce5be32cb3673eda624a37ca63b60bb5f,,False,,,,,
meme_012105,ukr,data/raw/ukr/1_EewRtOB6Sp_iTYD8LCNGweVVIUE2yp_.jpeg,1_EewRtOB6Sp_iTYD8LCNGweVVIUE2yp_.jpeg,True,1280,629,JPEG,a6d42680cff847d148770da765e438b0e328ea96d00287610f60bd8478d4bc70,,False,,,,,
meme_005082,rus,data/raw/rus/5571.jpg,5571.jpg,True,750,750,JPEG,5a39e1c63bd25ed5835c93e566578c0e27b8d1fd29d2bddb6f2646a038578d8d,,False,,,,,
meme_012445,ukr,data/raw/ukr/1bUPloWQL6RnlrGBHfHRFuX51mIPxqCOE.jpeg,1bUPloWQL6RnlrGBHfHRFuX51mIPxqCOE.jpeg,True,697,605,JPEG,e2ac59038427de3cfbd30b8131bedbb4999f3480dc9fe8b9bb7755291a6fabfb,,False,,,,,
meme_008013,ukr,data/raw/ukr/194pgq-Ry_91xyRk9PGXl3q17503IKwO0.jpeg,194pgq-Ry_91xyRk9PGXl3q17503IKwO0.jpeg,True,1280,1280,JPEG,b7ea5e3b708d71003e0fe4f0b20f6a19cb691e86f23b0a6caf6c1cf61bfa4bba,,False,,,,,
meme_010375,ukr,data/raw/ukr/1OjNmvSBYtvS-N5DeUnrgK5AczVQTocko.jpeg,1OjNmvSBYtvS-N5DeUnrgK5AczVQTocko.jpeg,True,908,1024,JPEG,44c35384263deb205a2b25bc40ae9820da053a9bb66373b7d163d7936c2d9b94,,False,,,,,
meme_013009,ukr,data/raw/ukr/1f26joGjDXKQj1NsUsw_Fcm2KcOuq9TR0.jpeg,1f26joGjDXKQj1NsUsw_Fcm2KcOuq9TR0.jpeg,True,1660,1311,JPEG,f4f16af542661373dd17a985e48b6b154932367a7d49b27f4e878cd2425d1321,,False,,,,,
meme_014722,ukr,data/raw/ukr/1q51-Z-khJnvj-JPDnIrlwAYUEW4pdpKZ.jpeg,1q51-Z-khJnvj-JPDnIrlwAYUEW4pdpKZ.jpeg,True,904,1280,JPEG,c61c5259e758943a778f2bdabe155dbabc44d209dbe7f65fdbbc1b839234f805,,False,,,,,
meme_002010,rus,data/raw/rus/2806.jpg,2806.jpg,True,1080,952,JPEG,586b1cdcc1d59c90b343d15f9a37bb04d1aeabe37035f9cf76ca0bf8ded6cff7,,False,,,,,
meme_003088,rus,data/raw/rus/3777.jpg,3777.jpg,True,1080,777,JPEG,2aa9619adff7889430e6770ee7749e313496853f54a7efcd378a9cf809d0d847,,False,,,,,
meme_008420,ukr,data/raw/ukr/1BrdIPQB2NK93DL6x3OKAoba6CrXrLd1i.jpeg,1BrdIPQB2NK93DL6x3OKAoba6CrXrLd1i.jpeg,True,680,680,JPEG,2f06aa22f7d72a41d151aeef2b45817f9a6ec8fcdf21d5d1d44e6072987ae2f3,,False,,,,,
meme_012517,ukr,data/raw/ukr/1brt5M-Gm_QO-dfCm-s8DL-djewqKB_18.jpeg,1brt5M-Gm_QO-dfCm-s8DL-djewqKB_18.jpeg,True,1200,1145,JPEG,24b449f8e66725e7d7054f6a8a2c1539951848a75679a3cac082aa20e186522c,,False,,,,,
meme_002994,rus,data/raw/rus/3692.jpg,3692.jpg,True,620,368,JPEG,73ba24fde1947b294f6fc2860daa026f76072cb960c289517bb143373ce0d83c,,False,,,,,
meme_000189,rus,data/raw/rus/1167.jpg,1167.jpg,True,1280,1274,JPEG,2a3063e7b47bfdad471d39c85383e56d6a56851b6dfc97c72876ad7be0c654a9,,False,,,,,
meme_000806,rus,data/raw/rus/1722.jpg,1722.jpg,True,942,1190,JPEG,c0bccb9d4ec3f89c5ea8a623b29a4ad1060faa8a2303771de9c55ce997de1990,,False,,,,,
meme_005426,rus,data/raw/rus/5881.jpg,5881.jpg,True,1280,943,JPEG,aaff19d5346d8e5c21cd8f6ccd4116558d574b6e5f8aa687aa2aa2ea714cb7bd,,False,,,,,
meme_002302,rus,data/raw/rus/3069.jpg,3069.jpg,True,496,371,JPEG,bb4691d1c4c5baea1989683639a9b6174babeb514a9de62cf1d7acd2022c183b,,False,,,,,
meme_000609,rus,data/raw/rus/1545.jpg,1545.jpg,True,925,1280,JPEG,05ad623f091e55fb4f3c4cf35a1029586538a75a50a87b32ae6310330b81ea74,,False,,,,,
meme_004194,rus,data/raw/rus/4772.jpg,4772.jpg,True,463,610,JPEG,e1e9322c089140d0a3c48d8b7ab4d8dfca3864ba64290d8c74090fd29a1d9ee0,,False,,,,,
meme_006046,rus,data/raw/rus/6439.jpg,6439.jpg,True,1167,1270,JPEG,632bb3948b8d99a840e25c811cb220b8267e2f7433a8dd05b50e5315c3071b75,,False,,,,,
meme_004721,rus,data/raw/rus/5246.jpg,5246.jpg,True,604,462,JPEG,60ffb8e7ed171e6cb4c29a63ebbcb754850058308da34d38def940330a0be95e,,False,,,,,
meme_009700,ukr,data/raw/ukr/1KMmVThDDVb9QF8Z-oVQHLQ776S31rUOR.jpeg,1KMmVThDDVb9QF8Z-oVQHLQ776S31rUOR.jpeg,True,1280,731,JPEG,c47be8f5e6d1e8e0ace2f3934f3e6d8ad8413084ffb956c57ebc6cda95708b3f,,False,,,,,
meme_005861,rus,data/raw/rus/6272.jpg,6272.jpg,True,510,565,JPEG,51a9293d864e970353bc7f49aa494c05ed76057ba8be4497880a5148d4a2df40,,False,,,,,
meme_012422,ukr,data/raw/ukr/1bOvWFSqH9TqYmTehnJ0Cir5ak9Pln8ak.png,1bOvWFSqH9TqYmTehnJ0Cir5ak9Pln8ak.png,True,440,190,PNG,8b2c4ab35e6269c38c1e92957bbc00206609bbe0970d29c58b10800112d6aebb,,False,,,,,
meme_005013,rus,data/raw/rus/5509.jpg,5509.jpg,True,544,800,JPEG,bed09e583f3f909d757db1e3a13c8dd2cb60daa7cd3b70f05203789c4fce87b3,,False,,,,,
meme_004722,rus,data/raw/rus/5247.jpg,5247.jpg,True,612,796,JPEG,dcbc864a8dd89476910a2655ef0318b644a2540d2154905cc20b30df21a8383e,,False,,,,,
meme_007589,ukr,data/raw/ukr/16Fo6N_jp6S3QCXF92SgAQQFzE4IGJBWg.jpeg,16Fo6N_jp6S3QCXF92SgAQQFzE4IGJBWg.jpeg,True,750,684,JPEG,1b1e23f8a9401ce2d973fd04a7b563be6a1a237be8c917669923874a3aa7eefd,,False,,,,,
meme_012307,ukr,data/raw/ukr/1abm6anlKmRYxD2_uO2rb1lGIlly0gez_.jpeg,1abm6anlKmRYxD2_uO2rb1lGIlly0gez_.jpeg,True,1177,1139,JPEG,8aef0c5388713fdb829e9b6c01b479df3dfc49413463e851df1c43c0fcca6daf,,False,,,,,
meme_000219,rus,data/raw/rus/1194.jpg,1194.jpg,True,548,437,JPEG,3a721b59d23c23d928e72fcb25112ae6021c0993ee5ef3caf09bdc110f2805bf,,False,,,,,
meme_013132,ukr,data/raw/ukr/1fiOSA6LBmOsifYaxumgsF07YtjSokvT-.jpeg,1fiOSA6LBmOsifYaxumgsF07YtjSokvT-.jpeg,True,944,689,JPEG,f8f374edc0a48febe61a833ddeadcd9e75044f0838c0b8164f902ef4a85acb68,,False,,,,,
meme_015893,ukr,data/raw/ukr/1xdg8-Tnwqn9utddFW4jApNaw--zosi0m.jpeg,1xdg8-Tnwqn9utddFW4jApNaw--zosi0m.jpeg,True,1080,687,JPEG,7c92c0ac36e94e0aa118119ac9f1a37296972b2b263ecde624bcd0a2f0a2b255,,False,,,,,
meme_000361,rus,data/raw/rus/1321.jpg,1321.jpg,True,1027,1280,JPEG,b9ee7494a77a83c37ae9193e93505b32b0bb29fdee11fcd6245b37fb060d26f3,,False,,,,,
meme_005278,rus,data/raw/rus/5748.jpg,5748.jpg,True,550,487,JPEG,f803d1755d2dcba884dbf2a6831529faed3a54d891325a9031dcc4c5c0cf13ce,,False,,,,,
meme_013994,ukr,data/raw/ukr/1l7IH1qkkCjp1ItifjSOfCmjLHxYVGoXd.jpeg,1l7IH1qkkCjp1ItifjSOfCmjLHxYVGoXd.jpeg,True,720,540,JPEG,4b0bbf6fa7c928ae23bf003219d95b9fd019c84836118f6475a925286f261f01,,False,,,,,
meme_011401,ukr,data/raw/ukr/1Vca2LDM0Ae-touzCy46bNtNP3D9Ff7_N.jpeg,1Vca2LDM0Ae-touzCy46bNtNP3D9Ff7_N.jpeg,True,1279,1279,JPEG,e16b565d5f82fc7c694991a96cac34cea4f77dca584fe7bfc6003b4d5484681c,,False,,,,,
meme_000328,rus,data/raw/rus/1292.jpg,1292.jpg,True,731,800,JPEG,931de7f731b7c8e01bb45ddbffdf4688438cce9062a64b26179caee4ae86816a,,False,,,,,
meme_013070,ukr,data/raw/ukr/1fOT73oRnvjUgbrzA_l6fyZ67CVPYf5Rq.jpeg,1fOT73oRnvjUgbrzA_l6fyZ67CVPYf5Rq.jpeg,True,720,672,JPEG,0102e99687e112d7cb823dc2ec6b70e6d5b49d5aabbfde6bceba7a0a4b2583ad,,False,,,,,
meme_002272,rus,data/raw/rus/3041.jpg,3041.jpg,True,814,1280,JPEG,7cbc417f2d6c5c43cb562886e0679b47b88d0227b2670656af2bd729c4928340,,False,,,,,
meme_007883,ukr,data/raw/ukr/187h31Tcv9bBnn4FNW7q40JD5QyyVFMs_.jpeg,187h31Tcv9bBnn4FNW7q40JD5QyyVFMs_.jpeg,True,787,812,JPEG,0fbc1afaf2197cb5143c8b932a5c23004e664c6f41345efed16a6b6dd8f93f0d,,False,,,,,
meme_014106,ukr,data/raw/ukr/1luxGeMfTNVY2Ukb9xjNUJGNi7bWMpIKM.jpeg,1luxGeMfTNVY2Ukb9xjNUJGNi7bWMpIKM.jpeg,True,1280,993,JPEG,0084120fa31144df3e3c7d217a7960e5b1dc0fba2a3f58e71a3abe608e056c00,,False,,,,,
meme_013939,ukr,data/raw/ukr/1km-HgzWkUBRjdeQd8lJ9JAEZsHli4R8D.jpeg,1km-HgzWkUBRjdeQd8lJ9JAEZsHli4R8D.jpeg,True,1200,1200,JPEG,0577f6e79d84b9153a926479dc13a365120fec3203136ee5602d0160f12dcc4b,,False,,,,,
meme_006511,ukr,data/raw/ukr/1-05yViiRFTf-rB1ioBBf_eqlT-b845sQ.jpeg,1-05yViiRFTf-rB1ioBBf_eqlT-b845sQ.jpeg,True,318,255,JPEG,e1d06fce3b5ffbab4786d9273f18af80b991be669566603b769243883aac21d6,,False,,,,,
meme_014451,ukr,data/raw/ukr/1oCRVDYb4I5dIuFCYckKEEFjkaX28zNBy.jpeg,1oCRVDYb4I5dIuFCYckKEEFjkaX28zNBy.jpeg,True,538,390,JPEG,54306f3c3aa5131b00cd2f12bbbbbcda0b587d2578dca1a8f3d2e32c2dccb841,,False,,,,,
meme_006071,rus,data/raw/rus/6461.jpg,6461.jpg,True,604,551,JPEG,16cb7d9ddbae7c336e309d1a7e506668e0df007d75adc0968e4892e75e9c8a95,,False,,,,,
meme_015545,ukr,data/raw/ukr/1vHD4AtWHpXiUBLYdj9-d-DqNJDHux71P.jpeg,1vHD4AtWHpXiUBLYdj9-d-DqNJDHux71P.jpeg,True,759,689,JPEG,41d344f6fb0ead07137b5c48bec5d4555eca0317d3564fedc48b3fb7cd46054b,,False,,,,,
meme_005398,rus,data/raw/rus/5856.jpg,5856.jpg,True,1085,1091,JPEG,4ca325841ea3fb19e3f620533ad398ab9f4ef31f0d27968976c80e61338624ec,,False,,,,,
meme_002685,rus,data/raw/rus/3413.jpg,3413.jpg,True,480,296,JPEG,972e1c716d2d2eb903c159f2f08c2b01e1d5cf2d5f92f3bbaa34a93a59d88213,,False,,,,,
meme_009531,ukr,data/raw/ukr/1JEJWddMTY659gwjpwLPbssSUFmKLrX8I.jpeg,1JEJWddMTY659gwjpwLPbssSUFmKLrX8I.jpeg,True,1280,1280,JPEG,191d3d99cffd2012f551d338d9030a53c19b3ef9013e8414b0d77c63d9f6b0cf,,False,,,,,
meme_004557,rus,data/raw/rus/5099.jpg,5099.jpg,True,1280,928,JPEG,2f518b7a79bcd67d0bea0eaef10abc62729dc35e268e769938de81a1871df76e,,False,,,,,
meme_012915,ukr,data/raw/ukr/1eTYSr65abwSu3cAiTAk3fnsE2_wMvXDu.jpeg,1eTYSr65abwSu3cAiTAk3fnsE2_wMvXDu.jpeg,True,1000,1000,JPEG,4be45e3dea9527d34bccd13116ffe74f7736e46ba817ffd4e1c41ecdc6b6bcbb,,False,,,,,
meme_011442,ukr,data/raw/ukr/1Vqmx8Z4KZDT2LeVHPXccVljxlYCQUUIT.jpeg,1Vqmx8Z4KZDT2LeVHPXccVljxlYCQUUIT.jpeg,True,570,1403,JPEG,91bb30505a02da2245a5230fb84590e0c16d8b2b470f90df36808e549b3d02ef,,False,,,,,
meme_014830,ukr,data/raw/ukr/1qsIonnoGmajRbnqRQflGgz4U0BOE8Wkx.jpeg,1qsIonnoGmajRbnqRQflGgz4U0BOE8Wkx.jpeg,True,1280,960,JPEG,b4375394fd224b2704eb8481f468dc0918d0f13090bc9b954938d2b095c5655e,,False,,,,,
meme_005113,rus,data/raw/rus/56.jpg,56.jpg,True,680,538,JPEG,235838d279275a2151a9f13f87ec51da33d8600abe379a39ee6629c1729c46b9,,False,,,,,
meme_014990,ukr,data/raw/ukr/1rmZQGC95jjAgSHRK5CuAEoRv5jocdGJk.jpeg,1rmZQGC95jjAgSHRK5CuAEoRv5jocdGJk.jpeg,True,1280,758,JPEG,b2bf446f797533ce2a5a885c56f00a69e94a0cbeed30b32596dd2f56358028bc,,False,,,,,
meme_006880,ukr,data/raw/ukr/11g_zbM--ABPc1Z1y1RGzmrvh62JfzIVV.jpeg,11g_zbM--ABPc1Z1y1RGzmrvh62JfzIVV.jpeg,True,1080,776,JPEG,6d9df816357e0a39ea101afa7170ae0c8033cff85223fec4a47ddb43374f2ed7,,False,,,,,
meme_014209,ukr,data/raw/ukr/1mboYc5ul4xzquM8E1_rcyT-crAMj9htb.jpeg,1mboYc5ul4xzquM8E1_rcyT-crAMj9htb.jpeg,True,1125,1113,JPEG,ca43fb1c8de0cf60443cb7dc31e811be6aaab15effb0098d8d71d02883d33840,,False,,,,,
meme_006843,ukr,data/raw/ukr/11N_-BkplVUSIcU9m3jcVWjMX_6WyVv8W.jpeg,11N_-BkplVUSIcU9m3jcVWjMX_6WyVv8W.jpeg,True,494,492,JPEG,a20a003c5627e3567b5baef3e6e9e934cdfffa723896ccbddeab9a3b52ca3bd3,,False,,,,,
meme_010224,ukr,data/raw/ukr/1NeBIr7zsjqqzMy4yyqcQZxem3xA6LzFE.jpeg,1NeBIr7zsjqqzMy4yyqcQZxem3xA6LzFE.jpeg,True,1280,1002,JPEG,a51b17b5fdfa619f12fbfb54458968a632857e23b7d79446fe99dad30e49e687,,False,,,,,
meme_009150,ukr,data/raw/ukr/1GhcTmLSkXcpH6Pp6FxAw3XtJkaOm7SiF.jpeg,1GhcTmLSkXcpH6Pp6FxAw3XtJkaOm7SiF.jpeg,True,800,628,JPEG,d1a7e7915a045b7f472892c7b8d8e3b0a27a3ef07ad52693c770e094138579ff,,False,,,,,
meme_010904,ukr,data/raw/ukr/1SIKzUBvfrjm_2IpWJm5VrKpuVxMnUhAh.jpeg,1SIKzUBvfrjm_2IpWJm5VrKpuVxMnUhAh.jpeg,True,592,960,JPEG,5fa3e98df21d1e7de1ec044624b710fa6860ead034cc4daeef7229a6631feda6,,False,,,,,
meme_002358,rus,data/raw/rus/3119.jpg,3119.jpg,True,804,1070,JPEG,d16573b2b8754892baf29498b5e63fcd430444e59be9644fe46fb49575812bc1,,False,,,,,
meme_012100,ukr,data/raw/ukr/1_BKqWsQIVxbR3QNt0sRMzE8xAPUN3I5y.jpeg,1_BKqWsQIVxbR3QNt0sRMzE8xAPUN3I5y.jpeg,True,880,1280,JPEG,345735a3be2a3b23d76da8401977c64a2d1056f9cb0010354c950ffb086c1970,,False,,,,,
meme_003144,rus,data/raw/rus/3827.jpg,3827.jpg,True,1280,1280,JPEG,b2c36a9737e57714556ccc5a95d5698fbc0dfa66f68f55aebbae85d4dac98f00,,False,,,,,
meme_003685,rus,data/raw/rus/4313.jpg,4313.jpg,True,1080,1254,JPEG,54c0d8985114dc8ecb96418ba719664279c1e40d08266bce2d2b8384b1859863,,False,,,,,
meme_012723,ukr,data/raw/ukr/1d7MfjV6lnQOpRKJac5Pwn8ZFiRNHej6v.jpeg,1d7MfjV6lnQOpRKJac5Pwn8ZFiRNHej6v.jpeg,True,901,500,JPEG,6702b99f4db2d2f3f9947a33e3ae2b4e5e8f650fc6791253ef5f99246c6da0ca,,False,,,,,
meme_013086,ukr,data/raw/ukr/1fT1WhGGrbeG3Hd7T-_TYqQaobrsEWQY0.jpeg,1fT1WhGGrbeG3Hd7T-_TYqQaobrsEWQY0.jpeg,True,1152,1449,JPEG,900943a19e439ce83d2c49e303d1e6542e9b38a2b58aba90493c1b972821eb11,,False,,,,,
meme_011946,ukr,data/raw/ukr/1ZAg4dOFlAqHxmG_B_34H0BEgc16BFkmW.jpeg,1ZAg4dOFlAqHxmG_B_34H0BEgc16BFkmW.jpeg,True,1024,1280,JPEG,1e8ea5233d41836cf979e6ecabb77c1d7cca54b5b9194271b15eeac364f4d410,,False,,,,,
meme_002141,rus,data/raw/rus/2924.jpg,2924.jpg,True,989,1080,JPEG,5de805d34b20ade3be13f86cbba831cca921149f4e4efd4efcbc8dfd0aac4157,,False,,,,,
meme_014364,ukr,data/raw/ukr/1nfWKxfmUAA4NXIaccNMPoCGNouVqV7RQ.jpeg,1nfWKxfmUAA4NXIaccNMPoCGNouVqV7RQ.jpeg,True,960,1280,JPEG,6b1a6441b2f2780feb2386c02f75ac4f06d93bdc48693226689aa13303d69388,,False,,,,,
meme_007794,ukr,data/raw/ukr/17eFe6aOq-F-iaufbWIuF6D-44nrjUvez.png,17eFe6aOq-F-iaufbWIuF6D-44nrjUvez.png,True,811,800,PNG,0cb4b8f66c1b86ea71c5141be450fdef2f22b19a57fa3d706652165674a837cd,,False,,,,,
meme_008822,ukr,data/raw/ukr/1EVVJybfd0vDHaZBo3J3i5YugLKLeRk1q.jpeg,1EVVJybfd0vDHaZBo3J3i5YugLKLeRk1q.jpeg,True,766,753,JPEG,0576f16927c0ad4d7bb1e9ab27a0e33c84568349399fd9b705c96dcf53446f66,,False,,,,,
meme_012842,ukr,data/raw/ukr/1dtWzsEYvitPSMcOZk3kLd4JVUClmYC_v.jpeg,1dtWzsEYvitPSMcOZk3kLd4JVUClmYC_v.jpeg,True,766,590,JPEG,bbb1698c202342e5c66c0c956c58c9130e26fd0ea9a143d6980418c5405abd43,,False,,,,,
meme_014651,ukr,data/raw/ukr/1pcZKZgolJA4qcsXdXAVgJkPyUuuxndP_.jpeg,1pcZKZgolJA4qcsXdXAVgJkPyUuuxndP_.jpeg,True,399,397,JPEG,80ba9cbdafb4533fa34663b628e3a9842645a17a5f0e813d360bed6cf62c7d0f,,False,,,,,
meme_001945,rus,data/raw/rus/2748.jpg,2748.jpg,True,1104,1280,JPEG,1f81e3bca46a90efb3c112efa400bacf516d21b22a02092acc951826f46938c3,,False,,,,,
meme_007290,ukr,data/raw/ukr/14DfEdDhgdvGagKypqqVMPpozjFUoFM6k.jpeg,14DfEdDhgdvGagKypqqVMPpozjFUoFM6k.jpeg,True,1024,1280,JPEG,727359c6e2105e8542c04bddc5ca0e3715df0e208633ff1147b34e62ec60b069,,False,,,,,
meme_006673,ukr,data/raw/ukr/10J0iCb8Q264FxJj1LCsDhsfDHYOge7VR.jpeg,10J0iCb8Q264FxJj1LCsDhsfDHYOge7VR.jpeg,True,1280,768,JPEG,60cfad53e34f674cdbe9f344cad2e4c99afd9612322fc89e1ed4139a04737fcb,,False,,,,,
meme_015489,ukr,data/raw/ukr/1ut8FGjPZX7YegPiE4sT3ohENdV1ZxUnT.jpeg,1ut8FGjPZX7YegPiE4sT3ohENdV1ZxUnT.jpeg,True,1264,1280,JPEG,ffb6cadb28ec0b39824d98af0397553e86d25ea9b1369c4ad0b09ff19afb4f80,,False,,,,,
meme_007110,ukr,data/raw/ukr/13AR4IBf71DI1y83coh3KPX2448-WxH9Y.jpeg,13AR4IBf71DI1y83coh3KPX2448-WxH9Y.jpeg,True,720,599,JPEG,7b891450e034d6e5b2f1c524e2daca320ff8648469eb75ca6af6544f9302f166,,False,,,,,
meme_011324,ukr,data/raw/ukr/1V9VnDh71po6WI9dHnNAmtrzlMqFRpBMI.jpeg,1V9VnDh71po6WI9dHnNAmtrzlMqFRpBMI.jpeg,True,1916,1600,JPEG,445909112fb52ecab51c8ba21040c69256ab76d2e8b1e4efe48a542c8d31d05d,,False,,,,,
meme_015568,ukr,data/raw/ukr/1vP-j9Lal9fi9lFlDOlVd68ADcWrugxwG.jpeg,1vP-j9Lal9fi9lFlDOlVd68ADcWrugxwG.jpeg,True,647,900,JPEG,29a60525553d829e93824d50a7668a4f3535efa5b83b3a48bf0131d422be791f,,False,,,,,
meme_002123,rus,data/raw/rus/2908.jpg,2908.jpg,True,665,643,JPEG,c79b6d7155e6dbb6149c13e424585677f984142fe770887326ab2c4778d3fdb8,,False,,,,,
meme_007720,ukr,data/raw/ukr/176x26a1m_K_5g0Q3IawRiWHC_CnJ8DHo.jpeg,176x26a1m_K_5g0Q3IawRiWHC_CnJ8DHo.jpeg,True,531,610,JPEG,1ed5911abf84d945488e1faec88317eccb71fd57c040b813b3539fe1c3db660a,,False,,,,,
meme_013406,ukr,data/raw/ukr/1hNI7wRtN8Av16Ns4o2zlX3AOvd_StTBO.jpeg,1hNI7wRtN8Av16Ns4o2zlX3AOvd_StTBO.jpeg,True,1024,726,JPEG,d3dd88108f111c20767d612264089fde9655635d456e63b739625314ba42631b,,False,,,,,
meme_010840,ukr,data/raw/ukr/1RuiNQvEyWTH6PJARBfD9J0OAa5GHPkNp.jpeg,1RuiNQvEyWTH6PJARBfD9J0OAa5GHPkNp.jpeg,True,1080,813,JPEG,65b312e083720d3a9dcaba5e31a67e20b576d96c62d76930a955f7fef32a3bd1,,False,,,,,
meme_009699,ukr,data/raw/ukr/1KMGBZBJmc9WbFGEf-zcwezeiiYUfbGug.jpeg,1KMGBZBJmc9WbFGEf-zcwezeiiYUfbGug.jpeg,True,958,857,JPEG,2c8f108132362253dd459bfdda4e0991a3776f6613674d456e30e6a41a614429,,False,,,,,
meme_008374,ukr,data/raw/ukr/1BV1uh0qSTkpJc7prYk-vqHMQzL7-Nxta.jpeg,1BV1uh0qSTkpJc7prYk-vqHMQzL7-Nxta.jpeg,True,1167,1034,JPEG,8126c087e4d022e534d99f3a955dc1bea3212805afc104c42585c6d7140bf085,,False,,,,,
meme_013323,ukr,data/raw/ukr/1grHp3E-DabKzszweuXLWylcFe_yoYN6l.jpeg,1grHp3E-DabKzszweuXLWylcFe_yoYN6l.jpeg,True,854,1280,JPEG,e941b0634ec42ee31ead91277156c12e88929cad1a50a8826f7e82ec10353f33,,False,,,,,
meme_015563,ukr,data/raw/ukr/1vNNzAiT316Irhr9Ccc8mR5YByoUm4NRn.jpeg,1vNNzAiT316Irhr9Ccc8mR5YByoUm4NRn.jpeg,True,714,745,JPEG,33de12da8893df777ad88bac75c6f036b0e2ade7b8977bbe07ca3adf94227868,,False,,,,,
meme_015338,ukr,data/raw/ukr/1u4-8SE-GTPWtMmzacb6vgJ3bnHxDaunC.jpeg,1u4-8SE-GTPWtMmzacb6vgJ3bnHxDaunC.jpeg,True,997,739,JPEG,5dfaa359fbf50dcf133242b518b548639f5f3c19028b891b4fc7e8b194593f8a,,False,,,,,
meme_000042,rus,data/raw/rus/1034.jpg,1034.jpg,True,550,604,JPEG,92b6e2d315db540855fad1c5070c40bef06c4c131be9ad99b7e15e9cca88ab81,,False,,,,,
meme_014248,ukr,data/raw/ukr/1muesP-jy9fTY_BFU8_p-IL6wR7yLfbvi.jpeg,1muesP-jy9fTY_BFU8_p-IL6wR7yLfbvi.jpeg,True,981,1404,JPEG,cc0da84b0803d6933431b2c12fb5d19a1ff17576b626b8c258f3e454130546e2,,False,,,,,
meme_006026,rus,data/raw/rus/6420.jpg,6420.jpg,True,412,604,JPEG,d49eb225976b462e21a50d506b75e8965d1a1b7432727c413a8b0ad27c6af11e,,False,,,,,
meme_004521,rus,data/raw/rus/5066.jpg,5066.jpg,True,1280,1280,JPEG,d837098668a49d63cf9ec9c4a4415c64b733ccd99a8a5f2f8c336aca40d796af,,False,,,,,
meme_006313,rus,data/raw/rus/823.jpg,823.jpg,True,1080,1080,JPEG,875c4dbf6eb1b921e8a6a994bc36e078787b5de368f3bd95e03612676c8547bf,,False,,,,,
meme_003060,rus,data/raw/rus/3751.jpg,3751.jpg,True,933,1080,JPEG,a5f0d9ba92661a0841335ac589aa2b486a2f54e194fe282ef034f40d44fa86b2,,False,,,,,
meme_011571,ukr,data/raw/ukr/1WjRBdqPD4jTYQBwepuF-9vnBfBOmkb2s.jpeg,1WjRBdqPD4jTYQBwepuF-9vnBfBOmkb2s.jpeg,True,1280,790,JPEG,db09654297afba29345afb226c0cce89fb814bbbfaef6650def7de19f4fda836,,False,,,,,
meme_010592,ukr,data/raw/ukr/1QDi1uxdVZaSncO4QJqu3o-Bt_xveJMRa.jpeg,1QDi1uxdVZaSncO4QJqu3o-Bt_xveJMRa.jpeg,True,638,631,JPEG,5c2bd4489604c7690c29095b682561bb5eea2c77ce9e6e63453105e1ceff5cf3,,False,,,,,
meme_008482,ukr,data/raw/ukr/1CDT6cpH8tkefz7V-l8pf6amlc8NEsp4N.png,1CDT6cpH8tkefz7V-l8pf6amlc8NEsp4N.png,True,604,355,PNG,92afbe028cfee96ff88790a594b8f0a7abc0c85a4989dcf44f6c3da52c31616e,,False,,,,,
meme_011530,ukr,data/raw/ukr/1WQlLc9EUcQSc9mjTMUVj8BmvBRwAY-uE.jpeg,1WQlLc9EUcQSc9mjTMUVj8BmvBRwAY-uE.jpeg,True,1080,1079,JPEG,3f5094c583c084aceae33b0f5fcc0152517f87ab431aa7c6f7a3966d5bd55414,,False,,,,,
meme_014060,ukr,data/raw/ukr/1lab6gUqAb3ZpMMemV5TyxEZEji17cgY0.jpeg,1lab6gUqAb3ZpMMemV5TyxEZEji17cgY0.jpeg,True,1241,1236,JPEG,023a9a60da8fe514beab804a4fe4ff95549a1882b4c1d3b0eaaacb3be6db3f76,,False,,,,,
meme_006799,ukr,data/raw/ukr/113bVpkSAsyjErVVBcHl73Km9ItOHeuN3.jpeg,113bVpkSAsyjErVVBcHl73Km9ItOHeuN3.jpeg,True,540,298,JPEG,dba7bfc8227d2007da455efffb493fc60e16c9e6127902a4e14eb843c539e6c9,,False,,,,,
meme_006490,rus,data/raw/rus/983.jpg,983.jpg,True,500,375,JPEG,2985d974cc9754744b99acb9fce298555632482049a9c4dcc4b392edac2a1820,,False,,,,,
meme_011680,ukr,data/raw/ukr/1XUZRME5Pe8TmCY7vS4zgsd4S_xfXdyYv.jpeg,1XUZRME5Pe8TmCY7vS4zgsd4S_xfXdyYv.jpeg,True,900,672,JPEG,81a7985efff793041b5ac405b9207352690e57cc6118eeb99c55508aa18f71ad,,False,,,,,
meme_002217,rus,data/raw/rus/2993.jpg,2993.jpg,True,1280,1207,JPEG,b6d687b24c8bc75497375941b187e04613b0a2445b88c0639ae8c877dd97535f,,False,,,,,
meme_009930,ukr,data/raw/ukr/1LoQiekNwIbFzq6AjyrEsJI-KKNOwscCZ.png,1LoQiekNwIbFzq6AjyrEsJI-KKNOwscCZ.png,True,1064,876,PNG,a8530723bcbdfade2ed233f87c280a406f7f77972a6f2d478bb8013940b9640a,,False,,,,,
meme_014218,ukr,data/raw/ukr/1mgDsQr56XOBl32Xa5VMg4twHkRIjKsqQ.jpeg,1mgDsQr56XOBl32Xa5VMg4twHkRIjKsqQ.jpeg,True,1014,1009,JPEG,1a2a65a7b8a7a7ec12205db043c7d2d8c99370bc16fc8277541b559cb80a94df,,False,,,,,
meme_009947,ukr,data/raw/ukr/1LumPw3lz5692oxnvd8Cn_wJE3eM6Dw8e.jpeg,1LumPw3lz5692oxnvd8Cn_wJE3eM6Dw8e.jpeg,True,640,853,JPEG,5d670ed340d7836ea1e0995ecf2860ce9c114954e59bdf8f6f6ce1e694d94d9c,,False,,,,,
meme_002088,rus,data/raw/rus/2877.jpg,2877.jpg,True,564,577,JPEG,c99c2c14598896bc654bcb80c1360803c31da4053c22601d4504644473aa144c,,False,,,,,
meme_014706,ukr,data/raw/ukr/1pwJyyv82skLAgLv26PCxrDSuSXKgehx_.jpeg,1pwJyyv82skLAgLv26PCxrDSuSXKgehx_.jpeg,True,1600,1600,JPEG,341400a8e6490381a9b923d6f89b7c1dc969bf9966ecfc4fbeee03425a58eb45,,False,,,,,
meme_012278,ukr,data/raw/ukr/1aQ0OsodizFCd1UptTt9y-GpWfmfeG6kg.jpeg,1aQ0OsodizFCd1UptTt9y-GpWfmfeG6kg.jpeg,True,960,627,JPEG,ad16b3bbfe3a71d5e92b3c76735726327c123bf8b91f359defa231ab428f09ca,,False,,,,,
meme_010288,ukr,data/raw/ukr/1O7xs4r7Gij8_ASk6pa71vF1tiMhc94gO.jpeg,1O7xs4r7Gij8_ASk6pa71vF1tiMhc94gO.jpeg,True,900,500,JPEG,43539d24de8d0167e3b88992bc21ed8bd806ca9147829b844e2747920ed10152,,False,,,,,
meme_011700,ukr,data/raw/ukr/1XcWy_EnrDIhtcFOPVUnlslg3YD6rL3km.jpeg,1XcWy_EnrDIhtcFOPVUnlslg3YD6rL3km.jpeg,True,600,400,JPEG,2df3473d3f08e73f83c26dd716320ac67cc36651afcdc7095f8aa4b371b04cb8,,False,,,,,
meme_006463,rus,data/raw/rus/959.jpg,959.jpg,True,736,573,JPEG,67376b25fd0bd7b93e5631f5283d7313826a0faf7d431d1e4d84c3239b777c2c,,False,,,,,
meme_002335,rus,data/raw/rus/3099.jpg,3099.jpg,True,604,445,JPEG,ac85d7b2c510713d94809f259cebb535cabac549c67a7dd42b95d29ec6e4e976,,False,,,,,
meme_014729,ukr,data/raw/ukr/1q8h9AHAUGLjwgugCW4aZWkZIW-UcPZla.jpeg,1q8h9AHAUGLjwgugCW4aZWkZIW-UcPZla.jpeg,True,654,492,JPEG,33e05f5d345d182f1409fce5fe19d505675be678653ec2e8f6c6c337b95e8f5c,,False,,,,,
meme_002496,rus,data/raw/rus/3243.jpg,3243.jpg,True,777,799,JPEG,205f9891f3dd25e19d0f0346bde5556e575c8c2df484ecd2d18a876108d3489c,,False,,,,,
meme_005166,rus,data/raw/rus/5647.jpg,5647.jpg,True,649,673,JPEG,a93ee8d234a1cd5c31d53d9f19a58f255b1195711971e56fdb572a46872d480e,,False,,,,,
meme_006085,rus,data/raw/rus/6474.jpg,6474.jpg,True,604,604,JPEG,a85fadb821ea50e9c0cbbd2391dcbdb1154e3c43d890445a653663ec0ef5ac2e,,False,,,,,
meme_014754,ukr,data/raw/ukr/1qLWjNAw2n5NedfVKyIFAN8cYqI00GQnJ.jpeg,1qLWjNAw2n5NedfVKyIFAN8cYqI00GQnJ.jpeg,True,1006,1280,JPEG,441440dfa592f3663ac90570f585e1e246b2b05dad2d579c72cfc69c7248d33d,,False,,,,,
meme_008949,ukr,data/raw/ukr/1FJuDhJLx4rBh4lJMZj_vpzzWXuuoDRLk.jpeg,1FJuDhJLx4rBh4lJMZj_vpzzWXuuoDRLk.jpeg,True,395,247,JPEG,6845b706727cd3b8d3815441c2b0e404e25006dc1897a8a3381756ceb20870c8,,False,,,,,
meme_004448,rus,data/raw/rus/500.jpg,500.jpg,True,509,490,JPEG,b6d8ff74c225e916c6aea7801df4e6b85389944c0b4f25c451c7e0fe4b6ea391,,False,,,,,
meme_009297,ukr,data/raw/ukr/1H_F0SeEHRCk3ibDpINyTu-czePyj9ah4.jpeg,1H_F0SeEHRCk3ibDpINyTu-czePyj9ah4.jpeg,True,1074,1280,JPEG,291327003714b6360628377ee87274525daa2dec79fda0203dc4a2114a60d015,,False,,,,,
meme_012487,ukr,data/raw/ukr/1biMIEOScY6V6qPxMj-N4CS_fVDX52Jd_.jpeg,1biMIEOScY6V6qPxMj-N4CS_fVDX52Jd_.jpeg,True,640,640,JPEG,cf11b2040515c58d06b8a09d6e46041de958ab7aa83319ac670a83f70ccc38fb,,False,,,,,
meme_014139,ukr,data/raw/ukr/1m2Xfx55IRNNfKzp7xfynd-jhOZOw-r3y.jpeg,1m2Xfx55IRNNfKzp7xfynd-jhOZOw-r3y.jpeg,True,720,1280,JPEG,ed33eff67cd4d6cbe1c3243a05448eba2b8675c4a34d0c5d63e0cab6b2a41a4f,,False,,,,,
meme_001255,rus,data/raw/rus/2126.jpg,2126.jpg,True,1279,951,JPEG,039e61f1698d9e1a8337b5196bd94a3c5f472defd317dca99cd57ca163a70e99,,False,,,,,
meme_002814,rus,data/raw/rus/353.jpg,353.jpg,True,956,1280,JPEG,8d13ed668f9be243036a2ff978b3625d3cdffe8f8bcbc669b8bb4017d0035c80,,False,,,,,
meme_008118,ukr,data/raw/ukr/19tP9YcvKzWhqyg5hrWwbVY-9s-Nwq_3Z.png,19tP9YcvKzWhqyg5hrWwbVY-9s-Nwq_3Z.png,True,680,527,PNG,ed8faee18643560c723436ee24190598126b4c439e17286a77cffb7ab9746639,,False,,,,,
meme_010369,ukr,data/raw/ukr/1Oh2Dv54hlkegSee74KFL8X1ba7ialJbS.jpeg,1Oh2Dv54hlkegSee74KFL8X1ba7ialJbS.jpeg,True,720,403,JPEG,588ac41939c0d19288685395e79d23bb4d0ad5c9383083b66f25e0cc09bfcd5c,,False,,,,,
meme_006598,ukr,data/raw/ukr/1-mJmBDl8x91Uuj0jtScOfsXxuP4wNypY.jpeg,1-mJmBDl8x91Uuj0jtScOfsXxuP4wNypY.jpeg,True,1280,823,JPEG,421791f3de87bd9fa5b0a576530a60623d2e33b011aa81f8a6bdbd58f8394372,,False,,,,,
meme_013277,ukr,data/raw/ukr/1gWSEz2NghtzDeRvxS5dsBW2yqExQhONN.jpeg,1gWSEz2NghtzDeRvxS5dsBW2yqExQhONN.jpeg,True,1279,1279,JPEG,e0c2590955c20434ad2beafc2ff47e7ee46dff0752ec2e640839c57ae2de02d1,,False,,,,,
meme_014834,ukr,data/raw/ukr/1qtoOwsKTTfH5XrQRJ4RnijN3gWT_eMkp.jpeg,1qtoOwsKTTfH5XrQRJ4RnijN3gWT_eMkp.jpeg,True,1067,734,JPEG,2e36e99ac0c8fcf7a83354bee37db3568e1485cb74f233da25f7072bc207a29a,,False,,,,,
meme_007304,ukr,data/raw/ukr/14KfTNHcvRjXnks9DK4qrVTakWz2NbGqt.jpeg,14KfTNHcvRjXnks9DK4qrVTakWz2NbGqt.jpeg,True,683,960,JPEG,458ad6805e6888e3fe089ad2c9840d8bc7214f11563f6ebdea004e57977d8cf4,,False,,,,,
meme_006339,rus,data/raw/rus/847.jpg,847.jpg,True,800,776,JPEG,dfadfcd97cc82b7d56fbe10b63fda590bfbcfc45fb6b18d0de32408704845e8d,,False,,,,,
meme_012503,ukr,data/raw/ukr/1bn-ypA4mQE_AgYcPt681AMCq9brK7w4i.jpeg,1bn-ypA4mQE_AgYcPt681AMCq9brK7w4i.jpeg,True,480,344,JPEG,053798abc96dffedaa2f1bbe995f4b558fb7b717bf8ce17d8e25b7a2718671fe,,False,,,,,
meme_015367,ukr,data/raw/ukr/1uDws9A8g83pMFMjrAd2cc8bp-AVq6pkS.jpeg,1uDws9A8g83pMFMjrAd2cc8bp-AVq6pkS.jpeg,True,300,206,JPEG,5a2c220dcff83402df29110c6e8bf22dca3b637cc87651392b7eb51417e43ccf,,False,,,,,
meme_012393,ukr,data/raw/ukr/1bAXRCL_eOWB86sUcTHmhUjMRlNLsRfLP.jpeg,1bAXRCL_eOWB86sUcTHmhUjMRlNLsRfLP.jpeg,True,360,360,JPEG,5b405ccda109b459e9fa5928c92c8a00473c935483dc11c7be87d9b3e6c6f46c,,False,,,,,
meme_011673,ukr,data/raw/ukr/1XRFSBPTt8574TfXCO25PMG23_1se3lLi.jpeg,1XRFSBPTt8574TfXCO25PMG23_1se3lLi.jpeg,True,1038,1280,JPEG,7d609d17bd7e2a6aa8c6403342199ad8dbeffaf7cff54d47ce4e432c1251ee64,,False,,,,,
meme_014022,ukr,data/raw/ukr/1lKjbZ-n5NAcCsWm6rk9v22sbAhZ0ytdx.jpeg,1lKjbZ-n5NAcCsWm6rk9v22sbAhZ0ytdx.jpeg,True,766,1199,JPEG,9b1733271dbffb685af516062d1d8906ef6a58ead9c506b7ddb1b7e4735256b0,,False,,,,,
meme_004098,rus,data/raw/rus/4686.jpg,4686.jpg,True,900,878,JPEG,2f92ecdcfd4bab93a7336364fe5e46c2c879b074dda51dc68cbf2955ed0bb4ba,,False,,,,,
meme_003785,rus,data/raw/rus/4403.jpg,4403.jpg,True,735,446,JPEG,f9046861d015de1fe07948737d98abfd6a281c895f8ffd99a750db44cce27c3b,,False,,,,,
meme_011605,ukr,data/raw/ukr/1WuK-mbPFEdhKPm2hlOU_8ThgKiqYBZD0.jpeg,1WuK-mbPFEdhKPm2hlOU_8ThgKiqYBZD0.jpeg,True,904,1280,JPEG,07d9cca3acc678a947123539a18e1c83c4c7446e652d53bc990b2ed361d773ef,,True,,,,,
meme_005251,rus,data/raw/rus/5723.jpg,5723.jpg,True,1242,1005,JPEG,78bebd1986953eb56a47153ef329d403db8745b4d8a74ac1cc92c2e1e4c22d57,,False,,,,,
meme_014478,ukr,data/raw/ukr/1oP6A6JYfJUYJwxQAEh31obaeoBza5ZfA.jpeg,1oP6A6JYfJUYJwxQAEh31obaeoBza5ZfA.jpeg,True,1080,1080,JPEG,d16b6586ddab4e498df40e3cdd02ad325d263e897ce7009122020df4c0d80c12,,False,,,,,
meme_006393,rus,data/raw/rus/896.jpg,896.jpg,True,1280,720,JPEG,9afe6cd39ec6f2324d942b2182e4e2c419bc00b190ebe0a9b56e93cec79a8481,,False,,,,,
meme_007325,ukr,data/raw/ukr/14TP6jlYuxK4A9N-7Rr0CLWbXQ7C6LxGn.jpeg,14TP6jlYuxK4A9N-7Rr0CLWbXQ7C6LxGn.jpeg,True,905,953,JPEG,96b0e9b8495c013aadf54e0f4226805384b3e7f2cfefb8e493c8095e1c417bfd,,False,,,,,
meme_004439,rus,data/raw/rus/4993.jpg,4993.jpg,True,664,882,JPEG,d6373136ab7b4174e740d5b1ab1d18d14a97f409d7fedce861e692caf03748cc,,False,,,,,
meme_008511,ukr,data/raw/ukr/1CPuV1j9UDUAxCyjBzC1Ozh7JcQFHEJVb.jpeg,1CPuV1j9UDUAxCyjBzC1Ozh7JcQFHEJVb.jpeg,True,769,1000,JPEG,3cb3b92dc517e01fc46f7476fb970c2c665526f43b47f4b9c6ceaf0f0b83b595,,False,,,,,
meme_015178,ukr,data/raw/ukr/1suZLCvqYX9bXwNUHKS5KwqtdeJ-5rD6N.jpeg,1suZLCvqYX9bXwNUHKS5KwqtdeJ-5rD6N.jpeg,True,443,680,JPEG,9e3d57818781d1047784785760780ad17c988117a48251768b152ce15fc625a4,,False,,,,,
meme_006419,rus,data/raw/rus/919.jpg,919.jpg,True,534,661,JPEG,9d438aad038afe7a544265a75c7007235da05d63c36c0211914767589d34375a,,False,,,,,
meme_011574,ukr,data/raw/ukr/1Wkz9TPhGkjFYDHyEJccFO0xDxyz6KguX.jpeg,1Wkz9TPhGkjFYDHyEJccFO0xDxyz6KguX.jpeg,True,592,436,JPEG,b91db89d1a48e3a1f2b4486520619453382925036e38da64205e9393142805ea,,False,,,,,
meme_005810,rus,data/raw/rus/6226.jpg,6226.jpg,True,736,617,JPEG,0a120406760b09abff617e51e7702ea63d05cb8c4513b3db211e3dfa23e26c93,,False,,,,,
meme_007773,ukr,data/raw/ukr/17StSVLGHinxKBmkoux4FaN-QZ26mGfUd.jpeg,17StSVLGHinxKBmkoux4FaN-QZ26mGfUd.jpeg,True,800,800,JPEG,2a7e08f93e01d6baed49b82108a273ff33b7ef83d24eb46f3122d12ebdda9ffd,,False,,,,,
meme_004755,rus,data/raw/rus/5277.jpg,5277.jpg,True,648,800,JPEG,21388c954cbf2743a786f51949047c2503f9ee4ea88d87a5f058b9cb7a946734,,False,,,,,
meme_006452,rus,data/raw/rus/949.jpg,949.jpg,True,981,1196,JPEG,b68313c3e862bf3e965ac02128ff57d4c19dca572738283a6d909c05f499f8e5,,False,,,,,
meme_002035,rus,data/raw/rus/2829.jpg,2829.jpg,True,646,800,JPEG,957849c89ed244d6870952c88e930a66237812422c1b787154e0be30a6844172,,False,,,,,
meme_015531,ukr,data/raw/ukr/1vBe2gVELJ6XSWDVI03QKFvYlGF_rgh9f.jpeg,1vBe2gVELJ6XSWDVI03QKFvYlGF_rgh9f.jpeg,True,456,325,JPEG,9871fee5d4501a83bff8fad023cfdbe1b70dbef351ce72b0d738c255c7289d44,,False,,,,,
meme_011573,ukr,data/raw/ukr/1WkoXH5aCeDiF-7awCVXbwxO0PMhOtT5U.jpeg,1WkoXH5aCeDiF-7awCVXbwxO0PMhOtT5U.jpeg,True,655,752,JPEG,8ad73e55a2f2ba6f07392cf4eecfe3675b5978021c880660221b1f2f83ba14b6,,False,,,,,
meme_013107,ukr,data/raw/ukr/1f_waGe9-SiABGkot-FZH7T696lf-jywI.jpeg,1f_waGe9-SiABGkot-FZH7T696lf-jywI.jpeg,True,720,633,JPEG,b51d4667c4d23d71d6ebea6e93fb2f663ed8da07605fb165b619da129f3d2e85,,True,,,,,
meme_011378,ukr,data/raw/ukr/1VTTlSfPFSX8rkTBiOpplnyyRHi7JKyev.jpeg,1VTTlSfPFSX8rkTBiOpplnyyRHi7JKyev.jpeg,True,679,661,JPEG,06f4cb9e6fe809b275218a48a70e57e0c81c2215df7eab68bc2a15b59831ba0a,,False,,,,,
meme_009058,ukr,data/raw/ukr/1G0ZFpTZg2-RrcLlxttbVOvY_MwwLVJe2.png,1G0ZFpTZg2-RrcLlxttbVOvY_MwwLVJe2.png,True,640,789,PNG,1a8608880fd6848669c738997dbb3c95f5b00a71ef4e7135b3ad61ded863d62e,,False,,,,,
meme_011083,ukr,data/raw/ukr/1TVtavYVnDrQm8Nuvf_l7D4xp9tANQNws.jpeg,1TVtavYVnDrQm8Nuvf_l7D4xp9tANQNws.jpeg,True,549,743,JPEG,f358a3182bdbd9aaaf16bc36ea8bc1ea7f5842a6b419117da2f266265a0cad1c,,False,,,,,
meme_015986,ukr,data/raw/ukr/1yGRRPJ7pVVO8U9eLyNg_7dbkutnpN9rN.jpeg,1yGRRPJ7pVVO8U9eLyNg_7dbkutnpN9rN.jpeg,True,1280,1278,JPEG,58ecafa37e30bb9a87d34e54f2b1bf5c262a7448a56c0a08f22c37b20909a2b9,,False,,,,,
meme_013188,ukr,data/raw/ukr/1fyZZBg_pvXP5Qm0TakvyrxrL7INVg0He.jpeg,1fyZZBg_pvXP5Qm0TakvyrxrL7INVg0He.jpeg,True,1080,1080,JPEG,41c4838165870750bfa6be8ce6f8bb3928c3b0736a0bcc43ad0f9107bce82507,,False,,,,,
meme_000386,rus,data/raw/rus/1344.jpg,1344.jpg,True,700,778,JPEG,1fe6eab2e1b4d85432d6208dfcf344a05ab09bf0390eda7c74f687471c257ca4,,False,,,,,
meme_009038,ukr,data/raw/ukr/1FwKuVT3jP_utI-z8uGR8z3uoVplNb7N2.jpeg,1FwKuVT3jP_utI-z8uGR8z3uoVplNb7N2.jpeg,True,865,1280,JPEG,f2851fd090d6d51b5133f07669556c97b8031fe371a86fddbc0d740f0f7d495f,,False,,,,,
meme_008455,ukr,data/raw/ukr/1C4s4uH7i6rnQulkluwY9_EwDxjhQGNe1.jpeg,1C4s4uH7i6rnQulkluwY9_EwDxjhQGNe1.jpeg,True,720,702,JPEG,ff4639a732cb7188d56194b1023582031f54238dabc50c21de14d87d43656a33,,False,,,,,
meme_014846,ukr,data/raw/ukr/1qz3lPVDp9f8qCXNxWerNcGpoLpUOF5Zh.jpeg,1qz3lPVDp9f8qCXNxWerNcGpoLpUOF5Zh.jpeg,True,1242,943,JPEG,f9ac8fa00a66e8f6fd20057a800c2e459c8ee2a94e12ada8623308e2f37cccae,,False,,,,,
meme_008890,ukr,data/raw/ukr/1EwVRWkFyr_-Xt_a_51ayBhAUkwMFD3bW.jpeg,1EwVRWkFyr_-Xt_a_51ayBhAUkwMFD3bW.jpeg,True,995,1271,JPEG,30779bcd882b802468af7155540e1cb085d4123e8368867d5091d0e1dcf8a961,,False,,,,,
meme_000312,rus,data/raw/rus/1278.jpg,1278.jpg,True,979,724,JPEG,e575969810592ba3602d5f54d3166c9f4358d8c6fca724143bb35d12a3733d5c,,False,,,,,
meme_014829,ukr,data/raw/ukr/1qreoVDTtItH5RgfmYt6rimUEXPVeB7Nh.jpeg,1qreoVDTtItH5RgfmYt6rimUEXPVeB7Nh.jpeg,True,645,464,JPEG,444fae271c3d7681cbe2c46868c85a7ead6cecda74508cb543fa4c5d8de1d904,,False,,,,,
meme_008566,ukr,data/raw/ukr/1Cq8MWrUfMzAV1LVFbc1KJwB5527Oyinw.jpeg,1Cq8MWrUfMzAV1LVFbc1KJwB5527Oyinw.jpeg,True,526,394,JPEG,a4bc99f741042327aa2de4a350bb7a0eeb1cef93af84051ca66147e685f3faa6,,False,,,,,
meme_009051,ukr,data/raw/ukr/1FznG_LT7MXnUONU8yMp2BGzOAcLRvid6.jpeg,1FznG_LT7MXnUONU8yMp2BGzOAcLRvid6.jpeg,True,720,480,JPEG,e19b5657432bb0a5711b38940897cc0f42f6d3f1efc11f4189aba2f5a91e367d,,False,,,,,
meme_003669,rus,data/raw/rus/43.jpg,43.jpg,True,446,563,JPEG,6d76923b31a91838f6988e9a947cfed2f6e1121a8354ccc475321d7a5a43fc29,,False,,,,,
meme_008780,ukr,data/raw/ukr/1EFAbvTWUL8m_Pm0jXoho1chTHAOPxKYF.jpeg,1EFAbvTWUL8m_Pm0jXoho1chTHAOPxKYF.jpeg,True,680,456,JPEG,9596c7d256a6c24f29a6de7b74785592ac85d77ee33ec90e34222ffa5ec7cd10,,False,,,,,
meme_002349,rus,data/raw/rus/3110.jpg,3110.jpg,True,398,1280,JPEG,884b5b8716835ba8628bd155030737ebeb8b802542c7ff797a7b8cf49258304e,,False,,,,,
meme_008453,ukr,data/raw/ukr/1C3e6UieLsrEq-HnM458FcpGgNqrpvqxH.jpeg,1C3e6UieLsrEq-HnM458FcpGgNqrpvqxH.jpeg,True,1016,1280,JPEG,ac1cd1cd0316dfa7073dbff177b3e199bbc5e6562447b652b772624ca63ed61d,,False,,,,,
meme_013983,ukr,data/raw/ukr/1l10UUDWftINm_sobhqLrSYVL8oMpLwWm.jpeg,1l10UUDWftINm_sobhqLrSYVL8oMpLwWm.jpeg,True,1080,1073,JPEG,3c283abd4014301b3d15a749c5972cec8a56d99203b2350c659928c96833e990,,False,,,,,
meme_014993,ukr,data/raw/ukr/1rn6qXNlr_W7s5xLmY2VzBGi8CwbM59GE.jpeg,1rn6qXNlr_W7s5xLmY2VzBGi8CwbM59GE.jpeg,True,941,1280,JPEG,6775ecacbf7e7445cd518f1b82eace075643519508277984861edb5dc3c0fc18,,False,,,,,
meme_005378,rus,data/raw/rus/5838.jpg,5838.jpg,True,1080,1070,JPEG,0b7daf3b29f7c5f1e2ff33dd1b27f09a603dbf2b5b38b272d92fcb75ca1e6dc1,,False,,,,,
meme_005788,rus,data/raw/rus/6206.jpg,6206.jpg,True,1064,1019,JPEG,cbd3f3de113682c561bf202b6e2d8f446a5cd722d5c7bfcb736a749dc443acdf,,False,,,,,
meme_009153,ukr,data/raw/ukr/1GiBYOtOVwzYqbI7wMz06tSQAQR1B8s1S.jpeg,1GiBYOtOVwzYqbI7wMz06tSQAQR1B8s1S.jpeg,True,1280,758,JPEG,f8c7abfccd6738ed95538e28d04997a7e0e31a83e275d17d42479239b7cf10bf,,False,,,,,
meme_001054,rus,data/raw/rus/1946.jpg,1946.jpg,True,757,800,JPEG,5bca8d833fb1592f14323f415644b414f71201e15df4326f9c34f6e7fcad2120,,False,,,,,
meme_015289,ukr,data/raw/ukr/1th9OtRGxfrMBpdjhwM1sOim8OejyuQc2.jpeg,1th9OtRGxfrMBpdjhwM1sOim8OejyuQc2.jpeg,True,990,1022,JPEG,fe4862399f540356da90e1130591aed7e522e5a0593f2f57c1492d1d92af7229,,False,,,,,
meme_007554,ukr,data/raw/ukr/160WIwoqc7lte4A3k7DjvRVpBOpUEQM4_.jpeg,160WIwoqc7lte4A3k7DjvRVpBOpUEQM4_.jpeg,True,911,1279,JPEG,6e5a955466a332b1326a7cca799ae12aca6c6dae66ea1111f64aaae49aa1bece,,False,,,,,
meme_010241,ukr,data/raw/ukr/1NlmPlYvDt4MiVYG0sD9w_5Hr_YSZHsr7.jpeg,1NlmPlYvDt4MiVYG0sD9w_5Hr_YSZHsr7.jpeg,True,676,613,JPEG,523be3170856b12ab0724f4225662ad8ceb1e3ba5aff165eed4796d98b4ccd60,,False,,,,,
meme_008254,ukr,data/raw/ukr/1AhZli-wIjT-WkcWwO5F-iPtL-7jy0I6g.jpeg,1AhZli-wIjT-WkcWwO5F-iPtL-7jy0I6g.jpeg,True,822,1279,JPEG,5aba68bb26fdc8106424577146a9f255cfac682b25fdffb96fdffc69cb988222,,False,,,,,
meme_003099,rus,data/raw/rus/3787.jpg,3787.jpg,True,1280,1197,JPEG,8e1835d681861451da587aeed86724fd10e34d5907a86c72463b0f2c09bc4042,,False,,,,,
meme_007772,ukr,data/raw/ukr/17ST2szUOMGa9ZDoF3RGNGQzQDKANDRkY.jpeg,17ST2szUOMGa9ZDoF3RGNGQzQDKANDRkY.jpeg,True,1279,1279,JPEG,564858f1f0a76357770ce57a6686d34b83bc32bc251f8709bc27c82235c2a67e,,False,,,,,
meme_007880,ukr,data/raw/ukr/186JMclynUjpxkYlS6z9OlhJVJBHhtqxS.jpeg,186JMclynUjpxkYlS6z9OlhJVJBHhtqxS.jpeg,True,945,868,JPEG,bfb02b8dc0bcc0891f3173b26c2d55c28d9b8e57a26a03d7ffcf125610aaef6d,,False,,,,,
meme_015933,ukr,data/raw/ukr/1xvBVOgnYGnlsgEaqYizIF8h6aZUmENnk.jpeg,1xvBVOgnYGnlsgEaqYizIF8h6aZUmENnk.jpeg,True,679,328,JPEG,4f5897f46b48f74d9a50c34c3eba822fb91c17dce5675870eea27ab088688d9a,,False,,,,,
meme_005509,rus,data/raw/rus/5956.jpg,5956.jpg,True,700,788,JPEG,2f5b9b6eba3593d2cd7e18975957661e0dbd9f2e717b62235c2279db319dd96a,,False,,,,,
meme_014146,ukr,data/raw/ukr/1m4nHutg4V4uxoiirIJf3hKwDFmvs6qmN.jpeg,1m4nHutg4V4uxoiirIJf3hKwDFmvs6qmN.jpeg,True,680,482,JPEG,efde4143057dc09df1470e7f83b1772ecd12b1786fac67d1770b58217e00be06,,False,,,,,
meme_006713,ukr,data/raw/ukr/10XuAAjZZrYsQuJmJSUzFfHlidlrpi8e7.jpeg,10XuAAjZZrYsQuJmJSUzFfHlidlrpi8e7.jpeg,True,591,520,JPEG,7fdbdeb34e3f401463ab994a929fbf56fda4993100df7da01a6f21cda9239ae7,,False,,,,,
meme_001644,rus,data/raw/rus/2477.jpg,2477.jpg,True,1000,854,JPEG,4862f8f6ed41d35fa8a835eaece2fb606d1c73d78f7cdc37dc8c1e010200086d,,False,,,,,
meme_004903,rus,data/raw/rus/541.jpg,541.jpg,True,925,1080,JPEG,c36ee6b1b59ea7d4b3aaca0574d6719b55cffabf7865708d600ba54959386167,,False,,,,,
meme_002519,rus,data/raw/rus/3264.jpg,3264.jpg,True,960,631,JPEG,2901563b0a0319ba4581f95639c78bb09f5b04d096b5806237089e32a790f02f,,False,,,,,
meme_009743,ukr,data/raw/ukr/1KgdSZAsmya3U1f8MaR-9ZCucEEjbp3-p.jpeg,1KgdSZAsmya3U1f8MaR-9ZCucEEjbp3-p.jpeg,True,818,1080,JPEG,0bb5da0323d4ad34cf0808929afd2eb96d71a7ddb54453352b8a9252c0946874,,False,,,,,
meme_003801,rus,data/raw/rus/4418.jpg,4418.jpg,True,530,502,JPEG,643bce9eb8f8b3b27d92e75b67729a0decc0b4c84fe8281e680f1a00ff78b8fa,,False,,,,,
meme_011071,ukr,data/raw/ukr/1TSE_T55Ps0bdcwpCR8t2qwMv8N1dBoI2.jpeg,1TSE_T55Ps0bdcwpCR8t2qwMv8N1dBoI2.jpeg,True,800,1100,JPEG,389c530ef9f61ae3fd7153d718d1984e8ac78ecbe46fc7d114ae9f413b3503c5,,False,,,,,
meme_002938,rus,data/raw/rus/3641.jpg,3641.jpg,True,1280,1121,JPEG,60ae8bf88be69721cd40e17f7096cb2a73ab9977c2c9571fa960620b98f045ed,,False,,,,,
meme_000354,rus,data/raw/rus/1315.jpg,1315.jpg,True,800,675,JPEG,9084197f43704d99da3d0c46478f539fc8bf3c02418d1eeb62259677eda8cc99,,False,,,,,
meme_005787,rus,data/raw/rus/6205.jpg,6205.jpg,True,537,720,JPEG,0754dbe475793292e5c1640bbda98dda686449e7a943185164639aee352553f5,,False,,,,,
meme_012570,ukr,data/raw/ukr/1cDeEXRNTBqo_0Edj-y2_d3s-ylyuRnNq.jpeg,1cDeEXRNTBqo_0Edj-y2_d3s-ylyuRnNq.jpeg,True,1035,859,JPEG,9ce734b58d03cb4f5f5fecb6281e63d0465504cea4eff83737c49ab95ded02ce,,False,,,,,
meme_010485,ukr,data/raw/ukr/1PUfN5POGLGo4BgUaSucJdJRK31n6JUrF.webp,1PUfN5POGLGo4BgUaSucJdJRK31n6JUrF.webp,True,512,326,WEBP,d5dde7fc01fb8f5a2cbe7932e8ad5f7238fe18a7207288e1e4426d666b9a032d,,False,,,,,
meme_011210,ukr,data/raw/ukr/1UNSCjGP7QBNOsq9kvVFNCAa6MFrOjih7.png,1UNSCjGP7QBNOsq9kvVFNCAa6MFrOjih7.png,True,750,785,PNG,6ce9c5454f4ac1796afc14088c2c470173e60896556cf1e4c8e77dcd61e1a290,,False,,,,,
meme_011369,ukr,data/raw/ukr/1VNJCuKtFw1EtFp0ND5v9-0P4UVuPlJlH.jpeg,1VNJCuKtFw1EtFp0ND5v9-0P4UVuPlJlH.jpeg,True,627,439,JPEG,6926f17c75eae9ece59a6cef5458045a4aef2c39a47c59370ef37975390d9d8d,,False,,,,,
meme_012000,ukr,data/raw/ukr/1ZTz-bhdLWIo8CtCqNlQkKieE3nS4XH_8.jpeg,1ZTz-bhdLWIo8CtCqNlQkKieE3nS4XH_8.jpeg,True,1200,672,JPEG,75387bc39df6b1c14611f9d85f52b7a94a8d6f09fa387f0c5d9250ad6b3e1ba6,,False,,,,,
meme_015032,ukr,data/raw/ukr/1rzAigR3HgAZIX5-2fASIFu20nCsus_z2.jpeg,1rzAigR3HgAZIX5-2fASIFu20nCsus_z2.jpeg,True,637,321,JPEG,3b6f03b38d2071efbdcb4a2a02ffe3a96632f57aa65ebc497b189ac19248ceef,,False,,,,,
meme_008145,ukr,data/raw/ukr/1A1yn3mxwZyBxNaOIb8lgx11t-ME6k3dl.jpeg,1A1yn3mxwZyBxNaOIb8lgx11t-ME6k3dl.jpeg,True,489,600,JPEG,10a6c716776babadbfc4c7eade7e4300d1ed8f24bf88ede475e37d8a74df4b8f,,False,,,,,
meme_010190,ukr,data/raw/ukr/1NRUeJOcusyu0AFOmKrjg7Ohmc56XT-hj.jpeg,1NRUeJOcusyu0AFOmKrjg7Ohmc56XT-hj.jpeg,True,1080,812,JPEG,1a3115496329bc1bb8703b6066675c70716563f163029a9051323ee20aa15416,,False,,,,,
meme_010306,ukr,data/raw/ukr/1OI2JHHcj4h3oLmjvXygp63KXKTk4TVRT.jpeg,1OI2JHHcj4h3oLmjvXygp63KXKTk4TVRT.jpeg,True,720,1280,JPEG,46da76ba708414025a1a4a62a3d0396db6a1c463874669a7218bb9015a09597d,,False,,,,,
meme_004076,rus,data/raw/rus/4666.jpg,4666.jpg,True,328,424,JPEG,7b6138ad63083a7b278317c884ea585cbf654308074fe6a1c68ea3cecbf1af06,,False,,,,,
meme_013817,ukr,data/raw/ukr/1jya1iSkgijmDiSVaGjLVkhV9ZXO3L_3u.jpeg,1jya1iSkgijmDiSVaGjLVkhV9ZXO3L_3u.jpeg,True,906,918,JPEG,98fbd2d9356d4a87a07cbbbddc7cf95afd21b312343f6c3e3adca6b775e33975,,False,,,,,
meme_005900,rus,data/raw/rus/6307.jpg,6307.jpg,True,598,596,JPEG,8febc49e8b0cb385a875ed83e2f634c7f5ea227ec4c1482048102d7cf927336a,,False,,,,,
meme_009955,ukr,data/raw/ukr/1LznQU7d_H1cso5gld_KwcxZythIfc8Yu.jpeg,1LznQU7d_H1cso5gld_KwcxZythIfc8Yu.jpeg,True,700,696,JPEG,1b2e0448f4ebdd4ba0e99a9ef29547b92f9f201aac1c24625630ea2aeea09cff,,False,,,,,
meme_000015,rus,data/raw/rus/101.jpg,101.jpg,True,1280,1141,JPEG,1be4f6a01450c7280643f52cf8656d342df46c2db35a5cce7bd1209360e52210,,False,,,,,
meme_015274,ukr,data/raw/ukr/1tZpXgTRqZa780jl5iM0wjsL-t1COqCDv.jpeg,1tZpXgTRqZa780jl5iM0wjsL-t1COqCDv.jpeg,True,900,716,JPEG,c33872a9990437b086e364ccd5281ca9bea3a2b2ed1260421670138ef81c78c4,,False,,,,,
meme_001863,rus,data/raw/rus/2674.jpg,2674.jpg,True,800,800,JPEG,d1640b5b5f7bdaf7bdefa992c917741b37446ebbca1ee413cad46945dcb787b8,,False,,,,,
meme_003551,rus,data/raw/rus/4193.jpg,4193.jpg,True,593,800,JPEG,270a07d67753f42898b6f071d831724998d74537a12bb55ff194555a04b2da04,,False,,,,,
meme_000534,rus,data/raw/rus/1478.jpg,1478.jpg,True,800,465,JPEG,6e000adfc6be3843caecc1359e068ebe45f3684514840ec966daeab9001c4038,,False,,,,,
meme_014035,ukr,data/raw/ukr/1lRkXyRM4Gadd4d4HM16ng1n6cKL28e7S.jpeg,1lRkXyRM4Gadd4d4HM16ng1n6cKL28e7S.jpeg,True,765,1080,JPEG,564365025aad28cc62bb9125fd80caec299b78917dd335f6cb16d8434aa45574,,False,,,,,
meme_006522,ukr,data/raw/ukr/1-B0gCQYu1bkkKp8SaT-m8Ekg3Vbypd2g.jpeg,1-B0gCQYu1bkkKp8SaT-m8Ekg3Vbypd2g.jpeg,True,792,960,JPEG,26dd33672712b59df2ab0b36f7f244b5a877dc6034124c2f3588437efab463da,,False,,,,,
meme_012829,ukr,data/raw/ukr/1dldkyFH0NXvUiHxA7uM_CkyrHghzTNER.jpeg,1dldkyFH0NXvUiHxA7uM_CkyrHghzTNER.jpeg,True,1080,776,JPEG,252ef194a11c16600add71095fe29638b3ae21c5a88d4f7cdedd87c0a243d067,,False,,,,,
meme_005071,rus,data/raw/rus/5561.jpg,5561.jpg,True,960,723,JPEG,d2f65d587b7ff42d7ef0fd8bc82f2a1e1122ac9639b3702d5187a0defbbe9ae4,,False,,,,,
meme_006211,rus,data/raw/rus/731.jpg,731.jpg,True,502,545,JPEG,dbea48f14f056290769697f0d89a7686bae7a0eae6d94dc1c1b90fc1e69efc3d,,False,,,,,
meme_003533,rus,data/raw/rus/4177.jpg,4177.jpg,True,800,719,JPEG,05d68d07449d55a6f2e550410b1d3df43c3c00a3d698da63dab8e75961d5385f,,False,,,,,
meme_001480,rus,data/raw/rus/2329.jpg,2329.jpg,True,615,800,JPEG,2353ff71a49f03bf7d5fdff60bc2f1cbce7122e3dd98fe1eadb245b6f7a0d4fd,,False,,,,,
meme_007582,ukr,data/raw/ukr/16BtucNEn4ZYHTwkoMPEgZjOyBdGnFopj.jpeg,16BtucNEn4ZYHTwkoMPEgZjOyBdGnFopj.jpeg,True,1062,1280,JPEG,598064a90b0b05aa564a8f9b99fa26566983de5f49ade3e5a4421b41d5a47418,,False,,,,,
meme_013080,ukr,data/raw/ukr/1fR0OnczNzgCxad1EWfyd7P4HwQqja_pg.jpeg,1fR0OnczNzgCxad1EWfyd7P4HwQqja_pg.jpeg,True,1280,1047,JPEG,83794ff7abdab74a3020f8b69779b05cd0367f71adafb90ab47ab3ad084653e9,,False,,,,,
meme_004289,rus,data/raw/rus/4858.jpg,4858.jpg,True,600,553,JPEG,70067a9b9dcbaed28d353b480fd92adc6f36ebc1ffd1cdbf99811b63a9174b1f,,False,,,,,
meme_009295,ukr,data/raw/ukr/1HZvBYr4UXn-3unGofdXz29pZKDOX79ZD.jpeg,1HZvBYr4UXn-3unGofdXz29pZKDOX79ZD.jpeg,True,944,768,JPEG,d872a2af732e5c98521c3b587759199c57af5c46e116f292bd70ac31f33e854c,,False,,,,,
meme_003981,rus,data/raw/rus/4580.jpg,4580.jpg,True,828,1180,JPEG,60fa3f3db93d820d19e50c7cf0ded462d5dfcd95e959185d1f3133981201b401,,False,,,,,
meme_005130,rus,data/raw/rus/5614.jpg,5614.jpg,True,910,1080,JPEG,a5f91761aa7ebbf10b86f4c0c1c77f8cab9615e6a920cbe33b54d6f0b781f078,,False,,,,,
meme_014116,ukr,data/raw/ukr/1lxcx3NQczrfHzSCgVA5dZEcPvQntuQQo.jpeg,1lxcx3NQczrfHzSCgVA5dZEcPvQntuQQo.jpeg,True,460,482,JPEG,221f7f84ba526145a6c7072fddb74cf0519b41dcd8ddc19eb0821ffe3a064d3a,,False,,,,,
meme_004126,rus,data/raw/rus/4710.jpg,4710.jpg,True,800,767,JPEG,82715cbe55b0b9fa5c9da0a69b570c9fe960a6315aceea4f0314d3cda8149ab4,,False,,,,,
meme_003636,rus,data/raw/rus/427.jpg,427.jpg,True,643,800,JPEG,d928268c73a18c5f0c5772a3373fe74075030d1072ebb2ac0ef17b587fd4650a,,False,,,,,
meme_006283,rus,data/raw/rus/797.jpg,797.jpg,True,828,964,JPEG,cff97a32d0c693972230bbe0427d3936e0ec8b5be3ab73802cb65a3e2cd39285,,False,,,,,
meme_008622,ukr,data/raw/ukr/1DA5ObZQpr_Qb3pWLCN-C7pO8LqUMLL_m.jpeg,1DA5ObZQpr_Qb3pWLCN-C7pO8LqUMLL_m.jpeg,True,780,800,JPEG,89c73c835e19f2e45699830402622ab2957736e9868aea0a04c7542dd03398af,,False,,,,,
meme_000569,rus,data/raw/rus/1509.jpg,1509.jpg,True,1080,1184,JPEG,f952f33a2465ebae8672957787c8aae0852213a5134fdef1290895829ca8c8ff,,False,,,,,
meme_015617,ukr,data/raw/ukr/1vmAqML78ynPKh6vCDlE15D6gD5lZdQ79.jpeg,1vmAqML78ynPKh6vCDlE15D6gD5lZdQ79.jpeg,True,640,504,JPEG,f82da939111885c86fbed9c4881a5644d1decb7825578be37a5a1b8b2150744d,,False,,,,,
meme_003215,rus,data/raw/rus/3891.jpg,3891.jpg,True,567,800,JPEG,b7c73137a3063e945463954623fb201b1d7aa29df9f6762f3eb9d3e4d2af7492,,False,,,,,
meme_000032,rus,data/raw/rus/1025.jpg,1025.jpg,True,1125,1214,JPEG,73edb36204696d9eeaa6ab5846de7bbe13fd7499b1cae3893d00961299d4c535,,False,,,,,
meme_004862,rus,data/raw/rus/5373.jpg,5373.jpg,True,1080,674,JPEG,fd1a6c28d7146a71bcf811419d4605e87d498b13688245dd0be0bc4e0751cc7b,,False,,,,,
meme_000122,rus,data/raw/rus/1106.jpg,1106.jpg,True,627,783,JPEG,8c2f18c7d41df6825cc4bb719a697be12e71082f18f8225124113537d2544e6b,,False,,,,,
meme_003323,rus,data/raw/rus/3989.jpg,3989.jpg,True,656,492,JPEG,15bcfa1ae89002c8e600e26a3686944fa9d27a1d0d4950d9b392c6caf645eb35,,False,,,,,
meme_001612,rus,data/raw/rus/2448.jpg,2448.jpg,True,800,594,JPEG,f4f7e5540a1cc3a2133ab2c79a11346970618a841c21e3ff290c5505799c34e5,,False,,,,,
meme_009069,ukr,data/raw/ukr/1G5IKcLIMNzZA8GebH2Zh2IMJzWYvprDq.jpeg,1G5IKcLIMNzZA8GebH2Zh2IMJzWYvprDq.jpeg,True,451,294,JPEG,e0ffa23a07c6cf69d4554bd0fca358b2c6aace815da3cc6b4dba4f4da2aed032,,False,,,,,
meme_002997,rus,data/raw/rus/3695.jpg,3695.jpg,True,1280,720,JPEG,608d5d03efc5b7ebcb960fe79ad50f45cc9618e9f7a6958d3538da6d8dd856f1,,False,,,,,
meme_002421,rus,data/raw/rus/3176.jpg,3176.jpg,True,1125,1109,JPEG,5e46ff21292ef1f430d1e2c7cc584466c0ae33feb2ead4b1f6d741c98e3fa1af,,False,,,,,
meme_007982,ukr,data/raw/ukr/18llO1NOJQ5_0wS7NGEKkbn9cjGPCap9N.jpeg,18llO1NOJQ5_0wS7NGEKkbn9cjGPCap9N.jpeg,True,912,1280,JPEG,fc655e4662712e18837aadf402f95e2dc225fd99cdb44020e731a1384892fd2f,,False,,,,,
meme_002343,rus,data/raw/rus/3105.jpg,3105.jpg,True,800,371,JPEG,e8fdf24b821ae9915c4982cabf3790fad8c0f3a1b96390daf0e3b5a8414c46dc,,False,,,,,
meme_002436,rus,data/raw/rus/319.jpg,319.jpg,True,320,320,JPEG,b3e437dd0acf0b010983aaadffb733027efc2ff717fe287f16fc4cfb741916cc,,False,,,,,
meme_005682,rus,data/raw/rus/6110.jpg,6110.jpg,True,544,668,JPEG,6f931609b07607bf91391ee2cb779f921bc6906755693c217a69a032acac63dd,,False,,,,,
meme_011963,ukr,data/raw/ukr/1ZFFPD7fl-cPFw5teOJX5G1Qkz0XoP1Fp.jpeg,1ZFFPD7fl-cPFw5teOJX5G1Qkz0XoP1Fp.jpeg,True,1267,1279,JPEG,d9deefd20590df0de0defa7699597a215d04848931984ab2dfd2feda69284b94,,False,,,,,
meme_005334,rus,data/raw/rus/5799.jpg,5799.jpg,True,960,640,JPEG,7c09c93fe77f82d09bdb172e7020b0d687ccb01c94391cf47b4e7e51c825a5b2,,False,,,,,
meme_012635,ukr,data/raw/ukr/1cbXng1kmFpAmPqsORF1cY8NyVLs7QAe-.jpeg,1cbXng1kmFpAmPqsORF1cY8NyVLs7QAe-.jpeg,True,1187,1280,JPEG,f8e9673c9d546da479e17a1238e9fa2290a8760cc762d569a65fa509e603ced9,,False,,,,,
meme_000733,rus,data/raw/rus/1657.jpg,1657.jpg,True,800,800,JPEG,73a8c4229617ae28e80c99d7d96cb8987e0c84229bee5dd5d957f63bde75bc6f,,False,,,,,
meme_012241,ukr,data/raw/ukr/1a9NeD5b41hbMZ96ohJOo_vEI5_5vXhmT.jpeg,1a9NeD5b41hbMZ96ohJOo_vEI5_5vXhmT.jpeg,True,1024,1280,JPEG,1172d2d32a1bbd2f396c11660a79dd089cd6ff0bc92fa06b396794bc09299321,,False,,,,,
meme_006854,ukr,data/raw/ukr/11RUaVxdNA8Xxtc2DOK0md4Ru7NAfJyIc.jpeg,11RUaVxdNA8Xxtc2DOK0md4Ru7NAfJyIc.jpeg,True,1280,1106,JPEG,31f8ba45eb601b65f65ac778a46c7ce0793c82db3283292d8a376cd7ed7f97ca,,False,,,,,
meme_011135,ukr,data/raw/ukr/1TsecyhkwziqJgMKmVzynmlejPHt7mAFe.jpeg,1TsecyhkwziqJgMKmVzynmlejPHt7mAFe.jpeg,True,750,550,JPEG,7f3926a75b45b1c6183da8d96bf5f227523e30462b9789c2740e30e9d574f59c,,False,,,,,
meme_000080,rus,data/raw/rus/1069.jpg,1069.jpg,True,833,1080,JPEG,aa0759b9d3a47ba24904240f733abb69b9bd45430623b933200bc460e56d7804,,False,,,,,
meme_004230,rus,data/raw/rus/4804.jpg,4804.jpg,True,1242,681,JPEG,36e454d9fb2518a7e9e177745a601f9e32b10a31372cac81949674902f19c180,,False,,,,,
meme_002555,rus,data/raw/rus/3297.jpg,3297.jpg,True,570,800,JPEG,c68796a82571649e6b2dffff8f0c94beb401f1b85ba293fb83ebf440a74be485,,False,,,,,
meme_000411,rus,data/raw/rus/1367.jpg,1367.jpg,True,1241,1203,JPEG,19ec333a329069701094b60ff21dea97d0e2809d24921f87a98ffb2fe4d6322c,,False,,,,,
meme_012057,ukr,data/raw/ukr/1ZquFCL-cCWBdrJjFeUe0ITWMlHAvbR2I.jpeg,1ZquFCL-cCWBdrJjFeUe0ITWMlHAvbR2I.jpeg,True,692,791,JPEG,3acfc337bfa966ed4442e07e824c76a7b93a14ad80a8435a2e7cb6e6d44f1e8b,,False,,,,,
meme_010088,ukr,data/raw/ukr/1Mslg4BUqGTNOXZqb17vVSX6JENaN2xI1.png,1Mslg4BUqGTNOXZqb17vVSX6JENaN2xI1.png,True,706,702,PNG,141d4637afb7c8510debf0ce22e5700c231f81142cb35d9dd20dc50f12bb68ab,,False,,,,,
meme_009387,ukr,data/raw/ukr/1IHVVJ4_GQwKCFOLPDr-huTNKW7YzzumY.jpeg,1IHVVJ4_GQwKCFOLPDr-huTNKW7YzzumY.jpeg,True,1024,1280,JPEG,31c9452926c724da2cf722291204b3616de70bf37b3771eebffc103f08a8aa61,,False,,,,,
meme_001085,rus,data/raw/rus/1974.jpg,1974.jpg,True,600,1057,JPEG,7a6f58aa4d7f123ed004c6696414a04f13b4da9884f6afbd6d37468716acb376,,False,,,,,
meme_010892,ukr,data/raw/ukr/1SDWc29_K6OzwXfE4TSj9IKAXHxhZzYBw.jpeg,1SDWc29_K6OzwXfE4TSj9IKAXHxhZzYBw.jpeg,True,453,483,JPEG,e0643ceeb615f51d0a60262ffaa1fedf148e8af4d218c1234863e94e3d453209,,False,,,,,
meme_008098,ukr,data/raw/ukr/19kX5xK-22OVLmKIcW6jtgdrghz_OD_7b.jpeg,19kX5xK-22OVLmKIcW6jtgdrghz_OD_7b.jpeg,True,851,515,JPEG,ba6bc21aaaa23202c7c36a4c2e9d7ae47ef31650293badb959fb85c3ae259eb4,,False,,,,,
meme_009175,ukr,data/raw/ukr/1GpI9qWAq67swCf-UkZoof02HH7h8Dzp-.jpeg,1GpI9qWAq67swCf-UkZoof02HH7h8Dzp-.jpeg,True,984,1280,JPEG,5104b5bb9db44bb9bdc707e0f10d5d2a166b9994ef957386a133257696641a98,,False,,,,,
meme_010144,ukr,data/raw/ukr/1NCIiEJp_TEsHQjrAY3WGKNZ0frVpTLN8.jpeg,1NCIiEJp_TEsHQjrAY3WGKNZ0frVpTLN8.jpeg,True,718,639,JPEG,f7e6faf8ec856d27bcfc9bb46daed59a2207623a195aac373fb9909fb15185eb,,False,,,,,
meme_007255,ukr,data/raw/ukr/14-K5ecfC6VucADsQLyQjUmL7yto85ahb.jpeg,14-K5ecfC6VucADsQLyQjUmL7yto85ahb.jpeg,True,888,900,JPEG,caa78fe700ef301ec4dbb8e4ba0032bb431f9da6980b16420e26dfbdd673fbc5,,False,,,,,
meme_015321,ukr,data/raw/ukr/1u-I4cX8O2kLe37nPlt4dW_sVXNxcXlDu.jpeg,1u-I4cX8O2kLe37nPlt4dW_sVXNxcXlDu.jpeg,True,1280,852,JPEG,35dfcc5c34b8ddbd9e6bc09f012caa3b0169cdabc0de98498e08e5e2b7d20d05,,False,,,,,
meme_016003,ukr,data/raw/ukr/1yP82L_0sUgqx21jeKJxpu5UNJjWVIKka.jpeg,1yP82L_0sUgqx21jeKJxpu5UNJjWVIKka.jpeg,True,1280,1280,JPEG,29f8ac9cafc8838814e7d21f42de5a149d58aff7c35a4c5c16288ab75ab534e7,,False,,,,,
meme_012377,ukr,data/raw/ukr/1b2QKHXy1QK0xXxlojmmhOxzGB_l5i2Vy.jpeg,1b2QKHXy1QK0xXxlojmmhOxzGB_l5i2Vy.jpeg,True,906,701,JPEG,86d889e763e77c863d3dc0d1427919652c9afee76e09e941eee1c7bdaaa59d28,,False,,,,,
meme_003370,rus,data/raw/rus/403.jpg,403.jpg,True,830,1080,JPEG,ffbb5ae72538378e3fe3ca5a8365b9bc7b87903257ea2280c5d6e0051aabe4af,,False,,,,,
meme_013020,ukr,data/raw/ukr/1f7PjTCfgKz8QPwi9m2EU02T1VHY-RpxI.jpeg,1f7PjTCfgKz8QPwi9m2EU02T1VHY-RpxI.jpeg,True,975,1024,JPEG,86f4fab7c39001a30b733fd306ff8996eb69eb9cf900e1d4a9539f31d467dd6e,,False,,,,,
meme_013002,ukr,data/raw/ukr/1f0oMyMspGksF9YUU7rGTtxGN7pYc3FGo.jpeg,1f0oMyMspGksF9YUU7rGTtxGN7pYc3FGo.jpeg,True,1280,1141,JPEG,367b10ce752c3acb31a1687b57a1a271287e493611853748cc488f0eaefd60de,,False,,,,,
meme_004231,rus,data/raw/rus/4805.jpg,4805.jpg,True,960,486,JPEG,70ab3886647e4d370618738d0db8bc37d164dc418af807d6dabb3a271b4b893a,,False,,,,,
meme_005924,rus,data/raw/rus/6329.jpg,6329.jpg,True,769,800,JPEG,d16ed10350541ee476adb02d06912f4d17fccc63350781f1e1d01b7da69a4ca2,,False,,,,,
meme_015028,ukr,data/raw/ukr/1ryCwloeGU5zlW1f9p8yJSWTJD0b5ASYu.jpeg,1ryCwloeGU5zlW1f9p8yJSWTJD0b5ASYu.jpeg,True,1280,719,JPEG,2880c337c25a491a5495315b536e5288df0664660f957d6174280c544879dd96,,False,,,,,
meme_010313,ukr,data/raw/ukr/1OKP5_Rb0P8sFFyHHbusrNqpdIRLFobEH.png,1OKP5_Rb0P8sFFyHHbusrNqpdIRLFobEH.png,True,899,900,PNG,11c4606ef7fda11acfb428f18d78e00cce9be87f112d63e3281bebbb7f222a25,,False,,,,,
meme_011014,ukr,data/raw/ukr/1T6sTQ2b75ZPI-fvFQ5Yi4ECgq6yGmJC3.jpeg,1T6sTQ2b75ZPI-fvFQ5Yi4ECgq6yGmJC3.jpeg,True,1037,1280,JPEG,c597452349c309a43483e817daa7c7364a08a4810efcf46cbf03f72a7224f594,,False,,,,,
meme_003206,rus,data/raw/rus/3883.jpg,3883.jpg,True,589,365,JPEG,30657a8ed2012fd5f7495fbd3be3a90713837fca2959a726eb8c8cf848bfec8c,,False,,,,,
meme_004401,rus,data/raw/rus/4959.jpg,4959.jpg,True,604,340,JPEG,aa0b6905232f855106b16e1668cc149f9ddc2f15fc578367547b476d4c8b0298,,False,,,,,
meme_000158,rus,data/raw/rus/1139.jpg,1139.jpg,True,816,1080,JPEG,bc46329b5f3e1727e3a3a58270ef7eca1c666846c0f485f727ecb2d74163c94f,,False,,,,,
meme_008680,ukr,data/raw/ukr/1DbT6GCryGFzQllqQEDgntH5vcRBfqjHD.jpeg,1DbT6GCryGFzQllqQEDgntH5vcRBfqjHD.jpeg,True,720,916,JPEG,d78d11c4cf9b70b79d87d16c4b1bdfe05aabb3752932777a711e8acc372a78ef,,False,,,,,
meme_008403,ukr,data/raw/ukr/1Bk14Ht82IZVNKMAdVpSONSwSp1FFJ-KW.jpeg,1Bk14Ht82IZVNKMAdVpSONSwSp1FFJ-KW.jpeg,True,748,443,JPEG,296d868256af4969b2753d085049d002e6bb836f6b228fa2f05cab31efbd5050,,False,,,,,
meme_006835,ukr,data/raw/ukr/11K3VetEAwHIIaxndmUHycEeSggPgMkR0.jpeg,11K3VetEAwHIIaxndmUHycEeSggPgMkR0.jpeg,True,638,929,JPEG,ef0a064b69864076ad2e12857d49f4e417eeb777ba93ed5bfe3d8cc363bf216e,,False,,,,,
meme_015624,ukr,data/raw/ukr/1vo_nV1Wfs5R3o7JvJfLDreN627Cqq6bM.jpeg,1vo_nV1Wfs5R3o7JvJfLDreN627Cqq6bM.jpeg,True,1024,678,JPEG,de493e352f1b00b426ccd111ad3daaa0f9e789bd52221ab4aee8f636972a578c,,False,,,,,
meme_013615,ukr,data/raw/ukr/1ikW3boGxz1ZHuvAdethkFQznS9-JqEE0.jpeg,1ikW3boGxz1ZHuvAdethkFQznS9-JqEE0.jpeg,True,2040,1290,JPEG,324065c3af224b1cfb3187a2fe663728799433239bd74f607de5af6e53f012fb,,False,,,,,
meme_010418,ukr,data/raw/ukr/1OyjB_vV4D88hBG-sS1RSwVyfyKQDFB2c.jpeg,1OyjB_vV4D88hBG-sS1RSwVyfyKQDFB2c.jpeg,True,700,365,JPEG,7ba25bd8159fa20f89497f4794f85bd0148fd8c8d3025ef8ec26b61a977529cc,,False,,,,,
meme_004985,rus,data/raw/rus/5484.jpg,5484.jpg,True,800,712,JPEG,41a896c29315ef7aadcd77f10a1938d5cb1cee6ec410431fefb079800d3e862b,,False,,,,,
meme_016029,ukr,data/raw/ukr/1yZj0UgZlRMzSUJdlZWZgg86cHgrin5Q7.jpeg,1yZj0UgZlRMzSUJdlZWZgg86cHgrin5Q7.jpeg,True,996,1279,JPEG,e2d6b7f98ef81849735a7b30c9bc2f0f2de10dc8c2a2c6301ad7ae8946cf4b5f,,False,,,,,
meme_002978,rus,data/raw/rus/3678.jpg,3678.jpg,True,368,593,JPEG,5af78325e4da9579b0deaf6ca7d642f45d9a72916dc87421c4eb08237f830fdd,,False,,,,,
meme_014615,ukr,data/raw/ukr/1pQD8jQX0qs5YZsyIopP5UJHvGaXWER1j.jpeg,1pQD8jQX0qs5YZsyIopP5UJHvGaXWER1j.jpeg,True,700,1030,JPEG,c8ff2646be86bc37dafcc2ea8ea2c4310bb525a68fe57c787b11f13a556e6b73,,False,,,,,
meme_012368,ukr,data/raw/ukr/1aznZox7btKQ4-0BgE4g_mRpf3Gcpw6WT.jpeg,1aznZox7btKQ4-0BgE4g_mRpf3Gcpw6WT.jpeg,True,990,900,JPEG,60ac9e84234c9ea68c80a169ccbf8b9d84290a933ee79a4cb7d9ae12d921c5d6,,False,,,,,
meme_012862,ukr,data/raw/ukr/1e3rrXUk5fcqBuXyBWMZKC4n6gN14qOU-.jpeg,1e3rrXUk5fcqBuXyBWMZKC4n6gN14qOU-.jpeg,True,720,670,JPEG,9b5912f031b05e0f893560e041645339ce102bb8004bcddf3bddbb266ae8ef9c,,False,,,,,
meme_003300,rus,data/raw/rus/3968.jpg,3968.jpg,True,568,569,JPEG,bd02ac1652dc6a4f5884a1b239526c35ec709fc1cf1a75bbaff846e12168f156,,False,,,,,
meme_004106,rus,data/raw/rus/4693.jpg,4693.jpg,True,720,774,JPEG,c150af5cd2584c85977a7f451ee8dc35a1b4ebaabe5671bd95c60f1461a21e8d,,False,,,,,
meme_015393,ukr,data/raw/ukr/1uQLp6Q7eGvIrD2JHhl7ZhOoHrFYcIChb.jpeg,1uQLp6Q7eGvIrD2JHhl7ZhOoHrFYcIChb.jpeg,True,516,540,JPEG,b77dc21b1db2c294288305015f7a9fce104e971f37f971863fb17391802e7074,,False,,,,,
meme_006077,rus,data/raw/rus/6467.jpg,6467.jpg,True,539,960,JPEG,4d6b6845019a89ef27ce15d71101b8b5407a423d74606554c265b18e0d7a0999,,False,,,,,
meme_005567,rus,data/raw/rus/6007.jpg,6007.jpg,True,447,669,JPEG,2780843f13f61b565ff121feaa93a73a75a8482cd22969f5ed8323829b207316,,False,,,,,
meme_005485,rus,data/raw/rus/5934.jpg,5934.jpg,True,702,702,JPEG,4eb4c0be6f4b8d91e3a5154ee9f67ac344f9843b9ad41087807510f98440ebaa,,False,,,,,
meme_007754,ukr,data/raw/ukr/17LP7kDkDSN9pUcey9TyVyW9k9K5DsWo-.jpeg,17LP7kDkDSN9pUcey9TyVyW9k9K5DsWo-.jpeg,True,1080,1080,JPEG,12fce29300e25dee57f7bbb5c8228e2d9076f7aac618402c4c0a17cc4b4cbbfb,,False,,,,,
meme_015819,ukr,data/raw/ukr/1xBBa1w7GSmgQ-R37YzgvqyZF5Ke9HUC0.jpeg,1xBBa1w7GSmgQ-R37YzgvqyZF5Ke9HUC0.jpeg,True,720,836,JPEG,6e593886a8efded56da1d82a337c7c9a3b59a1cb79172012d5b3f722dbbffd58,,False,,,,,
meme_001767,rus,data/raw/rus/2588.jpg,2588.jpg,True,910,1280,JPEG,bfa35e2bb58276b16314974635c6993b181f4e86f4ad3274722662c1136a9424,,False,,,,,
meme_007172,ukr,data/raw/ukr/13ZWYcULFhqPDfoUSEZpsayYmx8lLLRdE.jpeg,13ZWYcULFhqPDfoUSEZpsayYmx8lLLRdE.jpeg,True,713,401,JPEG,7b23d5935e5ad6668dc7a40c6050f2a8016d55100847c2efad3f59a7a2a2060a,,False,,,,,
meme_008438,ukr,data/raw/ukr/1ByQRpOvaaVh_o8bufybE6AvGWMZnCFNu.jpeg,1ByQRpOvaaVh_o8bufybE6AvGWMZnCFNu.jpeg,True,1280,965,JPEG,0782af7cb9d81881502e5bfcf105b553d3664918c0771347fa0bcda73af46bc9,,False,,,,,
meme_002614,rus,data/raw/rus/335.jpg,335.jpg,True,720,756,JPEG,1fbc6295200572cb4f9cd12820d511e9ae2e6eb332a8c115a77c55cc7d8c6c21,,False,,,,,
meme_014650,ukr,data/raw/ukr/1pcWg3TdHOYFk4_R7VReCCekmx16S1sCx.jpeg,1pcWg3TdHOYFk4_R7VReCCekmx16S1sCx.jpeg,True,1000,680,JPEG,126f15b4364f754a82a9be24a2093fdd857bff79edbf9572820dc8c607da605d,,False,,,,,
meme_012035,ukr,data/raw/ukr/1ZizPMWOq-kNPUVbGJe6imXVyTc_vktzH.jpeg,1ZizPMWOq-kNPUVbGJe6imXVyTc_vktzH.jpeg,True,954,1218,JPEG,5de447549e5bdf10965d5c9aa3978478698d2858838e4a0a902f3b3b99f01086,,False,,,,,
meme_005077,rus,data/raw/rus/5567.jpg,5567.jpg,True,1280,1232,JPEG,82b718ab4af654c86db2eda76fd39e19b41ea8ff090def083624865a885b2db4,,False,,,,,
meme_000382,rus,data/raw/rus/1340.jpg,1340.jpg,True,638,565,JPEG,582fd79c16f46249a5c0ff4728bfa6ebb502940263c37660c1c7d859fbb7476f,,False,,,,,
meme_000474,rus,data/raw/rus/1423.jpg,1423.jpg,True,759,767,JPEG,9e19de08b65216a37d2ba57a10caa145420d4accccb37875c54a8c431f08dc9a,,False,,,,,
meme_005564,rus,data/raw/rus/6004.jpg,6004.jpg,True,748,760,JPEG,ac6e079ca5f781f24207f1b83993612f9c7f6e9d3c28c774fb8653e04be89cbd,,False,,,,,
meme_009825,ukr,data/raw/ukr/1LASASshbbQ9ZRENqyJ4W0HIsHc9DcMrk.jpeg,1LASASshbbQ9ZRENqyJ4W0HIsHc9DcMrk.jpeg,True,1080,1080,JPEG,f39259dca2a4475ba0ae10dd4d9839b4df6b136ae933480bfac8b63dba022b94,,False,,,,,
meme_013531,ukr,data/raw/ukr/1i7qoOEgBV9DVo6I7uuFh30LTVpQDPYfp.jpeg,1i7qoOEgBV9DVo6I7uuFh30LTVpQDPYfp.jpeg,True,900,1279,JPEG,3f7bf88d282749f3a67683d09c6a3ecd01baf4a931d4038bffdf7f8bf0b10b16,,False,,,,,
meme_007303,ukr,data/raw/ukr/14KTU7jVCxgwbNe6m1ac0FDfOIz7uspLO.jpeg,14KTU7jVCxgwbNe6m1ac0FDfOIz7uspLO.jpeg,True,1000,1000,JPEG,cea06ab6aff436447f1e87b7520c3cb10e9ca63797154fc4314895ed20a698a3,,False,,,,,
meme_014737,ukr,data/raw/ukr/1qCFBmm3G1sgr9NhZOIE58UMEFPuLyP2p.jpeg,1qCFBmm3G1sgr9NhZOIE58UMEFPuLyP2p.jpeg,True,906,693,JPEG,779677dfca24d56f3139b1a4e9391182c51e7853c7f0a0148c34adc42c2028c1,,False,,,,,
meme_003814,rus,data/raw/rus/443.jpg,443.jpg,True,1080,1111,JPEG,3b02c67886d02f298e5038ca8a69c632cc965424cee57323ee3f78e251fd413b,,False,,,,,
meme_005986,rus,data/raw/rus/6385.jpg,6385.jpg,True,800,800,JPEG,6304ac3f32800798bf4ddaff49085d927066618d31e141a8f11368ce5e4b4273,,False,,,,,
meme_005911,rus,data/raw/rus/6317.jpg,6317.jpg,True,797,1033,JPEG,8cdb3688a755988ed4c9a0a40d291470f221c4299408f5602aa148a7980cf49c,,False,,,,,
meme_002996,rus,data/raw/rus/3694.jpg,3694.jpg,True,1140,1280,JPEG,9ff79dff535390ce5f6bdb7bd24efa32140b369c63faa054930db796a719da00,,False,,,,,
meme_014956,ukr,data/raw/ukr/1rdZjBhSCjTO-XQrYgM2cjtrQByFsOqU1.jpeg,1rdZjBhSCjTO-XQrYgM2cjtrQByFsOqU1.jpeg,True,960,540,JPEG,9c32664f9c52e4e02b9fa2618914e65614589107623746aa5a5dc31e5d17aa6b,,False,,,,,
meme_001663,rus,data/raw/rus/2494.jpg,2494.jpg,True,800,738,JPEG,9dd371c6f51899a709bf7a06aa5a3594912dbfd3d1e7235c509798ad8f9ce5ea,,False,,,,,
meme_000456,rus,data/raw/rus/1407.jpg,1407.jpg,True,615,800,JPEG,57c3e7a485a77fcd25bf3a0c9250d5068131a6406bdcfc8cf938469a683e01ae,,False,,,,,
meme_005285,rus,data/raw/rus/5754.jpg,5754.jpg,True,906,1065,JPEG,a5b79d6c043a969656aa1945e32a4aef346e91ae53ac4085b8721beb895d368f,,False,,,,,
meme_006390,rus,data/raw/rus/893.jpg,893.jpg,True,869,1280,JPEG,b18ec92eea23382b568ebccb681f494fbe7578c11b73aa2563be882dbe6268b9,,False,,,,,
meme_006703,ukr,data/raw/ukr/10Tl__yZAORX0z-X701Tlp_7epdC8j7XG.jpeg,10Tl__yZAORX0z-X701Tlp_7epdC8j7XG.jpeg,True,1692,1168,JPEG,369a0ba08c44a030cbbf0aac1d74b6ee6ed6f39af203865ecb2579e60080758b,,False,,,,,
meme_016150,ukr,data/raw/ukr/1zT7uLV_201lAIF-RYlJnNXUAwt89BhWC.jpeg,1zT7uLV_201lAIF-RYlJnNXUAwt89BhWC.jpeg,True,677,552,JPEG,9293277bb92b7d7b7dfaa49b0f5c43cace35e21323fae0cd52470e99a5d64e1e,,False,,,,,
meme_009000,ukr,data/raw/ukr/1Fd7AY6boPZCdP0h9kG2Bh9RtzUaAho7L.jpeg,1Fd7AY6boPZCdP0h9kG2Bh9RtzUaAho7L.jpeg,True,681,465,JPEG,4e7774a0424c20408303b9519506ac6a8e92914ee6c804227c5b6e95fe4407fa,,False,,,,,
meme_014941,ukr,data/raw/ukr/1rVLNw3Mr1Nn74YpA7FZXbKFa51sn5jBg.jpeg,1rVLNw3Mr1Nn74YpA7FZXbKFa51sn5jBg.jpeg,True,524,528,JPEG,04a89797d00d46a30cb400805a099fa01a416aad022e1a0a828e931016880437,,False,,,,,
meme_005305,rus,data/raw/rus/5772.jpg,5772.jpg,True,785,800,JPEG,d9ed28ccfe515ea767dbed22a813ceab86b5e059f2f1ddb154e2dc0f01960a41,,False,,,,,
meme_012698,ukr,data/raw/ukr/1cz9M7nUFbwxVimU3eoFTrVUe-eXJbKun.jpeg,1cz9M7nUFbwxVimU3eoFTrVUe-eXJbKun.jpeg,True,648,648,JPEG,bc35677f62972e0b8280009b886346ed02a99facafd0c64bd8df26f63a253133,,False,,,,,
meme_003653,rus,data/raw/rus/4285.jpg,4285.jpg,True,682,800,JPEG,6cdafb3eb35ade81ad2da9ae84360a245c62621d8a67f1a0b4bc8de2a30f863a,,False,,,,,
meme_002451,rus,data/raw/rus/3202.jpg,3202.jpg,True,746,598,JPEG,0a8cf36aa3054e9f565ff4c291e3eae7a775c845dc4ae610436c46a883948537,,False,,,,,
meme_015974,ukr,data/raw/ukr/1yAe1uZjy-i9TaPz1iWlN8sBFoAXXr78h.jpeg,1yAe1uZjy-i9TaPz1iWlN8sBFoAXXr78h.jpeg,True,1080,1080,JPEG,15114226452b77513bef375c8025cf0fdbb7c28d130b5b68dd80350ff633363c,,False,,,,,
meme_016203,ukr,data/raw/ukr/1zsvfSL0jrA4pRf9bTNMf9cVIPNciCYXc.png,1zsvfSL0jrA4pRf9bTNMf9cVIPNciCYXc.png,True,460,380,PNG,e91a47447ee618144c9f0278f1d90adef49f5d37c2ca3a389ae9b64cfe32eedd,,False,,,,,
meme_010611,ukr,data/raw/ukr/1QLdx1yDdBuJTxMg1bWZElqOs2hXc6BH6.jpeg,1QLdx1yDdBuJTxMg1bWZElqOs2hXc6BH6.jpeg,True,727,412,JPEG,3f40106c953e168537f971c193a5a781ce7314171703bc324f1caf728f724085,,False,,,,,
meme_010664,ukr,data/raw/ukr/1QazB6eCpvJmZVyQkdSvM8OOUFB8QnIaN.jpeg,1QazB6eCpvJmZVyQkdSvM8OOUFB8QnIaN.jpeg,True,1200,1278,JPEG,3c2855edfe799799b73405f42fff2c60a767b10d4c218d0c5d63ef1a4ee46ab2,,False,,,,,
meme_004672,rus,data/raw/rus/5201.jpg,5201.jpg,True,590,604,JPEG,4f692cc0bb9f8e48e3a71bed5f21dfee1cb8317b8498af10615243633ca6e382,,False,,,,,
meme_007321,ukr,data/raw/ukr/14R7sZs_iPUXZQ60uANtF4XCrB8wRlSDk.png,14R7sZs_iPUXZQ60uANtF4XCrB8wRlSDk.png,True,754,562,PNG,92ad6eecb80cfcee485cfd82c63a91e24bccc26eb8fdc10f278c93db119534c8,,False,,,,,
meme_004748,rus,data/raw/rus/5270.jpg,5270.jpg,True,722,800,JPEG,533b13b6728ec2cdae16ae86365f472cb53207201f0bca18066dc515848b5716,,False,,,,,
meme_012836,ukr,data/raw/ukr/1dq7nApOhDvmRa73GdOVchH3y35uwbDoG.jpeg,1dq7nApOhDvmRa73GdOVchH3y35uwbDoG.jpeg,True,690,795,JPEG,f594d50f8b903a1aed1b29cc97d43df222260f76bcd691ede877c74ee472cbba,,False,,,,,
meme_003858,rus,data/raw/rus/447.jpg,447.jpg,True,551,800,JPEG,fd96e0fb86305a10102211fb934a975e14f0e539e6dd55b0620ba4dd724a984a,,False,,,,,
meme_009407,ukr,data/raw/ukr/1IOUlrBrnDgfN7cIip6U9ApbqMY0ThaWl.jpeg,1IOUlrBrnDgfN7cIip6U9ApbqMY0ThaWl.jpeg,True,1080,1272,JPEG,321a0a3f8bd37eddb10d8f30f7ad194e6296d581650b666ffc4695fef28e6d40,,False,,,,,
meme_009630,ukr,data/raw/ukr/1JuIXM30LKnCa7cmDuoMCMjQ9qfhZ6xfv.jpeg,1JuIXM30LKnCa7cmDuoMCMjQ9qfhZ6xfv.jpeg,True,700,989,JPEG,1d2e1e96d344bb7c84023fe0509dc97fb359fb81cf4d798d949f2bfa36335410,,False,,,,,
meme_003949,rus,data/raw/rus/4551.jpg,4551.jpg,True,1080,1047,JPEG,39dac0df785f7694cbae1a4c2097dbf076a1664ad3602fc4883ef6efe8ebc5b1,,False,,,,,
meme_002070,rus,data/raw/rus/2860.jpg,2860.jpg,True,714,743,JPEG,b2263ba7ed42a8236722d9a0d9be41c3b4c05cea331d265030954d196d20558b,,False,,,,,
meme_009586,ukr,data/raw/ukr/1JaXwl6eyfbNk8Q911086idjMGVsz6kez.jpeg,1JaXwl6eyfbNk8Q911086idjMGVsz6kez.jpeg,True,1080,1350,JPEG,13470157affe6a2862f2a648ecbb425d87116fc4d87c66a7c5ee682f3f8d2d01,,False,,,,,
meme_006951,ukr,data/raw/ukr/129gMMwYdDzk_0WNA6F9R4MWV_KeisA4M.jpeg,129gMMwYdDzk_0WNA6F9R4MWV_KeisA4M.jpeg,True,1052,1279,JPEG,6438b1a3c7ea4760346472ee5712b58ded98b8b1fd746f5d7daecd6cb4e89ae8,,False,,,,,
meme_015308,ukr,data/raw/ukr/1tqSd68ET2QKi0tRKynZKa3t4mjqxkgTj.jpeg,1tqSd68ET2QKi0tRKynZKa3t4mjqxkgTj.jpeg,True,1200,885,JPEG,a8f1396615b7e2758501ae3028290964a6bfb2e70811fa0082a7cd7bf77c48d1,,False,,,,,
meme_006159,rus,data/raw/rus/685.jpg,685.jpg,True,1042,1118,JPEG,02966627448af5b6804259fb8801e18eb314b935e985e6389895ebe2f7bfda11,,False,,,,,
meme_005437,rus,data/raw/rus/5891.jpg,5891.jpg,True,800,759,JPEG,8a44838e062f044fa805c397a1405e8836cb8631681a4f56c842a1f9f408d3dd,,False,,,,,
meme_008782,ukr,data/raw/ukr/1EFmCPHpi0UjygNZJ0481T5ICOOGokX3v.jpeg,1EFmCPHpi0UjygNZJ0481T5ICOOGokX3v.jpeg,True,797,1280,JPEG,b77d7169367b0d22e0d37c683fb75f02175b30e4d63ec46a673d0c61c953a25e,,False,,,,,
meme_012827,ukr,data/raw/ukr/1dlUtcFCRGYgKshQrL1yak9v1RdueUbzf.jpeg,1dlUtcFCRGYgKshQrL1yak9v1RdueUbzf.jpeg,True,1125,804,JPEG,e3aadeb5a79531df7ea125d90f18845172ed7b29acc3914e9e8f169550ad6590,,False,,,,,
meme_000174,rus,data/raw/rus/1153.jpg,1153.jpg,True,1125,1115,JPEG,4d4117063a5faac89cb3736b9cb49f3fea3470621c45b40177edaf13e8d7e13d,,False,,,,,
meme_003648,rus,data/raw/rus/4280.jpg,4280.jpg,True,1080,1046,JPEG,b3232ddf41389887ee5e036fe62fbe882771d32e77b2f7872e3da3cce7658159,,False,,,,,
meme_002440,rus,data/raw/rus/3193.jpg,3193.jpg,True,1217,1267,JPEG,dc744253657f524c8d1d80c91ec2da72a71713ea4c968ed9adf045f0144bac3e,,False,,,,,
meme_000051,rus,data/raw/rus/1042.jpg,1042.jpg,True,673,597,JPEG,e603a67bf94d3a0ecc0aad6a51fc4c11938ba176b3f9ca29a35a6e19f217674c,,False,,,,,
meme_010773,ukr,data/raw/ukr/1RQrzWTem5oj84Q-UAMKoCgRDTmqI6LSj.jpeg,1RQrzWTem5oj84Q-UAMKoCgRDTmqI6LSj.jpeg,True,900,814,JPEG,f08aca0bdb1b63ee23be128eed209eb50bd3e320541fdd9eb560c1fae562aad6,,False,,,,,
meme_013593,ukr,data/raw/ukr/1ibFAiw9TIdXIvDttOfQaci61nljEG1VZ.jpeg,1ibFAiw9TIdXIvDttOfQaci61nljEG1VZ.jpeg,True,844,1280,JPEG,dd15c29131d8ad0b893da0cb4887762e7baf298d7ade5756efa9d303dd5393ff,,False,,,,,
meme_014760,ukr,data/raw/ukr/1qNlXkUlC6ZZfpH2_tsd4gHaAOZfyTilQ.jpeg,1qNlXkUlC6ZZfpH2_tsd4gHaAOZfyTilQ.jpeg,True,1280,539,JPEG,d91257b2b4bb60501008683f6eec3687fe126279bb3a904932a2563bdf5eed36,,False,,,,,
meme_000086,rus,data/raw/rus/1074.jpg,1074.jpg,True,613,800,JPEG,2a0d1b4370861cc24594d91f1d8942e9e881273ec606d8b1cbf198ca3b57eac5,,False,,,,,
meme_014925,ukr,data/raw/ukr/1rPHaOfA13RvSwm9iHGTe-ib6yrfawcSb.jpeg,1rPHaOfA13RvSwm9iHGTe-ib6yrfawcSb.jpeg,True,932,1280,JPEG,1b9b4e177005f595665a3ff021bc2d98ba29dfa800fc9d59f042173b400266d5,,False,,,,,
meme_000400,rus,data/raw/rus/1357.jpg,1357.jpg,True,478,641,JPEG,5525f0805d3e44bfcd0748351939450f86bbf85c679d07cb210c2ef2af422fae,,False,,,,,
meme_005221,rus,data/raw/rus/5697.jpg,5697.jpg,True,1080,1212,JPEG,6eee3cf1f6164d1ab9f90bb4b2538c4576b2a6ef3773acf91c0491949dc62f34,,False,,,,,
meme_004792,rus,data/raw/rus/531.jpg,531.jpg,True,662,800,JPEG,7292826eedfbdf90911900b496c3c23c05ef0d6252833ead15d47ba5b5482062,,False,,,,,
meme_000750,rus,data/raw/rus/1672.jpg,1672.jpg,True,750,750,JPEG,ddd450e6214260405ed77b69a5746fcecdb261dc5e9178c0e9c531d1767a8e84,,False,,,,,
meme_004654,rus,data/raw/rus/5186.jpg,5186.jpg,True,800,595,JPEG,6e77983896e8718e5de09f3275aaa3065cbd5b4f6899f1368f7f64e53126b21b,,False,,,,,
meme_010764,ukr,data/raw/ukr/1RM-qas5EVgDL56C1qnQcqXK635mSyRk5.jpeg,1RM-qas5EVgDL56C1qnQcqXK635mSyRk5.jpeg,True,1146,1006,JPEG,d9e5ddec7cd118c4809b152733cfb0b34f66a0a676b2b460e4cbbdafce06fb1b,,False,,,,,
meme_003979,rus,data/raw/rus/4579.jpg,4579.jpg,True,800,652,JPEG,e90e3c67614acade381e850cbcb10721f2824c112aaa61ebce118688fa7b2482,,False,,,,,
meme_013846,ukr,data/raw/ukr/1k8BbWDQuaSr2qOXQBqGW-RcZklW5zBIx.jpeg,1k8BbWDQuaSr2qOXQBqGW-RcZklW5zBIx.jpeg,True,1193,1279,JPEG,8d59901ca19bc51fb6620d397eb60b0810d73b34becdf812b2420da3842fe53f,,False,,,,,
meme_004292,rus,data/raw/rus/4860.jpg,4860.jpg,True,1280,1265,JPEG,ef4a66a671f72e3818afbf22553baefd646ecddd2b174c403bf4e5db1122b224,,False,,,,,
meme_004920,rus,data/raw/rus/5425.jpg,5425.jpg,True,1080,1080,JPEG,002ad5132408ebd36286ed97942b0d523a859ef398f3a0feb7d8798dd716a895,,False,,,,,
meme_009287,ukr,data/raw/ukr/1HXbFvyE9tglqWaJI69slOufSWsuUEeaR.jpeg,1HXbFvyE9tglqWaJI69slOufSWsuUEeaR.jpeg,True,1025,1422,JPEG,8237553827a5f2ac25b825255b299f7e8bdfc1f0093a30a697cc52ab266aa43f,,False,,,,,
meme_004065,rus,data/raw/rus/4656.jpg,4656.jpg,True,800,786,JPEG,a9e8841b1c067e74bb6a493691bde122e9a44706134ed07f29da6ce43048f914,,False,,,,,
meme_003430,rus,data/raw/rus/4084.jpg,4084.jpg,True,740,672,JPEG,60947a6cd78e9631ea033219e07de454a0b283571f6aff10117bd9e8295c08ee,,False,,,,,
meme_013783,ukr,data/raw/ukr/1jnf5VQAwD3-_CY7aMmKTt5yFyQqy_NxK.jpeg,1jnf5VQAwD3-_CY7aMmKTt5yFyQqy_NxK.jpeg,True,1490,1340,JPEG,1cd083fc1cd19c95e04d12f93eb998f0428870bee08c6ce1bc4cd856ece1ad93,,False,,,,,
meme_005468,rus,data/raw/rus/5919.jpg,5919.jpg,True,1024,1080,JPEG,2565e6c068c47a833730c32977d6a06631920d33b0b2ff53662ef787d2fc1d96,,False,,,,,
meme_009954,ukr,data/raw/ukr/1Lzh_Tl-7XlRdoK3gX2k8iK1R_rTHM0OX.jpeg,1Lzh_Tl-7XlRdoK3gX2k8iK1R_rTHM0OX.jpeg,True,1200,1182,JPEG,5b54ad909c9e0afc20910346608394b307ce980adb8ddb589b8f6d0dbf541f80,,False,,,,,
meme_011536,ukr,data/raw/ukr/1WUGGEkPhqOk64WhKp9ZgieY639YuYF7G.jpeg,1WUGGEkPhqOk64WhKp9ZgieY639YuYF7G.jpeg,True,1024,1280,JPEG,8772d9ed5ec92f253216259e98af469de27cbadce90bea1ffec0d66ab28dfbeb,,False,,,,,
meme_001040,rus,data/raw/rus/1933.jpg,1933.jpg,True,604,554,JPEG,3ef4108fadfd7ecee53d710ae350f6458db9c460ea5c313579a7f4aadc07c8da,,False,,,,,
meme_010138,ukr,data/raw/ukr/1N7LNwgyjQw-IB2BCpLkvCrn4qwMPqzgW.jpeg,1N7LNwgyjQw-IB2BCpLkvCrn4qwMPqzgW.jpeg,True,526,519,JPEG,9415a016e0cf64078aa85dd4f9c861cb2d3e8907731e1e7361c6c0cc17f52d9c,,False,,,,,
meme_005873,rus,data/raw/rus/6283.jpg,6283.jpg,True,578,608,JPEG,12b7697a66505f0fa02f7faeadfaf7a723c0df8213f2942f9941ddf47122f05c,,False,,,,,
meme_002125,rus,data/raw/rus/291.jpg,291.jpg,True,1096,1080,JPEG,71a383eddb0937b35b8270b63ffd5b1602a1b744ea6042a3ef02729ea98c149d,,False,,,,,
meme_004465,rus,data/raw/rus/5015.jpg,5015.jpg,True,1280,1231,JPEG,1b3707d18f318ff31e376d235bec4af734507e18c9026e7220350b17a308d7b9,,False,,,,,
meme_001140,rus,data/raw/rus/2022.jpg,2022.jpg,True,640,566,JPEG,597d41221327d50cdbd750201fc3cd54365ea9785d37858d4306badb8d5ef4c0,,False,,,,,
meme_008894,ukr,data/raw/ukr/1ExRnikZbKJX0HbBiyQUCQiPFo1kC9NEd.jpeg,1ExRnikZbKJX0HbBiyQUCQiPFo1kC9NEd.jpeg,True,702,888,JPEG,bd36cda55d6a647de3b29013bf520ee9fb3087f70c3d685ef3e487f38ab485c1,,False,,,,,
meme_012810,ukr,data/raw/ukr/1dg-03oFW9WGqlDKr0my2lvMxbkG8r-cQ.jpeg,1dg-03oFW9WGqlDKr0my2lvMxbkG8r-cQ.jpeg,True,1645,2040,JPEG,58ba421fc1578cd2d47d84465dbfa250aa7ba99181fb12031176d370a699bfed,,False,,,,,
meme_009799,ukr,data/raw/ukr/1L1JFlkiZ52fZOv5PH7Cq-RYQfgzRrUu4.jpeg,1L1JFlkiZ52fZOv5PH7Cq-RYQfgzRrUu4.jpeg,True,1164,1071,JPEG,3b1edeeae10d8a904336e6f86dcc4e47d3facf7626bba7c4ba3e337cba2fd03e,,False,,,,,
meme_005338,rus,data/raw/rus/5801.jpg,5801.jpg,True,966,1280,JPEG,f6e5011fe3e352d8f892cee53d5cb359dcf951c53078166d65a30d783f4cb883,,False,,,,,
meme_009273,ukr,data/raw/ukr/1HPIXz6Wl0M7Iz6RqQOyzLkwlvA5BvhM4.jpeg,1HPIXz6Wl0M7Iz6RqQOyzLkwlvA5BvhM4.jpeg,True,1049,1061,JPEG,4804006b004099b9cf87339e9727d3e33404bba5e1bfe59a19c9f1e795b4aada,,False,,,,,
meme_012369,ukr,data/raw/ukr/1b-0ahn7ktVGIPfFpAzS4t7HfgQq1_amF.jpeg,1b-0ahn7ktVGIPfFpAzS4t7HfgQq1_amF.jpeg,True,1554,1589,JPEG,f8eb1d46a238ecb37dbc03e297574519f5bee64911f8d92f4b94cec141fa822a,,False,,,,,
meme_007421,ukr,data/raw/ukr/159zxJ55odBUOSZEv0nMHvu5GKuv36-p5.jpeg,159zxJ55odBUOSZEv0nMHvu5GKuv36-p5.jpeg,True,1280,720,JPEG,db85a163079b16a56fce850f981e1cac9d2c1343ee7d2f8f3c567273225c8afe,,False,,,,,
meme_010440,ukr,data/raw/ukr/1P4FCPvOqtB7P3PCP_ZzhuAL6tV_kl2qG.jpeg,1P4FCPvOqtB7P3PCP_ZzhuAL6tV_kl2qG.jpeg,True,544,680,JPEG,2906122a2e206132b25e182e451430fac8c6b28140b49c1f64cd1e85f58beecb,,False,,,,,
meme_004514,rus,data/raw/rus/506.jpg,506.jpg,True,494,604,JPEG,1dfc5316a2a5f76a70005b1b9332a3a785d18929fbcd7354fdad2d55107abeed,,False,,,,,
meme_015569,ukr,data/raw/ukr/1vPAdtn7XQMaWRHRylJw2HYJCNiIycGRO.jpeg,1vPAdtn7XQMaWRHRylJw2HYJCNiIycGRO.jpeg,True,1280,960,JPEG,be8983c0dc9052ea7b88970165e5104dd91888c871d4a19b46dc98a0b3104a8c,,False,,,,,
meme_003166,rus,data/raw/rus/3847.jpg,3847.jpg,True,318,401,JPEG,7efada50b196878060467ea15d7a2734d2d6cd67f4db9c15fa126ce7b2ae979d,,False,,,,,
meme_008693,ukr,data/raw/ukr/1Dgwz4kpQTzL5_sHjCS0tBn_I8N1Y0FxX.jpeg,1Dgwz4kpQTzL5_sHjCS0tBn_I8N1Y0FxX.jpeg,True,666,375,JPEG,f8257262c785fe0e348610be504d1daa14c022feb153353be691049f92719615,,False,,,,,
meme_001796,rus,data/raw/rus/2613.jpg,2613.jpg,True,1080,1080,JPEG,bdaa8227a7f0a9d09b5f5f5abc93a739a2f2f5f330e8d32df47d1bb0d82fe3c0,,False,,,,,
meme_012227,ukr,data/raw/ukr/1a3qbgUd-hwpPV1IjKZw4hS_4KDNmvT-x.jpeg,1a3qbgUd-hwpPV1IjKZw4hS_4KDNmvT-x.jpeg,True,496,768,JPEG,b5d066efeee5781737257d8c8c31ca67e924487e562a6acc689a0bee3b3f088e,,False,,,,,
meme_002239,rus,data/raw/rus/3011.jpg,3011.jpg,True,600,400,JPEG,0ae3003c571888b3000d07f135b3ad8afd65200a1da9c535bf7607360cc0873a,,False,,,,,
meme_001689,rus,data/raw/rus/2517.jpg,2517.jpg,True,1125,859,JPEG,e435e20a6c4190b5da628a45459fe3073dc0ba2c7bcb58fa7ed9639198f75c8a,,False,,,,,
meme_001740,rus,data/raw/rus/2563.jpg,2563.jpg,True,508,604,JPEG,244038bdce56f698fdd8bfcaafbb4ef61709d38e9abc2d9547a8420c967b55dc,,False,,,,,
meme_015680,ukr,data/raw/ukr/1wEpaCkgDle9Ln3nRkUmFATZWXI8OV43m.jpeg,1wEpaCkgDle9Ln3nRkUmFATZWXI8OV43m.jpeg,True,1280,946,JPEG,e322408d2cedd5705b0f1525066b700c097240a98a185978e14c1922ff1c0083,,False,,,,,
meme_009024,ukr,data/raw/ukr/1FpNoSEAPhWL5XMKX8EETDUKAj2x0Wv_R.jpeg,1FpNoSEAPhWL5XMKX8EETDUKAj2x0Wv_R.jpeg,True,761,1279,JPEG,b1937be24343218e14fd50c521e139165edf10c13b3e6b8fff1f2a99a4a663fd,,False,,,,,
meme_008512,ukr,data/raw/ukr/1CQ1vBSLdYI7u27_o0l2xyPZMGozDkVEn.jpeg,1CQ1vBSLdYI7u27_o0l2xyPZMGozDkVEn.jpeg,True,700,542,JPEG,474cc85ecd1ed4aea9c60b1dc99e4e5c71fd793ce956c6463a204aa50c348d6f,,False,,,,,
meme_012586,ukr,data/raw/ukr/1cKA37JAOJa7vGM1WYnUX0giQ94hpbKuQ.jpeg,1cKA37JAOJa7vGM1WYnUX0giQ94hpbKuQ.jpeg,True,700,619,JPEG,d18c455e8dc6161ddbc9135909d3cbb6b1e901c9742cf3319494fe548c552e91,,False,,,,,
meme_002155,rus,data/raw/rus/2937.jpg,2937.jpg,True,1026,1080,JPEG,0f5822759bb402f3f3614c710ed35cd2840011473d9f67c12a48003853de6993,,False,,,,,
meme_001563,rus,data/raw/rus/2403.jpg,2403.jpg,True,776,800,JPEG,554cab5e07fea9c71990bc8acc0ba7b03d21b3256f7ad8a1fb6b48e74216205f,,False,,,,,
meme_010581,ukr,data/raw/ukr/1QADhROYUv6MMolZrrWhYaUyF_Yzzdf7f.jpeg,1QADhROYUv6MMolZrrWhYaUyF_Yzzdf7f.jpeg,True,636,786,JPEG,3b7cbc73e084763c47752fdb644f46a0373bd0cbde098ff20b3510b93733de77,,False,,,,,
meme_008038,ukr,data/raw/ukr/19JvMH4q_9GsKDTpdQcBxABiizYV-hn0E.jpeg,19JvMH4q_9GsKDTpdQcBxABiizYV-hn0E.jpeg,True,1440,1898,JPEG,6b87164852635750661eed9a8714a398372de884a4f84353214780fb8aa12c4f,,False,,,,,
meme_010402,ukr,data/raw/ukr/1OtT6qN6PnFcH7Sosa5zhu4wrSsr3-ztH.jpeg,1OtT6qN6PnFcH7Sosa5zhu4wrSsr3-ztH.jpeg,True,1179,1420,JPEG,8f20c39c8b30bc921fd92ae4e3cd3fbfd2dba19e186f097ee0ad9d3666d1f5f8,,False,,,,,
meme_007274,ukr,data/raw/ukr/146mnNfgxm4uSjIMt-Py7omNFNSYV2kYN.jpeg,146mnNfgxm4uSjIMt-Py7omNFNSYV2kYN.jpeg,True,1010,1008,JPEG,feeab9929c1ed6137439c73047c64a40db1b7f9940bbb798f5c847569483da87,,False,,,,,
meme_012811,ukr,data/raw/ukr/1dg6sAbr9UbYs_ZUl0qyUhvUOF-M_bEOC.jpeg,1dg6sAbr9UbYs_ZUl0qyUhvUOF-M_bEOC.jpeg,True,2046,2048,JPEG,f510113bb853684161209777e674766f54b7b0073f74e5d8ecfdd23c367f69c3,,False,,,,,
meme_004694,rus,data/raw/rus/5221.jpg,5221.jpg,True,861,1280,JPEG,1509879473fe37b53b65bfc5d5fd0ec608ee5df0d752fe8531e58f178fe7b94b,,False,,,,,
meme_002086,rus,data/raw/rus/2875.jpg,2875.jpg,True,604,541,JPEG,20a52e8475a4cabc703818bbde7ce53bc0fd2f79c8399f9848f8bbae4dfa2056,,False,,,,,
meme_006731,ukr,data/raw/ukr/10g7tzdUUO5NCNNYHFgzBf8zJ6NDkhmCX.jpeg,10g7tzdUUO5NCNNYHFgzBf8zJ6NDkhmCX.jpeg,True,1584,1980,JPEG,86d5ae1680378a460b296daf58a9836eae97d182d719f4916808953b12d50924,,False,,,,,
meme_008516,ukr,data/raw/ukr/1CRhGrTaHKeLiuXuL0rK5N7Hd1spYxA-C.jpeg,1CRhGrTaHKeLiuXuL0rK5N7Hd1spYxA-C.jpeg,True,948,1160,JPEG,154e8973a5de908dd58de317418bc21f90649807cdccb4d1044237f99811556b,,False,,,,,
meme_013116,ukr,data/raw/ukr/1fbKI1r2qPeNbFXraWphmlNezGkaQ_4Ll.jpeg,1fbKI1r2qPeNbFXraWphmlNezGkaQ_4Ll.jpeg,True,755,605,JPEG,91807cda0058f7700684c005dbedfc36c6404f70d814e40d4acf7a26633b5bbd,,False,,,,,
meme_004227,rus,data/raw/rus/4801.jpg,4801.jpg,True,604,436,JPEG,1eefcf8d1d9920a7754dc6b18f8e13e62efb6f0fa8b19be6f97dda8ebbb6e2fd,,False,,,,,
meme_013737,ukr,data/raw/ukr/1jWl84fzHDZpXCVrjm6vtc-QVmf6ACt5S.jpeg,1jWl84fzHDZpXCVrjm6vtc-QVmf6ACt5S.jpeg,True,960,504,JPEG,323dacfa23929e2469c3aac75e6c5e3d3ae5535c26afeed2dced7c13702a9e13,,False,,,,,
meme_007641,ukr,data/raw/ukr/16b2WjHjpUBkbal2gDOLGRNR9WSSLutxF.jpeg,16b2WjHjpUBkbal2gDOLGRNR9WSSLutxF.jpeg,True,1024,1280,JPEG,2037894fc0e8b500b846d3b0c8103fa87f8f43bf661e3b2a1ff891e9a80d3e11,,False,,,,,
meme_001870,rus,data/raw/rus/2680.jpg,2680.jpg,True,500,518,JPEG,15c5b961947bf4c23eee77297373b0d5bd00c8621f82a7a0ae1db5de53a9faa0,,False,,,,,
meme_011028,ukr,data/raw/ukr/1TBiyWr5hAQ8y1b5hhZpZ6FzHgxvfIA-S.jpeg,1TBiyWr5hAQ8y1b5hhZpZ6FzHgxvfIA-S.jpeg,True,1271,1601,JPEG,9306e0df2721145ba7e3bf71cc658b14da18f89287380ca70989c57267ed825c,,False,,,,,
meme_003426,rus,data/raw/rus/4080.jpg,4080.jpg,True,640,759,JPEG,69af6d59e86c1636288cd967d667460006cab15c1545ca1fbe61933ae7b63413,,False,,,,,
meme_012721,ukr,data/raw/ukr/1d7AfrODg0fOizgcs9wx3dhWOuSpgEBc5.png,1d7AfrODg0fOizgcs9wx3dhWOuSpgEBc5.png,True,542,725,PNG,e190bf1c21c117ac0069c4dcbd54b03f8a120cd58b067b77fcca00d589d3e235,,False,,,,,
meme_000001,rus,data/raw/rus/0.jpg,0.jpg,True,1103,1266,JPEG,d5179d962233b0d86e6882d7e5bf5573c4f77903f80d1af737a747488f3a2ca2,,False,,,,,
meme_011059,ukr,data/raw/ukr/1TNxyqo7UwTVQYuTljLQ4aFKj3hucXlDz.jpeg,1TNxyqo7UwTVQYuTljLQ4aFKj3hucXlDz.jpeg,True,1080,638,JPEG,6f5084ad8522a3e60f11f1fa0440c8d14e09c029ecd02f82cbdc20b062ca614f,,False,,,,,
meme_014924,ukr,data/raw/ukr/1rOymvx3NHyM2ztP628Xd-1emDnKBE79M.jpeg,1rOymvx3NHyM2ztP628Xd-1emDnKBE79M.jpeg,True,474,606,JPEG,45dbcc2f3e4c743f1611f27cc8ec0391cd56b1620e5c7fe12937475f597609e7,,False,,,,,
meme_012584,ukr,data/raw/ukr/1cJ5OW46u1P6QVv8N7RNIzaBR_QjV_pPn.jpeg,1cJ5OW46u1P6QVv8N7RNIzaBR_QjV_pPn.jpeg,True,843,822,JPEG,8f40bdef11bcff2152d5c51af7da7f78f20039bd42b0e6b8623cb706d69a7b44,,False,,,,,
meme_015130,ukr,data/raw/ukr/1sbFrAJ1lOfb0EyaQaNA8YH1JuhGjYdD1.jpeg,1sbFrAJ1lOfb0EyaQaNA8YH1JuhGjYdD1.jpeg,True,1241,944,JPEG,c93d6e7e3029f6f9b5f19021694034a1409ff24a4b7574560c312037b9193944,,False,,,,,
meme_011434,ukr,data/raw/ukr/1VoP6hE72BqhkW24A9QEdKNQYnR3bVeHN.jpeg,1VoP6hE72BqhkW24A9QEdKNQYnR3bVeHN.jpeg,True,1200,800,JPEG,68f040dfb5c8a0805f85a647a3aba3d6dbfe92ed2f43f2d56a0b83194c899d76,,False,,,,,
meme_001397,rus,data/raw/rus/2254.jpg,2254.jpg,True,1263,944,JPEG,36e35ef24b2fbf26785321b012b3cbfccc421108722be91197e9c097aca0ef9d,,False,,,,,
meme_011216,ukr,data/raw/ukr/1UPNDGBjpX8yMuJlVox-VloXkOrHwJGsT.jpeg,1UPNDGBjpX8yMuJlVox-VloXkOrHwJGsT.jpeg,True,1033,927,JPEG,e167fd4a979f4a02925406307200d841c78cfabab970e5a25af9a7a237329f77,,False,,,,,
meme_004547,rus,data/raw/rus/509.jpg,509.jpg,True,535,522,JPEG,63a1e2f26ff7c93c033b22e16f9909d3e2af9dcd780685c10faac7c1cb4f0ff0,,False,,,,,
meme_011846,ukr,data/raw/ukr/1YUKZtI0HWgXDV0FqLecCEd5j7DxPjfzK.jpeg,1YUKZtI0HWgXDV0FqLecCEd5j7DxPjfzK.jpeg,True,709,609,JPEG,aea0b0a1868c8934f6f60d74a337cb8c9385e4d353491a7ac334db2db69e1907,,False,,,,,
meme_011045,ukr,data/raw/ukr/1TI4_ohuxKDdfoDeutO3WN1WoY0ShgkCG.jpeg,1TI4_ohuxKDdfoDeutO3WN1WoY0ShgkCG.jpeg,True,1280,1280,JPEG,8ef52c909fe8b2be4da09b141ca2c73769be5ca6b939e9fdda72d8ae6b58c890,,False,,,,,
meme_012284,ukr,data/raw/ukr/1aSmKdAYndiAyHMVHd_NFR5anRmweT_EU.jpeg,1aSmKdAYndiAyHMVHd_NFR5anRmweT_EU.jpeg,True,714,653,JPEG,58e8836a31c42d89c7d25f53e50ab20f7085b88baef99786c655e68d12c40cbb,,False,,,,,
meme_006946,ukr,data/raw/ukr/125uUXn-6ENKJEUofhifu3k34PRVf9ytc.jpeg,125uUXn-6ENKJEUofhifu3k34PRVf9ytc.jpeg,True,1024,1280,JPEG,fc425ae180faf2790227599a0706160b17f3f250f1ba74674f8570326a39e9de,,False,,,,,
meme_013962,ukr,data/raw/ukr/1kvR_nBwkgKRxwTtOQWS84m9pZujq4url.jpeg,1kvR_nBwkgKRxwTtOQWS84m9pZujq4url.jpeg,True,1024,1280,JPEG,3c7e69f3ccfe0e17ec39c34f43235d28d1b1c667867d105eda16856a694261bb,,False,,,,,
meme_004190,rus,data/raw/rus/4769.jpg,4769.jpg,True,1080,973,JPEG,dcf498d3ca8a69395d66bf9127e4ec6a9134f416fa586dacc0d64d94bcdf1b9e,,False,,,,,
meme_013960,ukr,data/raw/ukr/1kupeb2aJwqzeFtvoat9qmR25NdYT8WOi.jpeg,1kupeb2aJwqzeFtvoat9qmR25NdYT8WOi.jpeg,True,600,437,JPEG,e1cf22bf756d46f5d213efcd310c15122f3d94dd91e33dff89eb66dd54d6ec7b,,False,,,,,
meme_011195,ukr,data/raw/ukr/1UG2_SRojooqX8v7GTij8Ex7ANboaM_lk.jpeg,1UG2_SRojooqX8v7GTij8Ex7ANboaM_lk.jpeg,True,1242,940,JPEG,8e78a1542564225b99e83d8fdced4ce3b457dd18066c6b1f40e4f5f008287a98,,False,,,,,
meme_011712,ukr,data/raw/ukr/1Xlt3Fao7BptkchRYJWp-NfKhCRdJXkTr.jpeg,1Xlt3Fao7BptkchRYJWp-NfKhCRdJXkTr.jpeg,True,1080,810,JPEG,278d1fddfbfdf9cd536e47e4c539aefdb94a7f78761a87f31d043f9f7bafdb9b,,False,,,,,
meme_004246,rus,data/raw/rus/4819.jpg,4819.jpg,True,530,800,JPEG,f1d7905e2b0c576130eecbb906d45e8b092e46df71b1186f58c1823134606b35,,False,,,,,
meme_000327,rus,data/raw/rus/1291.jpg,1291.jpg,True,679,447,JPEG,dd3e14238aeb64120019db36c6aaeb4211c0aee074f7f52e1e495b9c121e54a1,,False,,,,,
meme_009923,ukr,data/raw/ukr/1Lmz6a4mJc_WekLOWfOiOxLWyjuxbOKjX.jpeg,1Lmz6a4mJc_WekLOWfOiOxLWyjuxbOKjX.jpeg,True,489,407,JPEG,a28208c2111e5a6c584074147f919d8e75a5f40974f01105067b6b5019596310,,False,,,,,
meme_011606,ukr,data/raw/ukr/1WuLWTA0HxZ4kZ_4Ta1DFgo7h6fI-jM1n.jpeg,1WuLWTA0HxZ4kZ_4Ta1DFgo7h6fI-jM1n.jpeg,True,1079,784,JPEG,a27aadee7313a8417e80cf2a58ce5c0a424efd218a17006a60000349fcbf22fd,,False,,,,,
meme_008080,ukr,data/raw/ukr/19b9cOrcKgC94SO6yJpa130suQudfyG2_.jpeg,19b9cOrcKgC94SO6yJpa130suQudfyG2_.jpeg,True,1002,1090,JPEG,4818af98ecdd265b49f3bc85c058b848fd8f1306a8c950f1be359fc339d4267b,,False,,,,,
meme_007077,ukr,data/raw/ukr/12wUumkYx9LGr09yYdR4Cp3v-dqjpG2l-.jpeg,12wUumkYx9LGr09yYdR4Cp3v-dqjpG2l-.jpeg,True,755,1002,JPEG,11a4154582249a8dae1140f5205b36ed806b6dcc885c8145234db2963e6a6bdf,,False,,,,,
meme_013541,ukr,data/raw/ukr/1iFrNpKqjqaVDSuRPU_HyPoHQtV3rO_85.jpeg,1iFrNpKqjqaVDSuRPU_HyPoHQtV3rO_85.jpeg,True,1170,964,JPEG,62be8670cf76aa8ce7ff238ce09662c37baa10c6af060864d8caf5f888a21498,,False,,,,,
meme_008290,ukr,data/raw/ukr/1B-Jts7uVIOwDKu5Eg7S5Izvnv5r8tgie.jpeg,1B-Jts7uVIOwDKu5Eg7S5Izvnv5r8tgie.jpeg,True,1179,1438,JPEG,aaadf43b34a49d6ac95f6de6ee606d76665348b5e296226beb56e2088a21d0a9,,False,,,,,
meme_014988,ukr,data/raw/ukr/1rmHpUAUE8crajsYKgqYUqEjfVEtqVeTx.jpeg,1rmHpUAUE8crajsYKgqYUqEjfVEtqVeTx.jpeg,True,1200,839,JPEG,2fab8e01dd7c44b325c540276a2493849d2fa3eea7e456e656ea67d1cfd9108d,,False,,,,,
meme_006271,rus,data/raw/rus/786.jpg,786.jpg,True,920,1280,JPEG,5e281d3e57ae782cacabe8583fb5e58b74dfc4a18c06f7ff23e052547867c363,,False,,,,,
meme_008423,ukr,data/raw/ukr/1Bt9lk2d0bzuqdwmOrRIqKka1bSnISoqk.jpeg,1Bt9lk2d0bzuqdwmOrRIqKka1bSnISoqk.jpeg,True,1018,1280,JPEG,08ac419377c6d44c57bbc1e799407eb9df888096aae2886bd75f16ae93d7f7ef,,False,,,,,
meme_008009,ukr,data/raw/ukr/193kb5JKWb91lULfMDTtWE7Nlt-MLFYYP.jpeg,193kb5JKWb91lULfMDTtWE7Nlt-MLFYYP.jpeg,True,455,358,JPEG,18f13aab6ebc029ab3984ed1473d4ee0c8526a0c2c78092bd0800ebb9ddd3c0f,,False,,,,,
meme_014963,ukr,data/raw/ukr/1reozuMwIMGJlAqixZE4Ko3zHHan9i2Ej.jpeg,1reozuMwIMGJlAqixZE4Ko3zHHan9i2Ej.jpeg,True,939,1228,JPEG,eaccbf707e51471aa14192fb9a504e8a88025a0ef7a4bbac0d482192fde9fda2,,False,,,,,
meme_000830,rus,data/raw/rus/1744.jpg,1744.jpg,True,1280,1263,JPEG,d365c47d00386247450686b6edb50cb9ff4ba4fabf841df48bf22267067add1f,,False,,,,,
meme_009405,ukr,data/raw/ukr/1INL1VxHXZnLZn4Puq3opG5KL5aOTPt2C.jpeg,1INL1VxHXZnLZn4Puq3opG5KL5aOTPt2C.jpeg,True,906,841,JPEG,dc56680fecaae8cbbb3bbd84cb5181c13b05cc86bb209c737498321b255cf00f,,False,,,,,
meme_009341,ukr,data/raw/ukr/1Ht2glzFm5gUS_5L1anwf9D71UEY2qCKQ.jpeg,1Ht2glzFm5gUS_5L1anwf9D71UEY2qCKQ.jpeg,True,1080,953,JPEG,dc121ad6c16ac58b76159adeb3a6533e50e14737789a2e3b85f29ea966002edf,,False,,,,,
meme_015479,ukr,data/raw/ukr/1uph-91QOZmtyIveWQKgMiCNDfFRS9WsI.jpeg,1uph-91QOZmtyIveWQKgMiCNDfFRS9WsI.jpeg,True,720,836,JPEG,4a23afee9bc144db57aaab4b59d04e15e7af849ba77ce65f8cffd8bb2d6778f9,,False,,,,,
meme_006235,rus,data/raw/rus/753.jpg,753.jpg,True,772,800,JPEG,a1ddc49157b4bf0919b944f270a89b6b864db82ed19a42ae0e3b833f1347fa29,,False,,,,,
meme_007848,ukr,data/raw/ukr/17vUDwmgOSS40NiDC0CoDRpnH6U-EXmlK.jpeg,17vUDwmgOSS40NiDC0CoDRpnH6U-EXmlK.jpeg,True,1125,1097,JPEG,45948375c53b6903379340399b782f7098b089530fdcb6bda4a71624a8f35626,,False,,,,,
meme_008760,ukr,data/raw/ukr/1E8W0Y4eh8H29SBdTFezMB8n-u_x9j4bc.jpeg,1E8W0Y4eh8H29SBdTFezMB8n-u_x9j4bc.jpeg,True,925,640,JPEG,4b7695a596556b6afcc29c5c64ed65efd226daba403a96fd13874dd9f835f0fa,,False,,,,,
meme_013810,ukr,data/raw/ukr/1jxbDKp-iX2Wx9Wn9m79bpTX3QnVacmEj.png,1jxbDKp-iX2Wx9Wn9m79bpTX3QnVacmEj.png,True,640,492,PNG,6aaca52b706bc2f798a1f3843ef42baa9b72c90f8a6c92e0510d32ad91c5f53f,,False,,,,,
meme_002875,rus,data/raw/rus/3585.jpg,3585.jpg,True,1280,978,JPEG,973587960024c4e102e790babb521d5807799c2b86053196338067364f6464da,,False,,,,,
meme_003528,rus,data/raw/rus/4172.jpg,4172.jpg,True,580,604,JPEG,c3b51407490c23e255932a666e160a5a92e4dffee535ee99a7fc6ee461fcbbfc,,False,,,,,
meme_011244,ukr,data/raw/ukr/1U_1LLJ3qEC-hMmaGLnyYJo6Q2akzEkr8.jpeg,1U_1LLJ3qEC-hMmaGLnyYJo6Q2akzEkr8.jpeg,True,1280,1264,JPEG,b7549f40dd98ba5a2097f082f02ca3fc1c7d43ed57b71a7b539c6c2c17c47120,,False,,,,,
meme_005310,rus,data/raw/rus/5777.jpg,5777.jpg,True,1242,1199,JPEG,4967ad11f79e09c921234387b6ce556d135aaa32c0b1e5746198cef4c686dc08,,False,,,,,
meme_010120,ukr,data/raw/ukr/1N2-LSIMRqQ5HgbWpLf5t5KXiNx96bKXn.jpeg,1N2-LSIMRqQ5HgbWpLf5t5KXiNx96bKXn.jpeg,True,810,1279,JPEG,dd40f97e2b98e0631990f4360178882920d6ac8576e5e5894ad03e221651caf2,,False,,,,,
meme_008067,ukr,data/raw/ukr/19ViGVeb7mgFnK-XrTQaedQuEzSKf9JHq.png,19ViGVeb7mgFnK-XrTQaedQuEzSKf9JHq.png,True,710,818,PNG,0d8966ed0e95fc36bccac0052419a0c5635c0cfdd417be34a99fd0ce26630b27,,False,,,,,
meme_013603,ukr,data/raw/ukr/1iejzLrYgUPmkM33omsaU6PIFDzfDVfdd.jpeg,1iejzLrYgUPmkM33omsaU6PIFDzfDVfdd.jpeg,True,1230,985,JPEG,3d37d798e11f4d82b103561e11f4400a86f5b8171942ce6846eebb97d4d8a4a6,,False,,,,,
meme_000182,rus,data/raw/rus/1160.jpg,1160.jpg,True,703,800,JPEG,8787026e79b8c19d56a2f2a9142791b28f003538911ab5a204cf568a73278f6b,,False,,,,,
meme_000832,rus,data/raw/rus/1746.jpg,1746.jpg,True,710,800,JPEG,7788ec828b4a616d276b7f35eaed7fa652a9d3df3b473994a2b3120fc62c9c37,,False,,,,,
meme_001322,rus,data/raw/rus/2187.jpg,2187.jpg,True,511,800,JPEG,3dad7c3a8ede2fcd803c7bff1ad5ce11769569944aae1bdfcd5607fe532c848e,,False,,,,,
meme_007913,ukr,data/raw/ukr/18KbpV6YoN23wzmZdT3a1XOb7ag_U8vAX.jpeg,18KbpV6YoN23wzmZdT3a1XOb7ag_U8vAX.jpeg,True,1280,1030,JPEG,920aeb5bf479545bd1e2cccd2380ff56ca813d71586c23e47e15d3ceda5858c9,,False,,,,,
meme_003106,rus,data/raw/rus/3793.jpg,3793.jpg,True,453,604,JPEG,40e1cd64ea0c79205e512d9ca7565c831d8d588f57ba47ecb3a81f13b5287ec0,,False,,,,,
meme_012298,ukr,data/raw/ukr/1aZrQ1AtW9E2BPlaw8fGNn-7UIvT2o1-2.jpeg,1aZrQ1AtW9E2BPlaw8fGNn-7UIvT2o1-2.jpeg,True,1280,1280,JPEG,7d7e878dabd77313a4d12ce4bfe5060e3cb7db849c31d76814b436bc90a70277,,False,,,,,
meme_005690,rus,data/raw/rus/6118.jpg,6118.jpg,True,750,664,JPEG,90cafc60ab1dad2a089d7253661ecdbc0267859bb7e45f109e069481e7e0b365,,False,,,,,
meme_015851,ukr,data/raw/ukr/1xMRX_qGnzEZ9UV-hnQzCxs20e0v8z_Jo.jpeg,1xMRX_qGnzEZ9UV-hnQzCxs20e0v8z_Jo.jpeg,True,814,621,JPEG,5ea60be025f71f841edce307d448900ffbbea858a69c676af095c2c2d8edb41f,,False,,,,,
meme_012649,ukr,data/raw/ukr/1ceiY5BhoFAxLT6BUWCE3EyQE-p_ocNtg.jpeg,1ceiY5BhoFAxLT6BUWCE3EyQE-p_ocNtg.jpeg,True,688,574,JPEG,bf350d3b76a46dd3ae512cc0490fe746abb574ef7c8a71d12323324d9993d3f2,,False,,,,,
meme_002381,rus,data/raw/rus/314.jpg,314.jpg,True,923,1154,JPEG,468c9f4e7a061a0e21d4296a4fe620bdb67a552d0981efa4ce83db30783eb244,,False,,,,,
meme_014196,ukr,data/raw/ukr/1mVU3YFxOZAO7yGZonE5YJCmLQpYSZYSU.jpeg,1mVU3YFxOZAO7yGZonE5YJCmLQpYSZYSU.jpeg,True,775,1080,JPEG,17d1c750701a133dfd5cd8643f72f469a82fa5150e26de76f9c8c78c7579992e,,False,,,,,
meme_005139,rus,data/raw/rus/5622.jpg,5622.jpg,True,602,800,JPEG,45c7cdc793d445f7f44ec47bf1101539c4795a915c0d8e50b2b008f7d15fd02d,,False,,,,,
meme_008338,ukr,data/raw/ukr/1BG5LZWcOFWn-Ghbcmonp31wdIkcZL4en.jpeg,1BG5LZWcOFWn-Ghbcmonp31wdIkcZL4en.jpeg,True,1242,1236,JPEG,3d690d302083006e3e7ea2fc6a50fcc33148386c15755a81400580cfb1fde08e,,False,,,,,
meme_003598,rus,data/raw/rus/4235.jpg,4235.jpg,True,1135,1280,JPEG,e94d27989b6eb53d58513a7f1d1fbca877c09f19f3d3c3c2cf3859fd112210cd,,False,,,,,
meme_015915,ukr,data/raw/ukr/1xo9ecEimJ2VT4UztLhSsxWZ0QeXL3Nt7.jpeg,1xo9ecEimJ2VT4UztLhSsxWZ0QeXL3Nt7.jpeg,True,1128,1420,JPEG,e46585a8e8578f3ab7934d0e773925a385f96d52565a2ca5db2c746dbeee9495,,False,,,,,
meme_002158,rus,data/raw/rus/294.jpg,294.jpg,True,727,727,JPEG,3abba31918d319c1303e78c4aa0e5c9fd3b64c00169713bf6596eb73b1c11a50,,False,,,,,
meme_007753,ukr,data/raw/ukr/17LEJsGJ7CPNvh6EaF2qElgxgpSadtH8j.jpeg,17LEJsGJ7CPNvh6EaF2qElgxgpSadtH8j.jpeg,True,509,720,JPEG,8107a58f88e42b2c0bff6df5cde385b3cbc503b413b589c1425a2a6e7a682f64,,False,,,,,
meme_011377,ukr,data/raw/ukr/1VSZE6HBWyYCLi5do50p2XRz6WI0amcZA.jpeg,1VSZE6HBWyYCLi5do50p2XRz6WI0amcZA.jpeg,True,1070,952,JPEG,6f6970ae492c0c59ab800f1d6a935d8add0f1ad48a22cbce1e0df9d4800c14ae,,False,,,,,
meme_008291,ukr,data/raw/ukr/1B0xiOyt8HSHhD_EgzPy2AKcHPuXdQIkK.jpeg,1B0xiOyt8HSHhD_EgzPy2AKcHPuXdQIkK.jpeg,True,1080,1080,JPEG,8716e99d1ba785d779d4b12fda220a308e7e620e937011156e4427b2250e6f78,,False,,,,,
meme_001599,rus,data/raw/rus/2436.jpg,2436.jpg,True,676,514,JPEG,2d4f4ac01856778e88c4e6cab5c34d42da8e5c7ee0dcca1d2240de2d7c4b05e6,,False,,,,,
meme_014672,ukr,data/raw/ukr/1piiFGON6KpwKWvdidGupmW795xm_sGyB.jpeg,1piiFGON6KpwKWvdidGupmW795xm_sGyB.jpeg,True,560,476,JPEG,e15391c90dc02c9ef1f21e131632f30c25aa8ff80f9e7a86a6a9955c7f5be6ce,,False,,,,,
meme_005982,rus,data/raw/rus/6381.jpg,6381.jpg,True,577,535,JPEG,1b1e76997b09b2b95d3edf71556ca5e7ffd34708e11dcd9b4b3dd77d0193bcf4,,False,,,,,
meme_001804,rus,data/raw/rus/2620.jpg,2620.jpg,True,750,729,JPEG,6169db997fb789fd05dc7807d86744405ffc2a4465616ab2af1779bd778001a2,,False,,,,,
meme_012014,ukr,data/raw/ukr/1ZYFQiU7jclf7W-rejrC5iHeY_LWAt7Ks.jpeg,1ZYFQiU7jclf7W-rejrC5iHeY_LWAt7Ks.jpeg,True,1080,1080,JPEG,f22f565d8b7e200e21fc4101e4a496e18a3b1c34d0f4c4bdd18e7b2adf784a77,,False,,,,,
meme_007518,ukr,data/raw/ukr/15j2HxS7Ic4GXk8QZEA9I-s9_K6dn3JRd.jpeg,15j2HxS7Ic4GXk8QZEA9I-s9_K6dn3JRd.jpeg,True,720,498,JPEG,28979dd31b1b576616cdb19697b30f4d43238a648105137a1be621e75f529f95,,False,,,,,
meme_006884,ukr,data/raw/ukr/11hyVv_OBezJCkrbuT8YFbKICmmI_dtn8.jpeg,11hyVv_OBezJCkrbuT8YFbKICmmI_dtn8.jpeg,True,500,500,JPEG,9789374f8aba4a9ec5d182f02737479619517d1d6e8c279ca8340c8c68b5f708,,False,,,,,
meme_013934,ukr,data/raw/ukr/1ki0tU4anSmJkvR6kKUG_-J0VcUwTGyJZ.jpeg,1ki0tU4anSmJkvR6kKUG_-J0VcUwTGyJZ.jpeg,True,454,574,JPEG,8444e29c1bd8fbde4e6aa66b04044b11d0aad7831e040961dbaaf25c25cce458,,False,,,,,
meme_013335,ukr,data/raw/ukr/1gx1tET048Dr4l2FSFeckaC_svHcW7thU.jpeg,1gx1tET048Dr4l2FSFeckaC_svHcW7thU.jpeg,True,885,681,JPEG,2dec49b83c7de747576d8bb8740ad0d25db07a9470c5dace155b2e644c1702ae,,False,,,,,
meme_014220,ukr,data/raw/ukr/1mhEDKsX-pdTYlO71XVq1XGRHnQsRF-N-.jpeg,1mhEDKsX-pdTYlO71XVq1XGRHnQsRF-N-.jpeg,True,658,838,JPEG,abbd029585426704e892a85d68afefaa4dd3a1e88cf43740ace57ec393144d75,,False,,,,,
meme_004216,rus,data/raw/rus/4792.jpg,4792.jpg,True,799,800,JPEG,2b7a65f560cc8891a18abaffba6f9fb7fb4af8bbb67f8c299a1824063f5a3e45,,False,,,,,
meme_013540,ukr,data/raw/ukr/1iF2vX0xBZBULqztO87UpEBtQ25toFV96.jpeg,1iF2vX0xBZBULqztO87UpEBtQ25toFV96.jpeg,True,1057,590,JPEG,9c7254aab47a36eb266a08b0a3caecaa12dc42ebc8491d1702425172058a7f73,,False,,,,,
meme_001733,rus,data/raw/rus/2557.jpg,2557.jpg,True,800,630,JPEG,15a275dea479806f77cda9636e7715fbd54dc244e4fc04697b5975cd6df3b168,,False,,,,,
meme_009071,ukr,data/raw/ukr/1G5McC8e06GNOTosjsZHzvD22hszxr_Iv.jpeg,1G5McC8e06GNOTosjsZHzvD22hszxr_Iv.jpeg,True,1279,1159,JPEG,64bed6d0c8d8b83c8d15f4382ae662cc6b2f5bb75224e921bca4e24b70a1935e,,False,,,,,
meme_000773,rus,data/raw/rus/1693.jpg,1693.jpg,True,640,638,JPEG,90893ad794406479b8bab754fae2a92adbe153a3b5f05bd44a34c7cc42cba94c,,False,,,,,
meme_005121,rus,data/raw/rus/5606.jpg,5606.jpg,True,600,700,JPEG,3609ef9e7bbe76fc200744de36dc5ff316491e77a012ce8dd6b121626e6d4b2d,,False,,,,,
meme_012745,ukr,data/raw/ukr/1dGIukw2iUT3ym9vV3_RpQg6KQLKES_V9.jpeg,1dGIukw2iUT3ym9vV3_RpQg6KQLKES_V9.jpeg,True,657,856,JPEG,1bd479db891b5ea747dfc68c3c4492e60d59e1ef67864f36e465df537ced7e1a,,False,,,,,
meme_015379,ukr,data/raw/ukr/1uKXY55JcmBR_wn4XDoGobDUIZk-o1FNi.jpeg,1uKXY55JcmBR_wn4XDoGobDUIZk-o1FNi.jpeg,True,587,1279,JPEG,08a83c10ccfc7916dc09c201246d9a0a5c3f18efb03556111f182e429e6e17f9,,False,,,,,
meme_016137,ukr,data/raw/ukr/1zLgAvERQRmviddquKWTSG2qodGWDT6Eu.jpeg,1zLgAvERQRmviddquKWTSG2qodGWDT6Eu.jpeg,True,884,1133,JPEG,b35d3587a153e0fcd06afd0f9481b773442117e25dad4ab5f198f7703cdbe21a,,False,,,,,
meme_000395,rus,data/raw/rus/1352.jpg,1352.jpg,True,604,467,JPEG,67a4c4788defd33c6bde5b42319aaa82ac498eb30b94372af168e50809df70d3,,False,,,,,
meme_007959,ukr,data/raw/ukr/18a_cMn9LnbeJ9q5xoG1jH5EoNzOvPZr0.jpeg,18a_cMn9LnbeJ9q5xoG1jH5EoNzOvPZr0.jpeg,True,703,795,JPEG,aa1f2d58d27c0a38858d531e388f4b69fc7392f49f62239c3f407b45e621c32e,,False,,,,,
meme_002817,rus,data/raw/rus/3532.jpg,3532.jpg,True,971,1080,JPEG,c6ae89001a25b9f9858295e0873d0057199f0368f5356c99aca1362b33057283,,False,,,,,
meme_010155,ukr,data/raw/ukr/1NFi_BxvDegW_YZ37Ujos03VxDjFUQY46.jpeg,1NFi_BxvDegW_YZ37Ujos03VxDjFUQY46.jpeg,True,1080,1256,JPEG,9bc88770e2a1ecdf247c98e843b6951d5ac403c97c6baa36243c0005ab4db4fe,,False,,,,,
meme_010580,ukr,data/raw/ukr/1Q9chaUq6uSL4N7L-F51DsqzFqypS3Nwc.jpeg,1Q9chaUq6uSL4N7L-F51DsqzFqypS3Nwc.jpeg,True,720,683,JPEG,b27239ddc63023be9e7003a82f657f94330ee48ba071cef12226b7a013db226f,,False,,,,,
meme_015278,ukr,data/raw/ukr/1t_ssHELqgUqn6SDQgXKsvpmsnvUihq5I.jpeg,1t_ssHELqgUqn6SDQgXKsvpmsnvUihq5I.jpeg,True,960,775,JPEG,0e47a4c2335721cb6d2a984d55d9e49260103b97adf8892086b513c58b639d1f,,False,,,,,
meme_014540,ukr,data/raw/ukr/1oqkr5DemWOGP4tKQW8R-6k3g9dREyDr3.jpeg,1oqkr5DemWOGP4tKQW8R-6k3g9dREyDr3.jpeg,True,1000,1000,JPEG,719cf0a1d93286b39daf6091413807b3458ef00e6cccd20913e6977c91099fea,,False,,,,,
meme_005268,rus,data/raw/rus/5739.jpg,5739.jpg,True,556,800,JPEG,aaa61625da51aed1227872a916df90018a37cbbf36059638d049b137afdc5694,,False,,,,,
meme_002702,rus,data/raw/rus/3429.jpg,3429.jpg,True,800,618,JPEG,f5a5b26174e84231b76ceaf7c047a74403a9edc709e6df31b7ce8f3438850cf3,,False,,,,,
meme_011184,ukr,data/raw/ukr/1UC-3u1eyFdUT2xYRSMnPMHNwOl5SQang.jpeg,1UC-3u1eyFdUT2xYRSMnPMHNwOl5SQang.jpeg,True,1279,1279,JPEG,5027920433a9084ea0fb404ca5e84feeeb6dde647359d8fb7bf7f1b46136cd5a,,False,,,,,
meme_013175,ukr,data/raw/ukr/1fspG7Vhkd3YDPPOUsS9g3z7-5FQ4LI9C.jpeg,1fspG7Vhkd3YDPPOUsS9g3z7-5FQ4LI9C.jpeg,True,827,815,JPEG,d6dcd220438f4c3f5be29c563b61e69d4c9539acacf5754556ea9898ff06c785,,False,,,,,
meme_003679,rus,data/raw/rus/4308.jpg,4308.jpg,True,859,1057,JPEG,09e58679a1957c8d07740413795d497a69bc6da162fcece1ae200550bb605967,,False,,,,,
meme_008497,ukr,data/raw/ukr/1CKppG6PTxwXPKlxIKbig1NOyD7SNpocO.jpeg,1CKppG6PTxwXPKlxIKbig1NOyD7SNpocO.jpeg,True,678,765,JPEG,ed1f205ec910ad5978a8cb78b2b7ac1a21ba93cca5cba45a5124ca3c6296ff88,,False,,,,,
meme_005654,rus,data/raw/rus/6086.jpg,6086.jpg,True,1080,1080,JPEG,75a4a6e1447af71019e8926638c4862abba8c912d1d1c4201f02c85957d5cbfc,,False,,,,,
meme_002058,rus,data/raw/rus/285.jpg,285.jpg,True,782,800,JPEG,0c9ae497459f751f267b4d3957743b1d8906b824e8906960a72480110fae4686,,False,,,,,
meme_005359,rus,data/raw/rus/5820.jpg,5820.jpg,True,420,502,JPEG,3b3f7582217e6dee77d642d9908f91ee23f2ffd39a654fe5e0845253430d78f1,,False,,,,,
meme_008661,ukr,data/raw/ukr/1DVoWznnDloO_GGvWOiU4cT9CP7aYe9Jk.jpeg,1DVoWznnDloO_GGvWOiU4cT9CP7aYe9Jk.jpeg,True,933,518,JPEG,aad1e2a655417a6f0d9c6f0b4ce114df09a047d7a24a106676103e1f6186dbcd,,False,,,,,
meme_005864,rus,data/raw/rus/6275.jpg,6275.jpg,True,1280,1179,JPEG,241590b56f8d453af2c675b9439917895b4b39f693c39d67ce1a2a16d15ab2ef,,False,,,,,
meme_003847,rus,data/raw/rus/446.jpg,446.jpg,True,1117,1035,JPEG,b7a65d04d632187bddb481c87a126c2b0b22da6627f7fe742f65aed1ba9f3195,,False,,,,,
meme_014464,ukr,data/raw/ukr/1oHPsGILcT-mFXQJjs4dzLaasn8i_C5bM.jpeg,1oHPsGILcT-mFXQJjs4dzLaasn8i_C5bM.jpeg,True,1024,1021,JPEG,7d811396179bb63fba1f56ead70b95cc7e33cd68a967c8276c5cc5b30f357e31,,False,,,,,
meme_004107,rus,data/raw/rus/4694.jpg,4694.jpg,True,1024,1260,JPEG,31250863af9fb251d8ae85855205bc710d8e03de06edb93720eb9b24c2bbdde7,,False,,,,,
meme_014958,ukr,data/raw/ukr/1rdjGnIl53FzmDYwQqTlvsXM35JfmWdWj.jpeg,1rdjGnIl53FzmDYwQqTlvsXM35JfmWdWj.jpeg,True,564,564,JPEG,4e43ea8f6149884f10fe517d83dbcabd0b13066a0fc89fef427024ba13c35781,,False,,,,,
meme_012147,ukr,data/raw/ukr/1_VIAUu4TJT8leLuglg7Hcy1yFeNvKVSF.jpeg,1_VIAUu4TJT8leLuglg7Hcy1yFeNvKVSF.jpeg,True,1080,1080,JPEG,a5ce7da102e780ff5aef0bdb007cc494377bf5b2bc0c47d241eaf7d5dd4b064e,,False,,,,,
meme_009669,ukr,data/raw/ukr/1KADkmveuLzRRKri5hsDVVqqBkOpQzsSt.jpeg,1KADkmveuLzRRKri5hsDVVqqBkOpQzsSt.jpeg,True,700,813,JPEG,a244e95d31af24a10fa7d0e39dd192cd2cac6f1925802b52d867fa412fc3fb95,,False,,,,,
meme_012185,ukr,data/raw/ukr/1_nsjiudZnQ6nh_SLbMZpHcJDUWH1oWB3.jpeg,1_nsjiudZnQ6nh_SLbMZpHcJDUWH1oWB3.jpeg,True,1080,892,JPEG,4ffb7dd05ca672f0b754fe4069103aea313bda18538105c6b829a8a4b1743a53,,False,,,,,
meme_005107,rus,data/raw/rus/5594.jpg,5594.jpg,True,640,640,JPEG,3570d3878fae5cd7363ef70bda743d25c4bd3a9f2095b88adf9fadef46fe6d2b,,False,,,,,
meme_001434,rus,data/raw/rus/2288.jpg,2288.jpg,True,540,540,JPEG,2a1019c18f740c92f09b1dac2bbc48a7f7c2b0a2b0c3f1dac32d810cc89c4130,,False,,,,,
meme_014692,ukr,data/raw/ukr/1psCkohwNYxrgM3kWEbsm2XoAul2kNWVf.jpeg,1psCkohwNYxrgM3kWEbsm2XoAul2kNWVf.jpeg,True,553,680,JPEG,b42ec01d0d31b1f36a9b1ae8f7dfbdad230feeec25ae8304273f36c23b2f9667,,False,,,,,
meme_015264,ukr,data/raw/ukr/1tXD780D2ciHTisuzVhbqkvPk58ZZzGXG.jpeg,1tXD780D2ciHTisuzVhbqkvPk58ZZzGXG.jpeg,True,780,1172,JPEG,cfcb3d470c00b0317a189759482f799af126d5df7c5bc6be5a7700cc6ba0dcee,,False,,,,,
meme_007464,ukr,data/raw/ukr/15OuRQAoX6mFcvvNSULBMQMcKl-bH1HeU.jpeg,15OuRQAoX6mFcvvNSULBMQMcKl-bH1HeU.jpeg,True,800,610,JPEG,95d38af034e2af5fdeef4fec186a878b1b3287f6f7c1ff2ee9750b52bb8dad2f,,False,,,,,
meme_015297,ukr,data/raw/ukr/1tm3xH8yH4DC1VtNMArn6CqZ8kzePcCeA.jpeg,1tm3xH8yH4DC1VtNMArn6CqZ8kzePcCeA.jpeg,True,918,858,JPEG,0bea2cc61092f824f72247a26f2b4bb84499f6a99d7aa39e7144e375adb84ef0,,False,,,,,
meme_007904,ukr,data/raw/ukr/18FhuBB56gRgexoEQUp1nUFHTgaT3GrWm.jpeg,18FhuBB56gRgexoEQUp1nUFHTgaT3GrWm.jpeg,True,1280,927,JPEG,7f05a389d5d61b3a3571ef75470f439de5122c795e1b12bce5fdb614e9175469,,False,,,,,
meme_013143,ukr,data/raw/ukr/1flDmtypJcb6Vt1xTE9HE-PhHboRrKKBs.jpeg,1flDmtypJcb6Vt1xTE9HE-PhHboRrKKBs.jpeg,True,1601,1772,JPEG,ae1c3c4ad2d49a4453e1474cf67be91b17234ec9994181c1690f06d556a102f7,,False,,,,,
meme_013748,ukr,data/raw/ukr/1jZnD9NG4-gNPK4JZI9FVyvvMXxbpR0-0.jpeg,1jZnD9NG4-gNPK4JZI9FVyvvMXxbpR0-0.jpeg,True,1138,1280,JPEG,76aff69d857e31c59d887e1c54be64deb935a99c30088e165622743004575d88,,False,,,,,
meme_006602,ukr,data/raw/ukr/1-oSxuWtIF-6STjFNac9QoJFVzhtFfEl_.jpeg,1-oSxuWtIF-6STjFNac9QoJFVzhtFfEl_.jpeg,True,926,1279,JPEG,7368e6b814f29f9c0bda5369c16ae3b5a19f60c941b694511925955a0291e1c1,,False,,,,,
meme_014272,ukr,data/raw/ukr/1n2xSSBpMOwzGQlaNaOt-w8BAkVuGqjhq.jpeg,1n2xSSBpMOwzGQlaNaOt-w8BAkVuGqjhq.jpeg,True,1280,720,JPEG,54c3c127ead53ce76dcb3f41191f0c36b7a579c6cf30750ba466546ba5f353bf,,False,,,,,
meme_005636,rus,data/raw/rus/607.jpg,607.jpg,True,1280,1271,JPEG,28eb3d0e83af5f07c40a9fd836a4dfa10c92c1fd7bc852cf563f7017b2e43d08,,False,,,,,
meme_001027,rus,data/raw/rus/1921.jpg,1921.jpg,True,800,800,JPEG,e9af18a28c25a40d0b85d48d7428975c6ceb2c1a2664804ed1bb9aea7bee1331,,False,,,,,
meme_015762,ukr,data/raw/ukr/1wog4VMMuG7Up_QwMkQD1fexig2MlX8WR.jpeg,1wog4VMMuG7Up_QwMkQD1fexig2MlX8WR.jpeg,True,1280,748,JPEG,28e34d6ca71de801a7c9977d5bc9e332e83a16b002ab642c1f3721dfc2893976,,False,,,,,
meme_009331,ukr,data/raw/ukr/1Hpod4BqLBbtMgrz0VU9YaW5onliSRzj3.jpeg,1Hpod4BqLBbtMgrz0VU9YaW5onliSRzj3.jpeg,True,500,852,JPEG,56b98e1302a678b54c1e4d241ca73fae90b00462287664abc1ce995a3cf12b08,,False,,,,,
meme_000276,rus,data/raw/rus/1245.jpg,1245.jpg,True,456,420,JPEG,9766f5d6cb46ea29e82e055f4838ab8e22370003f6c0dd12b82edbb844c4e062,,False,,,,,
meme_009542,ukr,data/raw/ukr/1JICbV2lbz-VCX0PC4HEQ-1xVc9XxG40h.jpeg,1JICbV2lbz-VCX0PC4HEQ-1xVc9XxG40h.jpeg,True,1087,838,JPEG,0a5a40ace9d3ccce9509b2aa8ff80fd4a2cd5465edee0149dc7fcd58e52ceec8,,False,,,,,
meme_015702,ukr,data/raw/ukr/1wMnWWBtS-o6o6OOIGESYsHJ30jmzwDGo.jpeg,1wMnWWBtS-o6o6OOIGESYsHJ30jmzwDGo.jpeg,True,453,485,JPEG,b658bba2defabd4dbd4e2af5186ca8c87a70014498e84fea60fb0428c37d6a71,,False,,,,,
meme_010426,ukr,data/raw/ukr/1P-aLxpVPQ52an0Y-kmV6A-0MRQQHDSJt.jpeg,1P-aLxpVPQ52an0Y-kmV6A-0MRQQHDSJt.jpeg,True,600,449,JPEG,984d138d54ca6027b4e9420b37b4d2646cce7a58e69a6ca2ce2e3bbbc2a0c62a,,False,,,,,
meme_006940,ukr,data/raw/ukr/121zL427aY2I1i9m9SDQAdeB6hmGJnChn.jpeg,121zL427aY2I1i9m9SDQAdeB6hmGJnChn.jpeg,True,1070,1191,JPEG,d3a293aab521a429c09b83ae2a712a96d29830f55bb0469fc7302cf3930c4a6d,,False,,,,,
meme_015320,ukr,data/raw/ukr/1tzSRoPj_IBGivM94tHtCiBnRUq7eAq-0.jpeg,1tzSRoPj_IBGivM94tHtCiBnRUq7eAq-0.jpeg,True,914,1162,JPEG,c11c2a47444fbb6b60f0a2ae7e8247fdb1ad036841fedaa52f2a2d8ac6eb61be,,False,,,,,
meme_015646,ukr,data/raw/ukr/1vwpcDzpre7nF7rr0bhIjW4i4gyUfLBEl.jpeg,1vwpcDzpre7nF7rr0bhIjW4i4gyUfLBEl.jpeg,True,590,736,JPEG,d78a50f114f56a11a54b3ae3ec7a4bfcde5835e5253d1beac4fd7eee0f972796,,False,,,,,
meme_006890,ukr,data/raw/ukr/11jGkxJoQykPSwZpHEM0MvNcRWfPACcWj.jpeg,11jGkxJoQykPSwZpHEM0MvNcRWfPACcWj.jpeg,True,1280,958,JPEG,be518cec38ba055d82e060c03a25e5a630a3316ac755f5d3611e24a5d5e483b9,,False,,,,,
meme_009976,ukr,data/raw/ukr/1M5kW8a2PWy3V2MgNvfteVeHWN3ZUr-lR.jpeg,1M5kW8a2PWy3V2MgNvfteVeHWN3ZUr-lR.jpeg,True,720,634,JPEG,4ffb93ca4e0f7d3211a84c64349c2a55b985010d16534e9ae61255a7dedca817,,False,,,,,
meme_005688,rus,data/raw/rus/6116.jpg,6116.jpg,True,1204,962,JPEG,9a46e204a50a14c48652da9562befc733b22ae5fddd4ca8db22c473085f2bd81,,False,,,,,
meme_009953,ukr,data/raw/ukr/1LxoKtypmj8pPSF55VbD0lgpdOyvJTrEW.png,1LxoKtypmj8pPSF55VbD0lgpdOyvJTrEW.png,True,657,884,PNG,4568a051bd7dc574dca08b95775b2af20135cd8a96ac41ac6f0d3594491cd09a,,True,,,,,
meme_010457,ukr,data/raw/ukr/1PEWa0izmnoS5LBWkNu4YzCIKxAy0fNyd.jpeg,1PEWa0izmnoS5LBWkNu4YzCIKxAy0fNyd.jpeg,True,1088,949,JPEG,81e9403c4578e321bbd9c00421c90936d768928cd73b155346d0f223368554f2,,False,,,,,
meme_009653,ukr,data/raw/ukr/1K4PsqmMkPSjWtYXpUn-RLepeQSMjyCuG.jpeg,1K4PsqmMkPSjWtYXpUn-RLepeQSMjyCuG.jpeg,True,918,918,JPEG,6b122bd6804fb505ae891c222d56770a01f1a39ba459400d6c15cdf90ffd2ca4,,False,,,,,
meme_016075,ukr,data/raw/ukr/1ysCQrvpHY6optTLRkqKbpSkmvVEIDDtM.jpeg,1ysCQrvpHY6optTLRkqKbpSkmvVEIDDtM.jpeg,True,500,600,JPEG,fd927f0bfd0af8d4d2c0d90b82d95761a453a202b70e2939b866016743a32369,,False,,,,,
meme_005771,rus,data/raw/rus/6191.jpg,6191.jpg,True,590,820,JPEG,c51289a6e6feca42b7bbe9f95e84b78d44829d89156c26a9c3652536956798f3,,False,,,,,
meme_012986,ukr,data/raw/ukr/1evlBRCSOESkLjgd0AlZrU_wNu00yfP3S.jpeg,1evlBRCSOESkLjgd0AlZrU_wNu00yfP3S.jpeg,True,628,576,JPEG,54892494ba5bf3079985c87cbb16700bb84484d77014f35c9621772f58a36262,,False,,,,,
meme_010291,ukr,data/raw/ukr/1O8ZQzltJL49_NSbCXrvnLqhJ_jkgYIKy.jpeg,1O8ZQzltJL49_NSbCXrvnLqhJ_jkgYIKy.jpeg,True,600,598,JPEG,2709a62cd0afc577c4c8b4015efb20b9bc72142d1cc38dfd3cb112ca2c9c1656,,False,,,,,
meme_013435,ukr,data/raw/ukr/1hZgptE5IMAUvWZoMMtG6KL1ETSJBO1QF.jpeg,1hZgptE5IMAUvWZoMMtG6KL1ETSJBO1QF.jpeg,True,680,575,JPEG,157a4a8e313c72c1f89b6688a157bb8d9aff49d278274c0757fb2c0807d2dcc5,,False,,,,,
meme_003071,rus,data/raw/rus/3761.jpg,3761.jpg,True,1280,640,JPEG,93d978554c2a14d673959724616ed10e6554b97afd06f013cb53cd00e1e323a6,,False,,,,,
meme_010365,ukr,data/raw/ukr/1Og3JnE0VI3VVP5rCMz3qVtJv1aeTGHZp.jpeg,1Og3JnE0VI3VVP5rCMz3qVtJv1aeTGHZp.jpeg,True,668,869,JPEG,b04ec9b98cadf09cad17c5bcf998e0f9cb7d2e48fffc4e0f62a2576e7df7e9bf,,False,,,,,
meme_009250,ukr,data/raw/ukr/1HGbyQPXZU92mfP5WZ_L3QMURWCiTZVUi.jpeg,1HGbyQPXZU92mfP5WZ_L3QMURWCiTZVUi.jpeg,True,735,1279,JPEG,fd56e7b9a412f5fd60912283f10fd1fafaf6558917680e88408f6aa2f7762c3a,,False,,,,,
meme_016011,ukr,data/raw/ukr/1yRkw6G6d-p_m0GS_s_zIIxicMPO9Rn9r.jpeg,1yRkw6G6d-p_m0GS_s_zIIxicMPO9Rn9r.jpeg,True,720,405,JPEG,584cf40722e5e974f8a1ad2aa8bbd4b1867d9920ab7d1405348192ef7e37d912,,False,,,,,
meme_007278,ukr,data/raw/ukr/149lKDN-JUy_uYlX0zq_8hDoVRrAFfYIo.jpeg,149lKDN-JUy_uYlX0zq_8hDoVRrAFfYIo.jpeg,True,526,680,JPEG,80e81b74dcf0cf5e656f13eba1f0974df985df8c20fb8d88b582863147792e4d,,False,,,,,
meme_005602,rus,data/raw/rus/6039.jpg,6039.jpg,True,800,735,JPEG,ddc68e151fda210fe8ddea778d15b567d79738d3c4d14b63d9d96398a560b3d2,,False,,,,,
meme_007071,ukr,data/raw/ukr/12t9YeiFLSh8BlRk08_WQuaObtzF93xki.jpeg,12t9YeiFLSh8BlRk08_WQuaObtzF93xki.jpeg,True,900,562,JPEG,e6c21515ae7ffebfb11e7504aac9d1eb524d0d52d6dbfe7cc1d1f0f84dc18424,,False,,,,,
meme_010713,ukr,data/raw/ukr/1QyVqF-FUivk2B55B-bRphdAdjQcw4I24.jpeg,1QyVqF-FUivk2B55B-bRphdAdjQcw4I24.jpeg,True,1055,594,JPEG,22b1ede5c494ac8b7d2ce36ec76efd9c1e24b4df029e9f2cf07b03e4a50656f6,,False,,,,,
meme_004886,rus,data/raw/rus/5395.jpg,5395.jpg,True,956,1080,JPEG,5ddfacd902043ba37b047a3a0f545ba76092204e902f311f5971863a3d0328f3,,False,,,,,
meme_002232,rus,data/raw/rus/3005.jpg,3005.jpg,True,800,761,JPEG,5fc777b9fcc0f1d7d9e9523308a4f2dfda4c3ae691cb7c4da9895f08ce834c27,,False,,,,,
meme_008272,ukr,data/raw/ukr/1Ata1K4gNLeEwnHyQB0RIiOKz_ucIceGJ.jpeg,1Ata1K4gNLeEwnHyQB0RIiOKz_ucIceGJ.jpeg,True,318,450,JPEG,6900462cec88d84c14cb018ec284639e3164dc7f10d9d72624fc6ff4e3a1f282,,False,,,,,
meme_004075,rus,data/raw/rus/4665.jpg,4665.jpg,True,773,1280,JPEG,faa93f31c900a0d2803773d8bf2417a17259ca4162e8b4f41f8949402fe87f4d,,False,,,,,
meme_015223,ukr,data/raw/ukr/1tGnUevkKdRyty-nJOzNb_nOIs8TWgLSq.jpeg,1tGnUevkKdRyty-nJOzNb_nOIs8TWgLSq.jpeg,True,1080,1080,JPEG,7e1b73ee1fd7d809de3a0d9c9f1c0bd2262e452654e5ad56a1df82dd5e4b84b6,,False,,,,,
meme_014530,ukr,data/raw/ukr/1olPyzJteDWRqWIfED2guazp-A6aGxJ9c.jpeg,1olPyzJteDWRqWIfED2guazp-A6aGxJ9c.jpeg,True,720,762,JPEG,4b6bc07cecf766d8897854515a123e9bbe509e10e86540f3c18918aa99d744a6,,False,,,,,
meme_006801,ukr,data/raw/ukr/114LpXLFpBAepUtal9GdYoSMvPVpxws0r.jpeg,114LpXLFpBAepUtal9GdYoSMvPVpxws0r.jpeg,True,1230,1238,JPEG,549fb2833dcf15f51c66a93298d8696baee83e18df4db3b7bb61d97068a94661,,False,,,,,
meme_010498,ukr,data/raw/ukr/1PbrKEd2Q5yb1rqK7pe5lUMPHPDAL1DQy.jpeg,1PbrKEd2Q5yb1rqK7pe5lUMPHPDAL1DQy.jpeg,True,742,620,JPEG,9017c98cab3b5ad4b3169111f2c773e809b353f32cab716442848a9d8afa479d,,False,,,,,
meme_005119,rus,data/raw/rus/5604.jpg,5604.jpg,True,640,528,JPEG,1f922d92cee1dcf4e19cd1da5c7b93bcf0a37a9b5083a0bffed15b62f8f1e720,,False,,,,,
meme_012402,ukr,data/raw/ukr/1bEIIZ0xKlUi9oi00ILF3IMo8M3k8P9EU.jpeg,1bEIIZ0xKlUi9oi00ILF3IMo8M3k8P9EU.jpeg,True,680,586,JPEG,5f4250e1205fb9d7be183002ad2677bf838fb36be3a040be28f90c9c13e27499,,False,,,,,
meme_002271,rus,data/raw/rus/3040.jpg,3040.jpg,True,564,589,JPEG,5994395861f485f9d23c37c3d2385339fb2aacf44c77299ba271b4cc620ed782,,False,,,,,
meme_016103,ukr,data/raw/ukr/1z3vKCoZSRfj2KJBOjEnIqHMzt30RTXd6.jpeg,1z3vKCoZSRfj2KJBOjEnIqHMzt30RTXd6.jpeg,True,798,609,JPEG,e66b4b1ef932ed36b7bbaf71dfa5a3631ba0711192ea0d11492ad91b90d9b6ba,,False,,,,,
meme_001912,rus,data/raw/rus/2718.jpg,2718.jpg,True,1080,961,JPEG,3c2e30a6f7f930484f72cb739a03c49bfa5c349084c07f6a56b06d9ec86413e6,,False,,,,,
meme_013710,ukr,data/raw/ukr/1jPDbBt0REjj2KHLU_XpxlcOTtRUYaQnY.jpeg,1jPDbBt0REjj2KHLU_XpxlcOTtRUYaQnY.jpeg,True,1240,1280,JPEG,50be18a92708e844f57991b25618d7ea5d11fc5d2a1134966d4e3bc52e935522,,False,,,,,
meme_001218,rus,data/raw/rus/2093.jpg,2093.jpg,True,640,1046,JPEG,a4da29a5d74d81367cde6dcbbe3516201d1f684dcc8de5d90422a29df0f24c4b,,False,,,,,
meme_010554,ukr,data/raw/ukr/1Q-lZ-k4nuUdWmR6c_wHt2kQKM9dq9rL1.jpeg,1Q-lZ-k4nuUdWmR6c_wHt2kQKM9dq9rL1.jpeg,True,900,724,JPEG,5369878ffbb5ebe653fa832a7f6792eb1e1da70c3fb04c529a19d2ca82c02bc2,,False,,,,,
meme_010114,ukr,data/raw/ukr/1N-SFLu5051xbmV6ct29Ws3f1xEefZCWv.jpeg,1N-SFLu5051xbmV6ct29Ws3f1xEefZCWv.jpeg,True,438,604,JPEG,d5cc2f7b72054fe5abbdf8928c938f35d3acc7734fc937a08bf677b5b0e55d9a,,False,,,,,
meme_011284,ukr,data/raw/ukr/1Use_yJmUEKmYRDnrDKwRPt_g8aPfUsHS.jpeg,1Use_yJmUEKmYRDnrDKwRPt_g8aPfUsHS.jpeg,True,730,1279,JPEG,3de785dd1254b0e2ba54f5b971b9a997dd6e0f1581105f3cc677884e8ee7abd6,,False,,,,,
meme_004124,rus,data/raw/rus/4709.jpg,4709.jpg,True,1225,1280,JPEG,2da793a25f467aef2aaf7eff2a98c341c359b3bef5cf4a96f4b8b547b8dc7faf,,False,,,,,
meme_009635,ukr,data/raw/ukr/1JwpgEY05B0HqCtC0EoI8kC4zzAsL3NPu.jpeg,1JwpgEY05B0HqCtC0EoI8kC4zzAsL3NPu.jpeg,True,1280,1133,JPEG,036bc79579c9e41514d292a9793ad4c6dd03d595930ddfbb41cfbebe2e10d604,,False,,,,,
meme_008689,ukr,data/raw/ukr/1DdSUC-D2c5MSwc7sG7CymRE4YIMZyMrT.jpeg,1DdSUC-D2c5MSwc7sG7CymRE4YIMZyMrT.jpeg,True,780,779,JPEG,c01b1b7646f21775a44572f7fd36153f293c12edc31ab3df7cd7cedb49a86803,,False,,,,,
meme_015879,ukr,data/raw/ukr/1xWtEl2-cxNhvZRvS3qeNb3M0Ng_osUkT.png,1xWtEl2-cxNhvZRvS3qeNb3M0Ng_osUkT.png,True,614,787,PNG,f86d446b5e6f18728edd0c32b74238983ddf7245e71457e58e017c95c9210714,,False,,,,,
meme_009144,ukr,data/raw/ukr/1GeUq5O94wv1TGARfFoiqlo1kT-22Nygh.jpeg,1GeUq5O94wv1TGARfFoiqlo1kT-22Nygh.jpeg,True,600,514,JPEG,4e912d5c89e620b607b8eb8c30f9fd90448c59444e94b42285359a476069bc4c,,False,,,,,
meme_001741,rus,data/raw/rus/2564.jpg,2564.jpg,True,1108,1114,JPEG,5342c663fb5a4d27466a0471fabab8345bbc90341213a4dbdbaf58716c18ce30,,False,,,,,
meme_001958,rus,data/raw/rus/276.jpg,276.jpg,True,800,665,JPEG,d5cd0fef79cfa6949b244f51b9a0b75e24653b7ce6196730e79814ef769cf203,,False,,,,,
meme_003464,rus,data/raw/rus/4114.jpg,4114.jpg,True,834,1080,JPEG,4de2bed2d4622e1eac3c1cdfa10de9c1419b0347a4a447d6f66835bf9a03cf70,,False,,,,,
meme_000458,rus,data/raw/rus/1409.jpg,1409.jpg,True,895,1080,JPEG,3c6ce4eb4e2257a9133da7a675cbebfbbefac6ffa0ecf3113a1af909ba92702d,,False,,,,,
meme_015045,ukr,data/raw/ukr/1s2---o-rnvOBARFSP1H2ybl27jOq7YmR.jpeg,1s2---o-rnvOBARFSP1H2ybl27jOq7YmR.jpeg,True,900,751,JPEG,4801c942873defdae5b516f44dbe0b5f921712228bf1155b2f0693ec7453c2fb,,False,,,,,
meme_007601,ukr,data/raw/ukr/16KUdTGz61f7BsGtRbCtgMsczChnStQqi.jpeg,16KUdTGz61f7BsGtRbCtgMsczChnStQqi.jpeg,True,599,906,JPEG,261627cd9c12733271a38abcca5573c9948b4878f30c14c1bae4b38e1d3bbf2f,,False,,,,,
meme_004398,rus,data/raw/rus/4956.jpg,4956.jpg,True,577,1002,JPEG,c7ebd03993c55ffcb98485a75a15aaf113648977e16f896f45486d58678a5629,,False,,,,,
meme_016205,ukr,data/raw/ukr/1ztNFE9bpGD8tJlzh3XRjWLQH8DOTGB5L.jpeg,1ztNFE9bpGD8tJlzh3XRjWLQH8DOTGB5L.jpeg,True,1135,1280,JPEG,78ffacd3d566138d22615253e1f55c3ef671511d3695733aa0f9c69268632a9d,,False,,,,,
meme_005039,rus,data/raw/rus/5532.jpg,5532.jpg,True,800,654,JPEG,aef564132fa7dc98011962c015290497d6d8b31bcefc46c5220110da07729520,,False,,,,,
meme_000064,rus,data/raw/rus/1054.jpg,1054.jpg,True,700,800,JPEG,ac86fc2a107bf2b8e7fd2b354fcf185b395d2af13426b11c5a1f3ad4cfecbb16,,False,,,,,
meme_007519,ukr,data/raw/ukr/15ktxdUXZ4y2UviSA9KEF9EB4KOXWZ091.jpeg,15ktxdUXZ4y2UviSA9KEF9EB4KOXWZ091.jpeg,True,763,624,JPEG,4a3a9b97f2d9d1af18a427fe3d845e5aafd7949b60a298081b3bb52125e94e91,,False,,,,,
meme_015766,ukr,data/raw/ukr/1wqNJtqFRl4AUoMLURam2Fa39bG0mxJXC.jpeg,1wqNJtqFRl4AUoMLURam2Fa39bG0mxJXC.jpeg,True,1152,1440,JPEG,7c3c54038fe7226890c086b66edb32f292592396c94e078f601d079bc8b0963b,,False,,,,,
meme_008483,ukr,data/raw/ukr/1CDUaFWMNFmWaseNffNjWuG1wiknl406m.jpeg,1CDUaFWMNFmWaseNffNjWuG1wiknl406m.jpeg,True,506,702,JPEG,8fe197e6077a74b46513f599e2b4be6ab22478a149a37186cb0ce429bfa16aaf,,False,,,,,
meme_002630,rus,data/raw/rus/3364.jpg,3364.jpg,True,669,1066,JPEG,6ebcbfecb20d49b3e8a89dacf0ac2d087ccb5d586e97fe846f2d90b86d0a41bd,,False,,,,,
meme_013308,ukr,data/raw/ukr/1giwMB1e2uQ7a5tyXDHSdhBlOqFYPOrjw.jpeg,1giwMB1e2uQ7a5tyXDHSdhBlOqFYPOrjw.jpeg,True,1682,2102,JPEG,ab5949c6a8c938f481e189ca63f2b50a400b2ca479b1c2fce5eec688d86253dd,,False,,,,,
meme_013456,ukr,data/raw/ukr/1hi_7lfrxK8JoiPIJFPzPR1UIhhmk7NAF.jpeg,1hi_7lfrxK8JoiPIJFPzPR1UIhhmk7NAF.jpeg,True,1120,1117,JPEG,f185e9278bfae9f5d0d5b6cadcec16faa1b0f0f2139c8f16e947ddbf441e10d1,,False,,,,,
meme_008189,ukr,data/raw/ukr/1AHQNqvG1fj_vTXpM8gVbMEM2jvxpTdxg.webp,1AHQNqvG1fj_vTXpM8gVbMEM2jvxpTdxg.webp,True,500,555,WEBP,f0ad2bbac89f167adb348199295334d7d2f4ca657106fbd9683288177385d7c1,,False,,,,,
meme_002021,rus,data/raw/rus/2816.jpg,2816.jpg,True,703,295,JPEG,a7c82228c88bb640301f8d1aebad03f8d8a84eed0ebf46d58a9a192f16fe15b8,,False,,,,,
meme_002799,rus,data/raw/rus/3516.jpg,3516.jpg,True,477,191,JPEG,c5da2cdc31e7bda1861070171643de9a0c41d328a3b265fa63a8886f08a4dcaa,,False,,,,,
meme_012440,ukr,data/raw/ukr/1bTvNJKtKaX6675yA5MMqfhDQydcjMpEf.jpeg,1bTvNJKtKaX6675yA5MMqfhDQydcjMpEf.jpeg,True,1116,1133,JPEG,de3ce8080d30202f2246590ab6c750bc7486e740e391a2fb2203b0747c7c9eba,,False,,,,,
meme_014571,ukr,data/raw/ukr/1p5-ZznsDoQnpdbkJFqDiXnU41GhyKC6G.jpeg,1p5-ZznsDoQnpdbkJFqDiXnU41GhyKC6G.jpeg,True,671,666,JPEG,71b70d8159cf3571716f18edaeccbac532235c13dd7cb1331932bb7091b45ba4,,False,,,,,
meme_001455,rus,data/raw/rus/2306.jpg,2306.jpg,True,624,1052,JPEG,797b643726376a997fd69853ce8879b0fd5a944935461f273429e62afe4d7534,,False,,,,,
meme_006878,ukr,data/raw/ukr/11dMViz1xwjSCA1Klbubh8fS1Pu__oCPN.jpeg,11dMViz1xwjSCA1Klbubh8fS1Pu__oCPN.jpeg,True,934,620,JPEG,e710620a2cf9881131de01d426d90c215ce9d3d462a494835a6ceef19444a286,,False,,,,,
meme_005351,rus,data/raw/rus/5813.jpg,5813.jpg,True,800,568,JPEG,b7f65abf3b8ff2df6fa5d320f38fe592a93831f48dc45dea342eb4f32a87b53e,,False,,,,,
meme_011196,ukr,data/raw/ukr/1UHXMWM_9X6tFb4dQce5DcTNs6WJfGZzO.jpeg,1UHXMWM_9X6tFb4dQce5DcTNs6WJfGZzO.jpeg,True,679,479,JPEG,7a40e58f05de44e64dbc49fe8a86533e32b2cb8e2438caa9f9cf52a4e063d506,,False,,,,,
meme_005999,rus,data/raw/rus/6397.jpg,6397.jpg,True,734,800,JPEG,e7d6c1d12de68cd34480286d57851abaece8a101e32bc77a4dbae8d7c9757841,,False,,,,,
meme_011234,ukr,data/raw/ukr/1UXeawKeWvnRG96O6rna44eHG2Iq9hGut.jpeg,1UXeawKeWvnRG96O6rna44eHG2Iq9hGut.jpeg,True,500,593,JPEG,902ec62b22a04201aea7f3fbf2ce98ff7dadef501e5300817f041c7eb996d29c,,False,,,,,
meme_000062,rus,data/raw/rus/1052.jpg,1052.jpg,True,600,553,JPEG,364d647a038cfe8ddbdd6e0ac90b92ee3cccde4586ead241307d768532bbe379,,False,,,,,
meme_013428,ukr,data/raw/ukr/1hWuMA3-zEEJWRHMRM-6ZCa6sgyBixC7b.jpeg,1hWuMA3-zEEJWRHMRM-6ZCa6sgyBixC7b.jpeg,True,735,1003,JPEG,f0013765cf28281ca97073a963a78fccdbc514b4a1fcb2bcf436a341301ff8f9,,False,,,,,
meme_006370,rus,data/raw/rus/875.jpg,875.jpg,True,766,1280,JPEG,8cc0c6b1b644481cc418f7250daf881b5b0b6e8e0d451e9e6129d27e946f9827,,False,,,,,
meme_011635,ukr,data/raw/ukr/1X81f_Uk9keEIAn_Ac23HlMgiDFl-pCtJ.jpeg,1X81f_Uk9keEIAn_Ac23HlMgiDFl-pCtJ.jpeg,True,1360,1746,JPEG,0b83e0fda53397ec4b6d61f56020239a691359c71de532a196c17901737a40a1,,False,,,,,
meme_006558,ukr,data/raw/ukr/1-RC0rrCclHwzBG6IHS98fx_G6eYJYgJX.jpeg,1-RC0rrCclHwzBG6IHS98fx_G6eYJYgJX.jpeg,True,704,528,JPEG,f0584b0810386ee6eff78ff4340843b351900d197d6b13d2399eed54eec8a06e,,False,,,,,
meme_006394,rus,data/raw/rus/897.jpg,897.jpg,True,557,562,JPEG,bd0357c6ce595313f71a477c31ca6b26dc762d4caade774a48cba00bef9c65e9,,False,,,,,
meme_007763,ukr,data/raw/ukr/17OhR_1ExCnaslUnkQi1wPugO9lUdSHf_.jpeg,17OhR_1ExCnaslUnkQi1wPugO9lUdSHf_.jpeg,True,1280,1129,JPEG,60176471b13a3bae44a278aaa62ac296f61e124c4cd1cc6256e315f7414ce5e2,,False,,,,,
meme_013462,ukr,data/raw/ukr/1hmJmVxFkvNucUCr-96tlwD7IzyURjXbO.png,1hmJmVxFkvNucUCr-96tlwD7IzyURjXbO.png,True,1024,746,PNG,b9a99a985b077af87f774f5fb162a54d3e9f5234d1076887c4b627fe31dd8ef1,,False,,,,,
meme_012272,ukr,data/raw/ukr/1aNl9ZE7hHr7_lAHNm586d4v1pFOhia6J.jpeg,1aNl9ZE7hHr7_lAHNm586d4v1pFOhia6J.jpeg,True,1280,834,JPEG,5d0c2811c9850757761db0ff7cf3066f5f594d775670edc32820ad67e9ceda36,,False,,,,,
meme_008204,ukr,data/raw/ukr/1AMgQZ9EoKnNTsq9RSwcJpQIH2Pkcb4YS.jpeg,1AMgQZ9EoKnNTsq9RSwcJpQIH2Pkcb4YS.jpeg,True,1116,1376,JPEG,dae036a3a67525bbf03d6e05dd174d528995feeb81d1ee9a6cc519c4ba8d9865,,False,,,,,
meme_000634,rus,data/raw/rus/1568.jpg,1568.jpg,True,345,400,JPEG,1f3546776289c2a52d37e386bb27466ec0df943ad9509a810baaa1445710e8bc,,False,,,,,
meme_001924,rus,data/raw/rus/2729.jpg,2729.jpg,True,604,187,JPEG,820dbb17472fc0262bc7844426990b3885da427eb1242bace7c83d7e5e2d181c,,False,,,,,
meme_014892,ukr,data/raw/ukr/1rDh30TpW_JAaZqArjDww9-SAb8f2oYG9.jpeg,1rDh30TpW_JAaZqArjDww9-SAb8f2oYG9.jpeg,True,1273,1280,JPEG,653fb5935ed8acb67fd3afac4b129d84a07e6b3e62c0a9a2535ff80a56a60344,,False,,,,,
meme_006960,ukr,data/raw/ukr/12BiVxH_QeiVCqz183AGW4wPhh1Bp0FWl.jpeg,12BiVxH_QeiVCqz183AGW4wPhh1Bp0FWl.jpeg,True,1193,864,JPEG,1d4b223d5db387b177dc252f0b537635df5f86b27bc33fdede16d11ebb22a2b2,,False,,,,,
meme_002752,rus,data/raw/rus/3474.jpg,3474.jpg,True,800,798,JPEG,2b1ddb902799e4f8d8e98fd33fb17c5f7ebea3e1acf6e229b17ff12008c5f900,,False,,,,,
meme_008789,ukr,data/raw/ukr/1EIRd50H2ylBeTGnliTaF5s5Jc8GU8MrP.jpeg,1EIRd50H2ylBeTGnliTaF5s5Jc8GU8MrP.jpeg,True,676,900,JPEG,5cbb5279f739325fde9085d8058ba15b26ba3b86b9e60620d7bdc0ec60692545,,False,,,,,
meme_007888,ukr,data/raw/ukr/18AgTz3SEoIksxiVS7Ceb9VvMKv_8JVSm.jpeg,18AgTz3SEoIksxiVS7Ceb9VvMKv_8JVSm.jpeg,True,491,751,JPEG,411b3b659823a4a4f424458ebbc0bc287e96fc45023720399f0b64bdd4c48317,,False,,,,,
meme_012787,ukr,data/raw/ukr/1dZH6sE6Ykl1cpbe35LPRQjNYEU-BhkWB.webp,1dZH6sE6Ykl1cpbe35LPRQjNYEU-BhkWB.webp,True,684,858,WEBP,210d14c7a71ac61f671fe4dca141f46d52d177ed107dd25068910f975dd3fd8d,,False,,,,,
meme_016060,ukr,data/raw/ukr/1ynL8HPr6WcLfsMaBnKDdfxgeNps0rONS.jpeg,1ynL8HPr6WcLfsMaBnKDdfxgeNps0rONS.jpeg,True,1280,895,JPEG,b4621e7841a7f036fd591bfb2c1bcdd68dcfc664aa9c417d3a30bb20a13ad366,,False,,,,,
meme_014195,ukr,data/raw/ukr/1mUt_gViXD_OYqBpCr-CQ-nXmJ2bGIgXp.jpeg,1mUt_gViXD_OYqBpCr-CQ-nXmJ2bGIgXp.jpeg,True,804,1280,JPEG,310fa7f350f69183e994ca8184fbcd6465a86d0aa9a4b520e55d7dfb1ad30732,,False,,,,,
meme_006254,rus,data/raw/rus/770.jpg,770.jpg,True,576,800,JPEG,d142eea4f5d8773f659be752d89b2caa05ce1bc814ba09dbaa7b3a63a021b7c3,,False,,,,,
meme_015000,ukr,data/raw/ukr/1rosBC_P1gjcYqx4MSvm0JYRUqmQb2REX.jpeg,1rosBC_P1gjcYqx4MSvm0JYRUqmQb2REX.jpeg,True,676,880,JPEG,c1560833ca0576a46041de13d9b776973704749cae56430466c2766175b0da88,,False,,,,,
meme_009503,ukr,data/raw/ukr/1J1lHsQhML36P7WQj-93449-DKEO36uWk.jpeg,1J1lHsQhML36P7WQj-93449-DKEO36uWk.jpeg,True,1170,993,JPEG,c7d4bb1c6e04b99018f297da420c8ae444aeae723a58c4ddce744a9ca664dde0,,False,,,,,
meme_015969,ukr,data/raw/ukr/1y8Pspr9tKcjNQdpoV4qE_L4Zeolzr2hF.jpeg,1y8Pspr9tKcjNQdpoV4qE_L4Zeolzr2hF.jpeg,True,1057,1114,JPEG,96e178420829c0c3dfa34f4bf6484e737734831a762b8152ec13b6c87eb779d7,,False,,,,,
meme_003635,rus,data/raw/rus/4269.jpg,4269.jpg,True,960,645,JPEG,b9556f30c017621a6250ff24e3270d9d92e147f570f4dff2579d70ed298a8b5b,,False,,,,,
meme_000408,rus,data/raw/rus/1364.jpg,1364.jpg,True,737,747,JPEG,d9fd663352f190d4c8cf009148f133d01373750cedd689161180b2e6feb71ffa,,False,,,,,
meme_009982,ukr,data/raw/ukr/1M9-eYaRrJEW6Rz41EBvIBurDE4wasLtn.jpeg,1M9-eYaRrJEW6Rz41EBvIBurDE4wasLtn.jpeg,True,455,406,JPEG,ccb9d6a117216ebfdcc0d4d43e8954590ee2cea8f481a799745f417471768e0a,,False,,,,,
meme_015593,ukr,data/raw/ukr/1v_XwfYeaBMbrdM-wFPfq6Ngy_D1oYD8S.jpeg,1v_XwfYeaBMbrdM-wFPfq6Ngy_D1oYD8S.jpeg,True,726,535,JPEG,bbba5ddb285412bdbb5d8cbec99e431118a8888077a237d5664aa22bf1b90233,,False,,,,,
meme_009320,ukr,data/raw/ukr/1HheGmRwgZR4UURl_jUvaVDEZ6Vsvr-Y9.jpeg,1HheGmRwgZR4UURl_jUvaVDEZ6Vsvr-Y9.jpeg,True,700,979,JPEG,842d021b8272b632c4ddd6c654716bcf46e20b2e8b1b57315f23a32aeeae3f08,,False,,,,,
meme_001624,rus,data/raw/rus/2459.jpg,2459.jpg,True,480,537,JPEG,d5f01e339e5a2b0fb2570aaea7312586ed374a6953327abada70f2c7488a2ac1,,False,,,,,
meme_012692,ukr,data/raw/ukr/1cwdwjTYooTJILKA_8AHDvCpCFKgW5_Pi.jpeg,1cwdwjTYooTJILKA_8AHDvCpCFKgW5_Pi.jpeg,True,1280,1180,JPEG,9c2fdc27c5f63718c90a3dd908f09f7ca3c0f6cbcc5700127fbdcb1bff741c27,,False,,,,,
meme_012484,ukr,data/raw/ukr/1bhHa845evzgMCuH8bCgS5ZzN-huGEDqa.jpeg,1bhHa845evzgMCuH8bCgS5ZzN-huGEDqa.jpeg,True,456,550,JPEG,281be702162c3a5e4833a9282d849a93dfe1151d48b3b0c0db73a9041bbd2f91,,False,,,,,
meme_015255,ukr,data/raw/ukr/1tTWsqbLxzLZrsFZI_IfANUGUvdwdF3Rh.jpeg,1tTWsqbLxzLZrsFZI_IfANUGUvdwdF3Rh.jpeg,True,970,1080,JPEG,4abc072c9f04a4768248e2912b3dc5c8ea01c5e30f0ec6bab0c673d8197cafd3,,False,,,,,
meme_000171,rus,data/raw/rus/1150.jpg,1150.jpg,True,640,761,JPEG,73ba4eb0ad3a65cda4c50cb083b82303a181a38b17366d06d93748553a6f2352,,False,,,,,
meme_015246,ukr,data/raw/ukr/1tRCrVsmZC9m9WZzbsutqreqm8td_bUJB.jpeg,1tRCrVsmZC9m9WZzbsutqreqm8td_bUJB.jpeg,True,1080,589,JPEG,a1272dc20668bac3b2d207306edde1f06da8f5ddb4cf9d88371368738cdf1386,,False,,,,,
meme_003442,rus,data/raw/rus/4095.jpg,4095.jpg,True,726,659,JPEG,991969a93056a099f63fd37e3755de65cdbe9d9561245344b7a439f57498065a,,False,,,,,
meme_005554,rus,data/raw/rus/5997.jpg,5997.jpg,True,491,491,JPEG,57a28b029c126cc56bf623ce40d71a2aaa10fb31d122b32f5b4dd9457e88e6da,,False,,,,,
meme_014902,ukr,data/raw/ukr/1rHFqm7AbuemRiJLFAp-Xzd_OyoVZ0V5-.jpeg,1rHFqm7AbuemRiJLFAp-Xzd_OyoVZ0V5-.jpeg,True,1887,1638,JPEG,9aaa1b2b53df9fdfe791c0c6b969c54cf3492991a5286b02935a83a870420659,,False,,,,,
meme_007408,ukr,data/raw/ukr/155Bmcktgcz74e3O6ngixgBDZ5cNu5Zd5.jpeg,155Bmcktgcz74e3O6ngixgBDZ5cNu5Zd5.jpeg,True,773,1280,JPEG,74e08950ba4e3fd6af6739059b2afaa025125628527945e9775fc67f80942b45,,False,,,,,
meme_014909,ukr,data/raw/ukr/1rJv9Y-7PwpBKYjmGTvaxk7qbY-vBIutc.jpeg,1rJv9Y-7PwpBKYjmGTvaxk7qbY-vBIutc.jpeg,True,918,1052,JPEG,577942bcb36dfac38d3f02a13e49fa4e23e44a234143ab5cd2f472cab07bab24,,False,,,,,
meme_015225,ukr,data/raw/ukr/1tHmVHAZNX7ozTBDgtmGgPsoYIf0zEBZY.jpeg,1tHmVHAZNX7ozTBDgtmGgPsoYIf0zEBZY.jpeg,True,569,568,JPEG,1ff0cb1fbb4645a7ab12e7f234e38cf20d1addbcd8c72569f951ae4446dc2068,,False,,,,,
meme_001386,rus,data/raw/rus/2244.jpg,2244.jpg,True,540,569,JPEG,a1df524f9eb07e72407c36a37091cd5ca65481a3ee24200cc3688c60a64d237d,,False,,,,,
meme_004402,rus,data/raw/rus/496.jpg,496.jpg,True,697,800,JPEG,908f97d7e3115c143a91581dd1a17a5283af6ccae3f279e41629b743877a7262,,False,,,,,
meme_007521,ukr,data/raw/ukr/15ljB6scEZfii9U7pDoeSns3-PE1zh4eH.jpeg,15ljB6scEZfii9U7pDoeSns3-PE1zh4eH.jpeg,True,476,493,JPEG,4a9caa266455a3aaa756730bd240c1bab6a62c22ade60109138a2657a1706321,,False,,,,,
meme_000684,rus,data/raw/rus/1612.jpg,1612.jpg,True,686,1080,JPEG,d4056da6d2e76a536e3d5411209686b62f7c4ffc72dbefb3ec83da3103837695,,False,,,,,
meme_005401,rus,data/raw/rus/5859.jpg,5859.jpg,True,1137,1080,JPEG,bffb95abbbbb5a2dd272ad19d74f63c211c8137e83b455f186cadd357ba6eafc,,False,,,,,
meme_003722,rus,data/raw/rus/4347.jpg,4347.jpg,True,683,800,JPEG,5b6e64731e31b00dd3a3abe3c3fca19c0c39e71b349854b2d1e0eddf7b6fec91,,False,,,,,
meme_012315,ukr,data/raw/ukr/1afFDuG_S2TAkg8ou2FtjTzIzi3BfY2iU.jpeg,1afFDuG_S2TAkg8ou2FtjTzIzi3BfY2iU.jpeg,True,811,983,JPEG,711ce5e68ade4b8e480e882bf5ab0fb027723a1508a9ea04a8cc8c4d79872883,,False,,,,,
meme_013089,ukr,data/raw/ukr/1fVW9mp8-rgS9REMv_2ftI-2I56oKJlNb.jpeg,1fVW9mp8-rgS9REMv_2ftI-2I56oKJlNb.jpeg,True,905,870,JPEG,27823c54890daa0ba0acc8a497f66d1d60c222fd4b78ccd046f36df6c732cac2,,False,,,,,
meme_007741,ukr,data/raw/ukr/17FXonp6538lNzwIMqtiOfbTsqpgUNcKM.jpeg,17FXonp6538lNzwIMqtiOfbTsqpgUNcKM.jpeg,True,1080,730,JPEG,c60f397c8f55a3b2d195f1330bfefe636aa3ca56910b16b854bd82670d1e1810,,False,,,,,
meme_011035,ukr,data/raw/ukr/1TERvrU3cL_HiOGxggM5VbhofAdlcEc8A.jpeg,1TERvrU3cL_HiOGxggM5VbhofAdlcEc8A.jpeg,True,720,648,JPEG,24c7a1f14bf2005ad51d53ac3439012d00616558651ad9a2632a662158a8fe91,,False,,,,,
meme_011901,ukr,data/raw/ukr/1YuZ5dbsFMO0N5WLbD2yIFWeazVBG3JIb.jpeg,1YuZ5dbsFMO0N5WLbD2yIFWeazVBG3JIb.jpeg,True,896,896,JPEG,c20428363e97eed3492a78c223f1b4250d2fb78c7af5cbabf264aeeae5318b43,,False,,,,,
meme_003209,rus,data/raw/rus/3886.jpg,3886.jpg,True,598,587,JPEG,4190b9b19760a20483f7c7d1ab0aa0a06aa9360fea1c7834b7114cea4d11be26,,False,,,,,
meme_000801,rus,data/raw/rus/1718.jpg,1718.jpg,True,1100,600,JPEG,e939dc204022bc9254eee72f4d71fe0dc31cd32d2be356b748f379f704400802,,False,,,,,
meme_011851,ukr,data/raw/ukr/1YWdu8-iEfNBEmFXVNlIQDkF5chM0bDXX.jpeg,1YWdu8-iEfNBEmFXVNlIQDkF5chM0bDXX.jpeg,True,930,1200,JPEG,87b5081fbc206626366a7d74a26f6527bb55aa4f2b96598a4e45a7c615a45df4,,False,,,,,
meme_000748,rus,data/raw/rus/1670.jpg,1670.jpg,True,755,800,JPEG,ccf2c98b04a64affabe8efe74ab8a2901063a34a8b5f1c1ca02e8a469376494e,,False,,,,,
meme_003548,rus,data/raw/rus/4190.jpg,4190.jpg,True,591,562,JPEG,d52eb451939c9d9d3e8e08a59723001ac7b3cddb1d3a3e0cef1b0f283c2955e5,,False,,,,,
meme_008139,ukr,data/raw/ukr/1A0DY0sUUPqzpYDIwIPgwtKv_ZCgv32h1.jpeg,1A0DY0sUUPqzpYDIwIPgwtKv_ZCgv32h1.jpeg,True,300,262,JPEG,04c57d1b66ba9717fba1caa315ccfea2c5f65b870dc8ef95e8d54528c57a4ede,,False,,,,,
meme_002207,rus,data/raw/rus/2984.jpg,2984.jpg,True,640,377,JPEG,8b30845e51d50ab2f7882d36a6597fb52ee0682d7fa4f89ff63f256df8e97e6b,,False,,,,,
meme_005505,rus,data/raw/rus/5952.jpg,5952.jpg,True,467,604,JPEG,1da527cd880f205ed25aeb73ac7424f2a9285fa6631f295fc0370fcece00df09,,False,,,,,
meme_000591,rus,data/raw/rus/1529.jpg,1529.jpg,True,797,800,JPEG,57aaf050f4c65d28c16a1d2331b6755b47b792551a2e4e83c0ee1984f1252c7b,,False,,,,,
meme_016088,ukr,data/raw/ukr/1yyDQCvJFtNsW8dziyo1CWOAMWq3Vph1B.jpeg,1yyDQCvJFtNsW8dziyo1CWOAMWq3Vph1B.jpeg,True,898,1280,JPEG,8c2f38150e7d44a520f52aa30932d9cd5051df612124be2429231781e3c100b3,,False,,,,,
meme_012912,ukr,data/raw/ukr/1eS0awP4edKx2LcJp5s8NlD3qDg2333Mk.jpeg,1eS0awP4edKx2LcJp5s8NlD3qDg2333Mk.jpeg,True,968,1127,JPEG,74b79315e09e23d452da3c53a8e6444370bc6621a259383ade4b9e5985b4e14d,,False,,,,,
meme_007230,ukr,data/raw/ukr/13qkajOO3-gAZSPQyupSUc70RLVaN4GPp.jpeg,13qkajOO3-gAZSPQyupSUc70RLVaN4GPp.jpeg,True,968,650,JPEG,d2c566cdda714ca693c4f6a84d8f0eb7af7b94dcc3600d3b91ec232b1350111b,,False,,,,,
meme_001492,rus,data/raw/rus/234.jpg,234.jpg,True,591,539,JPEG,ae9ec8921a575c2a17bafb51ec4b56b9725d1de4ef63d2c5e57b5a930b6a01d8,,False,,,,,
meme_016223,ukr,data/raw/ukr/1zzUWP1AkQDyaAu52DOzHe25y58-wnCTX.jpeg,1zzUWP1AkQDyaAu52DOzHe25y58-wnCTX.jpeg,True,1280,1191,JPEG,a315b99f75c3e04a1260588bc0a8d380475e3dd9df4624d4d9535c31cfd6fc42,,False,,,,,
meme_012031,ukr,data/raw/ukr/1ZhkIEumxkywgjWB47LXmNNrg2U0YGGb7.jpeg,1ZhkIEumxkywgjWB47LXmNNrg2U0YGGb7.jpeg,True,1971,2040,JPEG,e1c6b5773d1687a9eedb8e098d60ddfc8f33dff45126f3c66c8cf457e45b5907,,False,,,,,
meme_009639,ukr,data/raw/ukr/1JywG1yv35qULuHlvnSpE1lH1Hy6gWA87.jpeg,1JywG1yv35qULuHlvnSpE1lH1Hy6gWA87.jpeg,True,1024,1133,JPEG,db14f976ce3240611954831c5a7f18b1bc1eeab2b2701c09c50b0c09e0ebbe5f,,False,,,,,
meme_004978,rus,data/raw/rus/5478.jpg,5478.jpg,True,664,668,JPEG,31becf750993324604801313067ac9c452c25fcd72f903e662fc23caf22884ae,,False,,,,,
meme_000963,rus,data/raw/rus/1864.jpg,1864.jpg,True,640,562,JPEG,efbbfc00822ffea5731e7055a0219c0a6db908e9fd5ca65310a6e2a6c650cf2c,,False,,,,,
meme_007045,ukr,data/raw/ukr/12gZOKQ2M3sKeSz8k-XkHnNF7WwV-V7zY.jpeg,12gZOKQ2M3sKeSz8k-XkHnNF7WwV-V7zY.jpeg,True,768,1024,JPEG,c6d5004f71a483786454746d9aa73b0e873cbd0fffedfa3d10876628f0e58d9a,,False,,,,,
meme_014550,ukr,data/raw/ukr/1oue3FgdE3Pwk1I3PRRftAEtPnkk7XArR.jpeg,1oue3FgdE3Pwk1I3PRRftAEtPnkk7XArR.jpeg,True,800,800,JPEG,f266c114264da43b07cfb66bf7210317bd93c7f3df616fd2b0a81fd87914db0a,,False,,,,,
meme_013046,ukr,data/raw/ukr/1fGNwXWCh5bCV12dc5AN1pmAryhd8UEjZ.jpeg,1fGNwXWCh5bCV12dc5AN1pmAryhd8UEjZ.jpeg,True,1059,631,JPEG,9698b02aa17f2e96f3f82936a5508dc14e645cd2da8253feb8826124d07384e2,,False,,,,,
meme_009543,ukr,data/raw/ukr/1JJE3UAZR9cTMUtp-BxjnJ0qh_2zwJEmG.jpeg,1JJE3UAZR9cTMUtp-BxjnJ0qh_2zwJEmG.jpeg,True,1080,1145,JPEG,89829939e56bd9cdf59a54c29db45577e342cc97c2f67ba390298f950678bd26,,False,,,,,
meme_008995,ukr,data/raw/ukr/1FbJ_tVRKB4oapRnP5lQXrD7TlnlXKVh3.jpeg,1FbJ_tVRKB4oapRnP5lQXrD7TlnlXKVh3.jpeg,True,1280,787,JPEG,eadab07f598d799177ee6b597be2369b02b16d05ae435836547088339ccb60e7,,False,,,,,
meme_004790,rus,data/raw/rus/5308.jpg,5308.jpg,True,992,1280,JPEG,67a9ed8808473db1514e61b3bf4d11c4e11d40e05bf6a0c147168760433d231b,,False,,,,,
meme_006312,rus,data/raw/rus/822.jpg,822.jpg,True,356,604,JPEG,e589f88b6ad93d9f3dee36a62fe3b7e6b878ea9e78fe53a5262b144cd34cf684,,False,,,,,
meme_015926,ukr,data/raw/ukr/1xrMhqx3IVozpBdXnT6enjk5kRzJCjSIf.jpeg,1xrMhqx3IVozpBdXnT6enjk5kRzJCjSIf.jpeg,True,491,489,JPEG,dc366eccaa522491c9123377f049c4878f47cc222e7eefed6918ab949d6d235a,,False,,,,,
meme_004014,rus,data/raw/rus/461.jpg,461.jpg,True,522,532,JPEG,4560e6c0b52d5d3aea56d8d441f59c6eb9a5674d71931407210bc4552bb9b7ed,,False,,,,,
meme_011818,ukr,data/raw/ukr/1YKqj4G0dreO4QGilaIIm841_6Nu-wpB2.jpeg,1YKqj4G0dreO4QGilaIIm841_6Nu-wpB2.jpeg,True,591,618,JPEG,cfb1b94aeb45212f76ec4edaa4482a7d388f1ef62369877fa051e9ef4bd0dba0,,False,,,,,
meme_008331,ukr,data/raw/ukr/1BDsKTl3L76zK56hBxOEyX9slWZTKc2G1.jpeg,1BDsKTl3L76zK56hBxOEyX9slWZTKc2G1.jpeg,True,718,1279,JPEG,0bae318a919ec4952d5182438734aa82dfc8bc1ead4806cdbe6ae467e8113900,,False,,,,,
meme_004973,rus,data/raw/rus/5473.jpg,5473.jpg,True,1280,1064,JPEG,404649b1ebd210b447c0c9417783bfcaf7e05a020c3f6d9fe864f692bdba2139,,False,,,,,
meme_009881,ukr,data/raw/ukr/1LUN-31miiD3-lG_ZcH_nOGP0w5qvw-jw.jpeg,1LUN-31miiD3-lG_ZcH_nOGP0w5qvw-jw.jpeg,True,318,348,JPEG,f838ac03e4fcb8bbd7b2cdf2cf5e19d6dc9fefb1ecdc27138874bc5fc136f5a0,,False,,,,,
meme_010992,ukr,data/raw/ukr/1Sz0iHEee955x_peuEE5_qbFYhSDWnj_Y.jpeg,1Sz0iHEee955x_peuEE5_qbFYhSDWnj_Y.jpeg,True,866,1280,JPEG,9dbcee102dbfdb32df7a30ec1c9feba956594b79b17c1b74c5f6eddbc3019738,,False,,,,,
meme_013283,ukr,data/raw/ukr/1gXTmXEWNv0H7K_mdi7ummWxNiIFOFFLk.jpeg,1gXTmXEWNv0H7K_mdi7ummWxNiIFOFFLk.jpeg,True,800,624,JPEG,7d76cc85d03a5ab11388be34a1b8860090e28894c02590f54efd4c699aba1f05,,False,,,,,
meme_015295,ukr,data/raw/ukr/1tlx2DcCp1UITxfNmWMjjd3wTnSxbkWhz.jpeg,1tlx2DcCp1UITxfNmWMjjd3wTnSxbkWhz.jpeg,True,852,743,JPEG,5750002e4279146708a33190254f5a3b6b4d19b2dbeb12eb597f7bc521e5f898,,False,,,,,
meme_005059,rus,data/raw/rus/5550.jpg,5550.jpg,True,604,604,JPEG,5e8f256ea09e1ff4184fb98afb13990e48088182bfae00812a2d2a52f30466a8,,False,,,,,
meme_000587,rus,data/raw/rus/1525.jpg,1525.jpg,True,502,800,JPEG,324b6b3c0984ee5a2475de5db53ec935469b5d8ade0d9ca5ce00f069b79e74e7,,False,,,,,
meme_013189,ukr,data/raw/ukr/1fymeMw4PwE5f-6dxZbndSpzvfTgLDZgK.jpeg,1fymeMw4PwE5f-6dxZbndSpzvfTgLDZgK.jpeg,True,720,531,JPEG,d499d2fb5cab9a2eb712fcc7b44a19bfdaefe8b4a8e13d673115ca12f7bcf677,,False,,,,,
meme_007932,ukr,data/raw/ukr/18SrUjhFsX4ePCPHgEaX0D9EoVvTsK8yR.jpeg,18SrUjhFsX4ePCPHgEaX0D9EoVvTsK8yR.jpeg,True,720,687,JPEG,846a03c53509e2d2942935aff71acde7b4e454773833aff5f531aeedcb1ddc3b,,False,,,,,
meme_013648,ukr,data/raw/ukr/1j-GBCo_xaR3exyqPCS37lTJZ29YXHkVA.jpeg,1j-GBCo_xaR3exyqPCS37lTJZ29YXHkVA.jpeg,True,700,700,JPEG,24da948cdf2272021dc04065f0e3b8c2247a22b2f8151e1f60032cbe2645d97c,,False,,,,,
meme_011554,ukr,data/raw/ukr/1WaaPwczMBq2NY47G_qk1C73T1s5haJKE.jpeg,1WaaPwczMBq2NY47G_qk1C73T1s5haJKE.jpeg,True,2048,1589,JPEG,3b2ce3b0aa31a849089faf0b609d35fa0973c480e135f7b22485697a2f05c50b,,False,,,,,
meme_002674,rus,data/raw/rus/3403.jpg,3403.jpg,True,726,800,JPEG,fde9804890b88cfaa3090d96256553907369f81f9f335f6b5bb669f339552a22,,False,,,,,
meme_008252,ukr,data/raw/ukr/1AhFZZocz2MKVw-isgRe9PFNQf0fkx6Uk.jpeg,1AhFZZocz2MKVw-isgRe9PFNQf0fkx6Uk.jpeg,True,896,1154,JPEG,716ad4d17da7ec1715c93944ad13f03024b0ec53310027926b34c781c889bec8,,False,,,,,
meme_003064,rus,data/raw/rus/3755.jpg,3755.jpg,True,714,743,JPEG,5098cc6400b3669ce9a0787e0ac8f05c68e8715fc069e00aae68c8dfc0206b90,,False,,,,,
meme_011386,ukr,data/raw/ukr/1VWTu8DC3x5KM5RzClRtikfTkPkZ1J3kX.jpeg,1VWTu8DC3x5KM5RzClRtikfTkPkZ1J3kX.jpeg,True,1498,1630,JPEG,027620db9ebceb7c4b71714bb7ba58a85f7a0ffe9ae750ff019ebf5d6004ad74,,False,,,,,
meme_012180,ukr,data/raw/ukr/1_lgRrX-DUzWDbx7Ps4jzuYon1CpGSRms.jpeg,1_lgRrX-DUzWDbx7Ps4jzuYon1CpGSRms.jpeg,True,800,600,JPEG,54f63ead16f7eced94ed2ac90c9799a28ce4993403b6baa1aff536571bee231a,,False,,,,,
meme_015855,ukr,data/raw/ukr/1xO81s2NpH3EUyE3nr4GsZxsKSxUSXLg3.jpeg,1xO81s2NpH3EUyE3nr4GsZxsKSxUSXLg3.jpeg,True,1279,1031,JPEG,4dd932b2cd6954cd9b5d270d871656106bbf9628d026ed7ba2d84632ab8c5c2b,,False,,,,,
meme_012450,ukr,data/raw/ukr/1bUzkUahgQMCQxgwZWGOmXlNL9fdj7yGc.jpeg,1bUzkUahgQMCQxgwZWGOmXlNL9fdj7yGc.jpeg,True,1255,684,JPEG,c8430e1e9998ea14bf6a7dd7fc96421142c51ed0a5c31f13f736109dd312b2ce,,False,,,,,
meme_009366,ukr,data/raw/ukr/1I9ssZKEmZmO2Svu1ToYUONPXw0cijQg3.jpeg,1I9ssZKEmZmO2Svu1ToYUONPXw0cijQg3.jpeg,True,1179,1078,JPEG,8f8dec409b281c8b2ae51b3f332233c9d79718d92fa0a15ff5d88324491d82f0,,False,,,,,
meme_006109,rus,data/raw/rus/6496.jpg,6496.jpg,True,640,630,JPEG,e4f26d6691016cb1eced17a70d5fb87b11e41b11efa2fc8953c8e6b0c0fa10fb,,False,,,,,
meme_013721,ukr,data/raw/ukr/1jRIuvaa9VTTZmSCjMMBxUp1nUofdp-4i.jpeg,1jRIuvaa9VTTZmSCjMMBxUp1nUofdp-4i.jpeg,True,1280,1280,JPEG,3856584bceba671f55e2083c5eea32c16d35d967e0d2fbee1c83d3de9a3f710b,,False,,,,,
meme_013199,ukr,data/raw/ukr/1g3wVAiVWckgWlV7ud_Ckr5IBHG1RAQN8.jpeg,1g3wVAiVWckgWlV7ud_Ckr5IBHG1RAQN8.jpeg,True,829,1279,JPEG,7426e0aae3e654fc09f5be34ef775ef79634f3349ccbd74b373cc8760e0084d4,,False,,,,,
meme_006177,rus,data/raw/rus/700.jpg,700.jpg,True,736,736,JPEG,7647dc256750749889734281a5469412655211616b79398f6aaa9ae41ab91151,,False,,,,,
meme_006206,rus,data/raw/rus/727.jpg,727.jpg,True,705,800,JPEG,6fa350f8204a1ee6e80a392c9be3f7e9fc33af387f1a831d1b540cf068ce7f6a,,False,,,,,
meme_005227,rus,data/raw/rus/5701.jpg,5701.jpg,True,776,783,JPEG,6b004cda60bdd66d34221946655de1eb8ec6b19d4e9608f678291206963b224d,,False,,,,,
meme_013353,ukr,data/raw/ukr/1h2KbB_pm3A7u1kSfyXKiRSC_8WOtLcas.jpeg,1h2KbB_pm3A7u1kSfyXKiRSC_8WOtLcas.jpeg,True,916,975,JPEG,827c8309ff57a01ab421e3b29e630bbfab5d7335662f9c1cd97f6a46423ad3b6,,False,,,,,
meme_013966,ukr,data/raw/ukr/1kwipS1QOIdT3z3KyyqYIeWdwGQ6lbLwV.jpeg,1kwipS1QOIdT3z3KyyqYIeWdwGQ6lbLwV.jpeg,True,1125,1012,JPEG,455659ebc8662957b0e6e50120b98b995bd64b5560596f81139f62a20339ba85,,False,,,,,
meme_004841,rus,data/raw/rus/5354.jpg,5354.jpg,True,1080,1080,JPEG,ccad2cfd062ce49334186d6cabe5802ac6fecc642aac707fb52e73b8d2ade681,,False,,,,,
meme_015936,ukr,data/raw/ukr/1xvhektfOP13SPmGyhiv4aUlF_Wb1pjEk.jpeg,1xvhektfOP13SPmGyhiv4aUlF_Wb1pjEk.jpeg,True,500,1121,JPEG,417a6e19f7f211d41a43a7af46ff5b876e89929edfcf63396dafc0f5c3bf784c,,False,,,,,
meme_007592,ukr,data/raw/ukr/16HHkAVjcffs-WqGRXr7bOIZ_TV-9R29k.jpeg,16HHkAVjcffs-WqGRXr7bOIZ_TV-9R29k.jpeg,True,1279,1279,JPEG,1287f037004d8563d0ef0194ebeb5d351b90fbecd14f665e6ca87a9ae312ed25,,False,,,,,
meme_000994,rus,data/raw/rus/1892.jpg,1892.jpg,True,604,403,JPEG,d1fcb9d7f64de0bf14b136b78422d169e68e71d6ed964b19d1fedbc766dd33ec,,False,,,,,
meme_013941,ukr,data/raw/ukr/1kmhmeIN2uR0qU_00OOhK9RXvE9rVXOTY.jpeg,1kmhmeIN2uR0qU_00OOhK9RXvE9rVXOTY.jpeg,True,1280,640,JPEG,916589a7e2ccf9422141629dcaa06a7075f3278aaef1bdc4b1a649205aad446e,,False,,,,,
meme_002770,rus,data/raw/rus/3490.jpg,3490.jpg,True,372,495,JPEG,03587568f08a7ee5f1d88f3bf6526b1ad5ac557c5de9a3803af6998e5f7230e2,,False,,,,,
meme_015016,ukr,data/raw/ukr/1rsyHS5ahtRXig0WHKJ7fycmMAc_VGBpo.jpeg,1rsyHS5ahtRXig0WHKJ7fycmMAc_VGBpo.jpeg,True,960,691,JPEG,24203655c2c505509b0f4dd7680d988d52cb0e6861bdaea8073730dd0d7a8e31,,False,,,,,
meme_001745,rus,data/raw/rus/2568.jpg,2568.jpg,True,960,960,JPEG,f8467078706d85d47228b93629b0ce5954a856c46191454f5f3178a546f6c0e1,,False,,,,,
meme_007989,ukr,data/raw/ukr/18s_Zz0OqaDhwSk9AlUXyBJiHcT6dD52L.jpeg,18s_Zz0OqaDhwSk9AlUXyBJiHcT6dD52L.jpeg,True,720,1280,JPEG,7e8893023df7f9447b4aff112a57d87b91cd53ccb89a5d4dbfaf2a9b26e25010,,False,,,,,
meme_016093,ukr,data/raw/ukr/1z-00XW90nvJnbFPxI-0G7ZXGylsNobjS.jpeg,1z-00XW90nvJnbFPxI-0G7ZXGylsNobjS.jpeg,True,1023,1279,JPEG,bf64514fa0b6be43e609817c7ef44e252f4a09e22c0fca8473cad6169542eabc,,False,,,,,
meme_010925,ukr,data/raw/ukr/1SRwIbKplic15PoRhHOkse5mzdcQu92bx.jpeg,1SRwIbKplic15PoRhHOkse5mzdcQu92bx.jpeg,True,1011,1088,JPEG,d23d9dfd5e2c0011f72ffd5d335c2aeadda5e9a5acc6127ec73ef2cbc42c1db7,,False,,,,,
meme_000812,rus,data/raw/rus/1728.jpg,1728.jpg,True,606,579,JPEG,f4286c9fc9e5f8932cc244befff0950c3886136c14a2c1384490615916bf3afe,,False,,,,,
meme_004120,rus,data/raw/rus/4705.jpg,4705.jpg,True,759,797,JPEG,edc291380d273d8680239cb00fa512f33b948e98f0506e205538fe866ef70ef6,,False,,,,,
meme_011950,ukr,data/raw/ukr/1ZBRrmrydxe9W8gZaBwy7D8znh6h1zKHx.jpeg,1ZBRrmrydxe9W8gZaBwy7D8znh6h1zKHx.jpeg,True,1279,1279,JPEG,98fc2f81a9f5504a6a48355128d5f92edd2a19719677b75bb44312b3f43b080a,,False,,,,,
meme_012210,ukr,data/raw/ukr/1_wq8afpPW2fkaYZI5c9NPyThYXUpTJ4p.jpeg,1_wq8afpPW2fkaYZI5c9NPyThYXUpTJ4p.jpeg,True,700,628,JPEG,f1b0c843d1edb1680b3edddbf7e4774d907405aa65c5d22afe837c3f70832a1e,,False,,,,,
meme_012753,ukr,data/raw/ukr/1dKZqn2wDIc3IFow_ej16gEvQKHCZ1lr2.jpeg,1dKZqn2wDIc3IFow_ej16gEvQKHCZ1lr2.jpeg,True,718,960,JPEG,f1187fdb2575154a0792a53f4efe9f868d1225e314ee72c25b0d2fbc66b54e9d,,False,,,,,
meme_015388,ukr,data/raw/ukr/1uNycp1GA_QSJ4T8moXcKPpe0bce36R1V.jpeg,1uNycp1GA_QSJ4T8moXcKPpe0bce36R1V.jpeg,True,1750,2048,JPEG,37cba32696eb1d6c8a72cb384a2cb1c39c1e57811c45c4385cd6fb6ff4901963,,False,,,,,
meme_013984,ukr,data/raw/ukr/1l1LHZ0DVI8EF_cxvSiV6rnfateLirJ5K.jpeg,1l1LHZ0DVI8EF_cxvSiV6rnfateLirJ5K.jpeg,True,460,618,JPEG,73a4022fb2261d59f0bed079a7424b2edf3b6676c91b6e657355adb19dd6f2a5,,False,,,,,
meme_003753,rus,data/raw/rus/4375.jpg,4375.jpg,True,1012,506,JPEG,38482f0f2c2a367d16063fc64c1fa2b171f2bf51860c5f97d7469a6de316b37c,,False,,,,,
meme_015800,ukr,data/raw/ukr/1x3xps0yVB54uGqynhIp5eYrAsX9TVm1f.jpeg,1x3xps0yVB54uGqynhIp5eYrAsX9TVm1f.jpeg,True,1103,1462,JPEG,8d1e19d6e80789b620aafd35bb28eb9cb2e7243da3e3b0dbe70b9ce43bfa8fa6,,False,,,,,
meme_003782,rus,data/raw/rus/4400.jpg,4400.jpg,True,597,800,JPEG,221992418f6887e688f9fbb841694b4f85f9bf8ed5324e95cc52fbf313d45411,,False,,,,,
meme_004257,rus,data/raw/rus/4829.jpg,4829.jpg,True,479,604,JPEG,5432cec7b4a258c0e7b2fccaf815f7cd5b678264e2980b4dafba9b7183669934,,False,,,,,
meme_003446,rus,data/raw/rus/4099.jpg,4099.jpg,True,800,579,JPEG,c75d2f6433885dc67c2b9b21f54db4cd6f857863d3c2284d9976a7c9b9254cc0,,False,,,,,
meme_010156,ukr,data/raw/ukr/1NFsom_3cvRiZ8qCC_sbH2FasL8tDgW87.jpeg,1NFsom_3cvRiZ8qCC_sbH2FasL8tDgW87.jpeg,True,1279,1279,JPEG,1225b4330a904de677cac116bfe708e7620e3a93a51564d2faefd8ba742ff6b4,,False,,,,,
meme_006546,ukr,data/raw/ukr/1-LWLtDESSYI1jRfgQwlCXPnXHXM66UCd.jpeg,1-LWLtDESSYI1jRfgQwlCXPnXHXM66UCd.jpeg,True,900,515,JPEG,fc3606dee037c42d5e4c656a689e44900e89d3e672b4b182df7a588ac475b24d,,False,,,,,
meme_005698,rus,data/raw/rus/6125.jpg,6125.jpg,True,1220,1170,JPEG,7cfdecbf6585bc05187e0de69d14fc488f59712bd58bca76a423a4fa504fd297,,False,,,,,
meme_013439,ukr,data/raw/ukr/1haWthqjI_7PeSncpov8GJ1s7Hd8azwSF.jpeg,1haWthqjI_7PeSncpov8GJ1s7Hd8azwSF.jpeg,True,500,380,JPEG,783cab9908cdcb31ce56771c7417de34bb0e5f803091641bdc2fcb36ae6f1391,,False,,,,,
meme_013433,ukr,data/raw/ukr/1hYJuiDKQdvO3w-Vazd9yCUWZVtXhlDXi.jpeg,1hYJuiDKQdvO3w-Vazd9yCUWZVtXhlDXi.jpeg,True,1280,844,JPEG,e6b50d284f497331e09639212faacaaf852dacc3d4ab22cdb3348b84fad20902,,False,,,,,
meme_011290,ukr,data/raw/ukr/1UuqKW7i8EmW40zkj3_NWvebTgy-mwOcI.jpeg,1UuqKW7i8EmW40zkj3_NWvebTgy-mwOcI.jpeg,True,1280,1211,JPEG,07b8679de9f2d6c5c56c0db046f337d8f79b165a29267d2fc595bc5831415200,,True,,,,,
meme_003571,rus,data/raw/rus/4210.jpg,4210.jpg,True,800,742,JPEG,99b0f2ea2ddd90eaaa4672caa80ed2baa19a867167bf7dcd2ad75a10820566df,,False,,,,,
meme_005484,rus,data/raw/rus/5933.jpg,5933.jpg,True,844,1146,JPEG,b12d70b13b7e0fbac9e312b58afc32794e1ebb22e9764a62e88e1ffda1b9a152,,False,,,,,
meme_015363,ukr,data/raw/ukr/1uCiw-QNeyBB9I00n4pBHB2HYUnexMTA9.jpeg,1uCiw-QNeyBB9I00n4pBHB2HYUnexMTA9.jpeg,True,734,504,JPEG,8da152b9dc23923a2755bfe05f49f0127df119c96c346659531982c62859822e,,False,,,,,
meme_010598,ukr,data/raw/ukr/1QFwSYdT2dN0JAj0nCYVS3rak-M7WVr1o.jpeg,1QFwSYdT2dN0JAj0nCYVS3rak-M7WVr1o.jpeg,True,718,489,JPEG,a20d135fd19f8f629c72eb8023bfade8af90cc69a715e10120423e533263cc7d,,False,,,,,
meme_011343,ukr,data/raw/ukr/1VEmehBnT8PW6KDysSsAxPsH1IM217_vo.jpeg,1VEmehBnT8PW6KDysSsAxPsH1IM217_vo.jpeg,True,1500,1481,JPEG,51c23a7e0f837de1a67c35f3efd9d0aaee04e24642babbee4a46c773dbc889a1,,False,,,,,
meme_003503,rus,data/raw/rus/415.jpg,415.jpg,True,1080,823,JPEG,821abad47aba42016a124fbd32619f9640e0237a49c400bd813c760f731cb8e3,,False,,,,,
meme_013772,ukr,data/raw/ukr/1jilEFugQq3S6Wf2Fi4MHo3MG_EArM2l2.jpeg,1jilEFugQq3S6Wf2Fi4MHo3MG_EArM2l2.jpeg,True,960,1280,JPEG,88b4df7fcecaeb7ab4d95e61f7b2881171b9f03b9211ed887389297db6ad3781,,False,,,,,
meme_010631,ukr,data/raw/ukr/1QQ4bolYwga8-PlMsARasfjGjuToFODIR.jpeg,1QQ4bolYwga8-PlMsARasfjGjuToFODIR.jpeg,True,960,1280,JPEG,af3599c309e8ff147357fc9e84cba1424dcfcd3aca729a24faac6655542b3b46,,False,,,,,
meme_001845,rus,data/raw/rus/2658.jpg,2658.jpg,True,800,600,JPEG,38f15eb2c2889022a83f48c0a36ffa06a3fa8e6d3b2329ac692fe088ad6c4905,,False,,,,,
meme_008417,ukr,data/raw/ukr/1BqH3poXmYZ9Ex-PmnBQLODXbSxZluIdi.jpeg,1BqH3poXmYZ9Ex-PmnBQLODXbSxZluIdi.jpeg,True,745,793,JPEG,e9fefae96970d5f7efff1019cb3bc3cfbb9480a9d8e8bc166d3fdfe42167bdfb,,False,,,,,
meme_016187,ukr,data/raw/ukr/1zktl7KsLro5MnwTwg2ib5eCL3G2XXScg.jpeg,1zktl7KsLro5MnwTwg2ib5eCL3G2XXScg.jpeg,True,720,540,JPEG,14a5f05b9b78f06dcd411d578657d58d3a7483987a738ac96ee5247db271c931,,False,,,,,
meme_011273,ukr,data/raw/ukr/1UnAAf3mz5vLXp541VFuCbCfV0fcHeEnJ.jpeg,1UnAAf3mz5vLXp541VFuCbCfV0fcHeEnJ.jpeg,True,1052,580,JPEG,adb2cd6d2d15d0f7ed41773ee6ecd2e8020a51ba12bac11606ddd14cb39fd30b,,False,,,,,
meme_010042,ukr,data/raw/ukr/1MYKHE0cBzKBin_4frDcJLoo0_5hHAXj2.jpeg,1MYKHE0cBzKBin_4frDcJLoo0_5hHAXj2.jpeg,True,884,500,JPEG,3e792507ae2179fc89f194d32eccbe91e5f3d18b09bcf1c29b58933623dd33ba,,False,,,,,
meme_007661,ukr,data/raw/ukr/16iNP31Z76-aUG4_3v2dVQXT6-vl5WvrT.jpeg,16iNP31Z76-aUG4_3v2dVQXT6-vl5WvrT.jpeg,True,729,960,JPEG,671b27d46c1fdbb95598a90717d31f983436a397550e19cd583232c15340e45e,,False,,,,,
meme_011584,ukr,data/raw/ukr/1Wo-_VwNAFfB4jysr0qnqFHI5r7jCkrob.jpeg,1Wo-_VwNAFfB4jysr0qnqFHI5r7jCkrob.jpeg,True,960,1280,JPEG,3889d642c7972ec59db73bc2ad6c158eb6bc51370df859284566b0b20cadece1,,False,,,,,
meme_009808,ukr,data/raw/ukr/1L3OwRJnusjwcyWVWyo4ROjaUqFRH6xcJ.jpeg,1L3OwRJnusjwcyWVWyo4ROjaUqFRH6xcJ.jpeg,True,678,452,JPEG,75e4b5313463bbcb25aa51912495a32497d5cb85ff6463afbc6a6e1850fd2544,,False,,,,,
meme_002468,rus,data/raw/rus/3218.jpg,3218.jpg,True,750,728,JPEG,288f9cf8b39bb9e4f8a76f7865f1df28b695f89e3a3dd48b7c484b1e8397de67,,False,,,,,
meme_012045,ukr,data/raw/ukr/1ZmqipoyxIlNDX9cdp0iF4pA0wwlMBETS.jpeg,1ZmqipoyxIlNDX9cdp0iF4pA0wwlMBETS.jpeg,True,1219,1219,JPEG,7fa13731d66fe18d9f4e8864014a62ac2df9be7ab33781841f70dcc09fa0307a,,False,,,,,
meme_006076,rus,data/raw/rus/6466.jpg,6466.jpg,True,893,1080,JPEG,3148b01ef06009304dd74799e250e5ae221e81ec7191f08d3e26354d9cd39e15,,False,,,,,
meme_012205,ukr,data/raw/ukr/1_ubOFkvmWoan5q3VXmZd2LNKLyhAn92o.png,1_ubOFkvmWoan5q3VXmZd2LNKLyhAn92o.png,True,622,806,PNG,493986af49be7e8b4e15ccaa97cf641669f38f0dffde51b7452b4f7e7b3a6c12,,False,,,,,
meme_003997,rus,data/raw/rus/4595.jpg,4595.jpg,True,460,561,JPEG,2509487180b69fd039591cd271eb245941010abeec09e5e44811d36789a28362,,False,,,,,
meme_000378,rus,data/raw/rus/1337.jpg,1337.jpg,True,800,759,JPEG,5f510f3f7411460ab41af4be051bc0ff320a4b19190b3179d724d19f4ec27ee0,,False,,,,,
meme_012096,ukr,data/raw/ukr/1_A9TgHr6abo_6g2kwHOSmDsZtEBBbTGP.jpeg,1_A9TgHr6abo_6g2kwHOSmDsZtEBBbTGP.jpeg,True,1080,273,JPEG,5d9881c4b088075b05083522e5f0bf27dc5aa35039c287c9c51552890ecf521d,,False,,,,,
meme_002313,rus,data/raw/rus/3079.jpg,3079.jpg,True,800,727,JPEG,81eb554afb97250b54e4729934f99939bc920ca06d93d16b9565742c613dbbc1,,False,,,,,
meme_011626,ukr,data/raw/ukr/1X1ObInaU5Q55IAUpUZe8IshfcMZ9AraV.jpeg,1X1ObInaU5Q55IAUpUZe8IshfcMZ9AraV.jpeg,True,1025,1019,JPEG,d897198fe838d2ab083566ca26e8fb41b56d89eecd7225169ab2ddcd7d94c324,,False,,,,,
meme_002615,rus,data/raw/rus/3350.jpg,3350.jpg,True,1052,1084,JPEG,ced46b8429c9d2dcf45a5d7a38a79babaddb02129abb66ef63c583b8fa5dd743,,False,,,,,
meme_001744,rus,data/raw/rus/2567.jpg,2567.jpg,True,612,603,JPEG,89bc4bf85a4d9353a72705d25f95b0496bf89abc5a4a5b4e0a229d4a399e9878,,False,,,,,
meme_004171,rus,data/raw/rus/4751.jpg,4751.jpg,True,637,800,JPEG,7c662ea530ac6f237f063ed17fff263277c56623bd70b1bb0cb17bdcbc92f7c7,,False,,,,,
meme_004343,rus,data/raw/rus/4906.jpg,4906.jpg,True,586,800,JPEG,5e8e09138a3cff8139605bd46046988ab1d9e4809207c1cc26fafa49bd5b67dd,,False,,,,,
meme_008887,ukr,data/raw/ukr/1EvUnD4CeYSeHbzlOr0WfWBGL-sDN0h2d.jpeg,1EvUnD4CeYSeHbzlOr0WfWBGL-sDN0h2d.jpeg,True,1280,1280,JPEG,d353bf7b926a2dcbdd3dd75fdca7bf0e0fda980535fbd5ffaca3ba150d48b394,,False,,,,,
meme_008052,ukr,data/raw/ukr/19Q-gm9p4PB2HYijiWhS5lpzUR5-NXKau.jpeg,19Q-gm9p4PB2HYijiWhS5lpzUR5-NXKau.jpeg,True,600,509,JPEG,93bba3ddf424ff12b0d42e0884a5e7eabf3f47c92de5172289fac8722be2f58a,,False,,,,,
meme_008889,ukr,data/raw/ukr/1Ew33SaB-86LEnWn1u6x5sFPMVDywUglu.jpeg,1Ew33SaB-86LEnWn1u6x5sFPMVDywUglu.jpeg,True,1030,580,JPEG,acf6f5d4b8e3fc26b0a8505fe99af466d2ab6e7e7ae6e812f30e5f17cf9db3bc,,False,,,,,
meme_006253,rus,data/raw/rus/77.jpg,77.jpg,True,829,1080,JPEG,0822a87cd5bf27a863b6415d3ee6b09f577457f9a06f971cf64123c2b232465e,,False,,,,,
meme_006508,ukr,data/raw/ukr/1---jEr5soy1HRvciZCf2X_xr-qUfTvB3.jpeg,1---jEr5soy1HRvciZCf2X_xr-qUfTvB3.jpeg,True,460,345,JPEG,ef2960b60bef901e585b225415b2ad01fe531b228347b8f3c52c6a5ccc5a5499,,False,,,,,
meme_009680,ukr,data/raw/ukr/1KG1euV5urLaM1PJOjPsu96pwkx00zDmj.jpeg,1KG1euV5urLaM1PJOjPsu96pwkx00zDmj.jpeg,True,526,526,JPEG,fe9996e68e8b4c9c1a86696608edb0f048769110e6caff614f0ac3e85eddddfa,,False,,,,,
meme_008814,ukr,data/raw/ukr/1ET8FDoIwUfFMG3oj8b__IQ5rZlCS72lU.jpeg,1ET8FDoIwUfFMG3oj8b__IQ5rZlCS72lU.jpeg,True,1080,1226,JPEG,4b586ecba87900e070881098fe987ea383460713049c2d13f94becc08b6ae17a,,False,,,,,
meme_014467,ukr,data/raw/ukr/1oIzpTzPziBxhkox-wECTvGN4k1b8DNJr.jpeg,1oIzpTzPziBxhkox-wECTvGN4k1b8DNJr.jpeg,True,1076,970,JPEG,0a8d0076eca9ef20e88cb6da7a0ba70a3950aa461be1b20acf1447ba84edb1be,,False,,,,,
meme_009744,ukr,data/raw/ukr/1KgsPG3sM8X3gNZgphubGKsp7Yu4ziWhn.jpeg,1KgsPG3sM8X3gNZgphubGKsp7Yu4ziWhn.jpeg,True,1017,1279,JPEG,1371ec058e8d5818fa8a350ac4de476077db9274760ce184e553d65076e02c48,,False,,,,,
meme_007839,ukr,data/raw/ukr/17ptBkCOXlBP51n5XiThb0yJHPd_Xy3Cx.jpeg,17ptBkCOXlBP51n5XiThb0yJHPd_Xy3Cx.jpeg,True,679,384,JPEG,5bc0e7b1109530bcd632d502da6ad8df7d6a94a5838b53e7436a5847afa6d10a,,False,,,,,
meme_009896,ukr,data/raw/ukr/1LawNLq95_LIcCI6_d-OfVG7j8lC2bOl_.png,1LawNLq95_LIcCI6_d-OfVG7j8lC2bOl_.png,True,500,500,PNG,c6871f0c26d84e6c50466f776972a84fa266a6c74f60143d914e4e9241ee37b7,,False,,,,,
meme_009628,ukr,data/raw/ukr/1JtMFXV-V9tHsMeu96xj4W3Ebker9aymI.jpeg,1JtMFXV-V9tHsMeu96xj4W3Ebker9aymI.jpeg,True,720,720,JPEG,27ce46312ada8e68885b130501df1549f466154e6aa287168a687a7c4327a9ea,,False,,,,,
meme_010834,ukr,data/raw/ukr/1RrNBya-_49f_VzLiviLH787N3riMIBzD.jpeg,1RrNBya-_49f_VzLiviLH787N3riMIBzD.jpeg,True,960,960,JPEG,6f27f7905d190fb70af0389cc5f7ef3d07887b8d6e39e2a69a895117c8715b8a,,False,,,,,
meme_007765,ukr,data/raw/ukr/17PklQn7FUepOkN_KyJ0P4bLPwopIlpwn.jpeg,17PklQn7FUepOkN_KyJ0P4bLPwopIlpwn.jpeg,True,1280,1209,JPEG,ecd2f05f776a87df24cb5c1cb51022fa62bc52417fdc489b691ca32b97f6f564,,False,,,,,
meme_014349,ukr,data/raw/ukr/1n_wYDMar-kFCava8u0BVtLwLuyQPhqY8.jpeg,1n_wYDMar-kFCava8u0BVtLwLuyQPhqY8.jpeg,True,895,505,JPEG,4acb3a51fb3917750914f5fecb635fa875fd985b3343aabf5f4d8a43780bf17a,,False,,,,,
meme_000961,rus,data/raw/rus/1862.jpg,1862.jpg,True,594,626,JPEG,3270fa69e1282cc5879c9a2476fb8cb3d18245c3a07a2aa0b66ed53b175a35b9,,False,,,,,
meme_008992,ukr,data/raw/ukr/1FaZajRa9oizg18iVA6_C8zxZvjFZDmuR.png,1FaZajRa9oizg18iVA6_C8zxZvjFZDmuR.png,True,1136,728,PNG,a589d4cf32f62b93a361b16dfa7b072f32740d4c32a3cafd4b8e78d0f483a06e,,False,,,,,
meme_015219,ukr,data/raw/ukr/1tD_u52RSjVHziRSQ-v0RD8u_SewgpgY4.jpeg,1tD_u52RSjVHziRSQ-v0RD8u_SewgpgY4.jpeg,True,1080,665,JPEG,ac35d512c8768adb6037265201e3aec29cd7c650eb8b9821d85bc66bec90daca,,False,,,,,
meme_014627,ukr,data/raw/ukr/1pV2YE_DgyIWCK_CZB8anSP3BJ9KiNdUu.png,1pV2YE_DgyIWCK_CZB8anSP3BJ9KiNdUu.png,True,814,1010,PNG,d98d573767b82df8c7e57c1d76b80ae6b2ade610d1835d5f597553187ab9c70b,,False,,,,,
meme_012639,ukr,data/raw/ukr/1ccgBAc7xsQl5Ig3DZER23SWxm5sexE-P.jpeg,1ccgBAc7xsQl5Ig3DZER23SWxm5sexE-P.jpeg,True,1279,1279,JPEG,bcbbdf6133fae8f95eb892101ea05d3b0710725bc1ef8090c0eff5cfa4ad16c5,,False,,,,,
meme_007160,ukr,data/raw/ukr/13UH0iwYkAxAKmuC4BCMVpE8WfCx9YjeY.jpeg,13UH0iwYkAxAKmuC4BCMVpE8WfCx9YjeY.jpeg,True,441,438,JPEG,0d81a70447692e3320bea4545a72efd507ff160a20d21b808e9a87a73925709e,,False,,,,,
meme_010505,ukr,data/raw/ukr/1PfppZPEeRF8lRf_9MLrYjbCAYnrX-fAv.jpeg,1PfppZPEeRF8lRf_9MLrYjbCAYnrX-fAv.jpeg,True,878,1280,JPEG,aa62c9f8398e415f09f8ceccd3fb8431c1a9198827c690f9a8440e254e587e24,,False,,,,,
meme_014986,ukr,data/raw/ukr/1rlxN2f4NA6m_SjDZt8ap3Q-3bzdHm66Z.jpeg,1rlxN2f4NA6m_SjDZt8ap3Q-3bzdHm66Z.jpeg,True,1179,872,JPEG,1df72e875bd821582d15e711b5165dd3ddb39296f9bccba4cc30184c0b7029a8,,False,,,,,
meme_006120,rus,data/raw/rus/6505.jpg,6505.jpg,True,734,1033,JPEG,e73214f9a1bcb03e7da90f1bf7104d2fc0ede4a08c4df3d3bb308f4ac1e488ec,,False,,,,,
meme_008486,ukr,data/raw/ukr/1CEiX1qk_pgSxhmUyV6NKhueE468ZY3j0.jpeg,1CEiX1qk_pgSxhmUyV6NKhueE468ZY3j0.jpeg,True,1182,1280,JPEG,8c094a81871efe86e47cf2f4bdb0ba1f1e8ac29515f1992d45349bca8a18d35a,,False,,,,,
meme_013638,ukr,data/raw/ukr/1iwDLlmQvuMzCRsmgwO6Jj2-WVuRIVPMV.jpeg,1iwDLlmQvuMzCRsmgwO6Jj2-WVuRIVPMV.jpeg,True,901,1137,JPEG,22785b552804d8fde597185c178af730cc25c8fdb6226aca58b60dac08087f28,,False,,,,,
meme_001115,rus,data/raw/rus/200.jpg,200.jpg,True,546,800,JPEG,1e1a77ca88fdfed0f53eb67c71e1d2ca98a5e68ec618f613149c4406fc60d068,,False,,,,,
meme_010176,ukr,data/raw/ukr/1NN7Q0RBpnsBcqkmop9QHARJpIOylNPOO.jpeg,1NN7Q0RBpnsBcqkmop9QHARJpIOylNPOO.jpeg,True,526,526,JPEG,3fe9215b221a30fe957598d8dbf870a7504d2844cce2900670646d8d572c1764,,False,,,,,
meme_014284,ukr,data/raw/ukr/1nAcOcimTqat_EFndTWkiDMpt5DkDAFTO.jpeg,1nAcOcimTqat_EFndTWkiDMpt5DkDAFTO.jpeg,True,215,315,JPEG,0c64fed4a9a09173c9752f0435573ece6b9a76794aab95f15874c94296f36808,,False,,,,,
meme_015098,ukr,data/raw/ukr/1sMZcSj2IqJWdmrJNr5aHuT6SV3VxrTtW.jpeg,1sMZcSj2IqJWdmrJNr5aHuT6SV3VxrTtW.jpeg,True,828,1086,JPEG,dfd21a28facbc337d319ef031fa2d808e77ad099335bcaac15f8cb40589e7618,,False,,,,,
meme_014758,ukr,data/raw/ukr/1qM_SR9Atkw7ix7xeRQKSJo9Md9XcHqwU.jpeg,1qM_SR9Atkw7ix7xeRQKSJo9Md9XcHqwU.jpeg,True,548,364,JPEG,644af450955ea060a572dafef2f8574f29d3722553c9fd674390185d2a1b6dc6,,False,,,,,
meme_011687,ukr,data/raw/ukr/1XXx37CcKL4w6Mx110qKtYjFube2cJg_p.jpeg,1XXx37CcKL4w6Mx110qKtYjFube2cJg_p.jpeg,True,1072,807,JPEG,77ef954abcf515490769bb778d3a04fe3bf0fe192b6f00e39e6c16f8dc4cc8b3,,False,,,,,
meme_014367,ukr,data/raw/ukr/1ngHPSmPlpAF8P2b4gFdcr99wBTbfDKgW.jpeg,1ngHPSmPlpAF8P2b4gFdcr99wBTbfDKgW.jpeg,True,1080,1080,JPEG,48f3b26ef71c31a8d6c8fe2c58cdb81e0ade0e80fd732ce81bdfa256ead53449,,False,,,,,
meme_002202,rus,data/raw/rus/298.jpg,298.jpg,True,1128,1085,JPEG,9c6686670a7b8d15d13b707624f54e8fe4a228aef7fb7cbe4c5b2a22fd0eefd3,,False,,,,,
meme_002895,rus,data/raw/rus/3602.jpg,3602.jpg,True,1080,985,JPEG,04eb24b1426ea538218d86ab1f049f2902e756348c210ec3576e9442bcc711b9,,False,,,,,
meme_001580,rus,data/raw/rus/2419.jpg,2419.jpg,True,798,439,JPEG,5823c76107ff66655002949df346e9832a7cefb391ef33f4a1cd03016e5ec635,,False,,,,,
meme_004631,rus,data/raw/rus/5165.jpg,5165.jpg,True,588,960,JPEG,70de6fbee9b4ab8165c827a6b9e60e5e038a6da128c563fad3fb4cbab0e1587d,,False,,,,,
meme_002727,rus,data/raw/rus/3451.jpg,3451.jpg,True,1280,948,JPEG,12896f06ba10687733ef02a2408d441974e6c1673bd186f29cbd3dc44f61561e,,False,,,,,
meme_005000,rus,data/raw/rus/5498.jpg,5498.jpg,True,800,615,JPEG,948704abc7b36c438c0110ba0ddc58f18cf706c5f4c34bee2e222780e50bf3e3,,False,,,,,
meme_006396,rus,data/raw/rus/899.jpg,899.jpg,True,1280,915,JPEG,c6f295d9cb6751e4c02559cda575119b72d577ce8379a7bcbee13f394cf4df6a,,False,,,,,
meme_015947,ukr,data/raw/ukr/1y-2yQn5rvrkRI0l03U5P2p8LELUUJ4mA.jpeg,1y-2yQn5rvrkRI0l03U5P2p8LELUUJ4mA.jpeg,True,864,1024,JPEG,7b154c2fd13caf7b73396ba320678ec1555d7847a736472014d04672bf6f0e5b,,False,,,,,
meme_004936,rus,data/raw/rus/544.jpg,544.jpg,True,475,604,JPEG,3136928446e4f430cb429b336c174bb6ad79f8cf96f1666578c589fea7a388ad,,False,,,,,
meme_006001,rus,data/raw/rus/6399.jpg,6399.jpg,True,606,770,JPEG,423d04aa116e2445d163c89fb07ce37f84561fd604680942cdd9620a4ddcd8d7,,False,,,,,
meme_009052,ukr,data/raw/ukr/1G-87WvgfPYh4q__X9DMyR9GPXXMcvxEP.jpeg,1G-87WvgfPYh4q__X9DMyR9GPXXMcvxEP.jpeg,True,1080,1080,JPEG,c9b37b5756f822a70a8b416fb84d7e81475ae31a4bb8e94050889b82686aa629,,False,,,,,
meme_003001,rus,data/raw/rus/3699.jpg,3699.jpg,True,1059,1280,JPEG,a544354bf9801897943b9e32af45e230c125f1a429ae2ca4a8b77e749af7b451,,False,,,,,
meme_006715,ukr,data/raw/ukr/10YXOg_OV816p0omGFX5iSoU--2wUBsB8.jpeg,10YXOg_OV816p0omGFX5iSoU--2wUBsB8.jpeg,True,795,1280,JPEG,e742e4ec756420c44aa8d72db9187b765d0b4cb9cda74f5efd7013ddff01755e,,False,,,,,
meme_012130,ukr,data/raw/ukr/1_Oy0gtH55EuF6ffH33BQxAqQSU4AmPzz.jpeg,1_Oy0gtH55EuF6ffH33BQxAqQSU4AmPzz.jpeg,True,720,667,JPEG,c5e98821ce7f4394cf61965bcab24a3a19cdea3a3d35cc1ef548c442d0b667ff,,False,,,,,
meme_002955,rus,data/raw/rus/3657.jpg,3657.jpg,True,640,630,JPEG,17bf37757ac340a0c4eeceeea1da5401b9ee532e75e99ddd3c91c58e54989629,,False,,,,,
meme_014898,ukr,data/raw/ukr/1rFb5wfn1xgKRzHyK5aosb32BfFelNX9z.jpeg,1rFb5wfn1xgKRzHyK5aosb32BfFelNX9z.jpeg,True,1000,1000,JPEG,6e29daa78ef1aeca1c218ef25bc795b24d305a8576f0595f56ec452158167558,,False,,,,,
meme_010331,ukr,data/raw/ukr/1ORkBOe2esXROIu3jkrajoaHR3W8wpaL5.jpeg,1ORkBOe2esXROIu3jkrajoaHR3W8wpaL5.jpeg,True,1024,1280,JPEG,63bdfff93569ce17509a4c4ae1dd6abb4bb9c8aa5de87f18560b050f38a955a0,,False,,,,,
meme_002627,rus,data/raw/rus/3361.jpg,3361.jpg,True,640,640,JPEG,d2f342da4fc5753a934e57ff63cf1a4921179f198f32bf7c85a8e671eb193bd4,,False,,,,,
meme_009721,ukr,data/raw/ukr/1KXdSpbH06J7508iSvl9xeRvbZ3vXhF3E.jpeg,1KXdSpbH06J7508iSvl9xeRvbZ3vXhF3E.jpeg,True,840,863,JPEG,87866ada633a89a5fc1147d7da2765c99ea89e9891269a664821ce8715ffb357,,False,,,,,
meme_000971,rus,data/raw/rus/1871.jpg,1871.jpg,True,673,642,JPEG,cf3d5db79dcee3a187ecb8cf8ee677e7f06566f33d47fe64fa58cd87cfd272e3,,False,,,,,
meme_012383,ukr,data/raw/ukr/1b52XVWkxLr6BAmYTms4MgU3FsAdIVYTS.jpeg,1b52XVWkxLr6BAmYTms4MgU3FsAdIVYTS.jpeg,True,960,1280,JPEG,86250da5ce8b4372d51fbd7de5bcdb060c4d3255bfdc1adeead838ff8e9bf503,,False,,,,,
meme_000389,rus,data/raw/rus/1347.jpg,1347.jpg,True,628,647,JPEG,10984d75bf672a719d47eb4b25cca65fb48a540508f1fd7e08cf7508f09b1a46,,False,,,,,
meme_001954,rus,data/raw/rus/2756.jpg,2756.jpg,True,516,325,JPEG,2d064dbcc3da0f6aa442ac1fe746afa17e9754161fa328d5972f38859e49c141,,False,,,,,
meme_013741,ukr,data/raw/ukr/1jXvHnI_g9T_8oV263KD4mpXlZH_DkXhX.jpeg,1jXvHnI_g9T_8oV263KD4mpXlZH_DkXhX.jpeg,True,1280,1280,JPEG,2ba87a2c142f92e8c3639689968b3b776272fa3c15a367e870e20c23e1983c60,,False,,,,,
meme_009927,ukr,data/raw/ukr/1Lnl_ewt0qBqoeCY9itVCqk8eaoRa8H4J.jpeg,1Lnl_ewt0qBqoeCY9itVCqk8eaoRa8H4J.jpeg,True,1279,1279,JPEG,e1406e9af14b3d0a9af0b2e3a351d877553c21574d6e5853cf71361eb6f49adb,,False,,,,,
meme_014190,ukr,data/raw/ukr/1mQk1ZITgJBi_2o23XILXUFBYKh1fu5Zf.jpeg,1mQk1ZITgJBi_2o23XILXUFBYKh1fu5Zf.jpeg,True,635,815,JPEG,56d82e0218d721b04f2a9402a4531005a08effcf5d9b018738b0491ec40e4d9b,,False,,,,,
meme_015079,ukr,data/raw/ukr/1sFdYFRRZ4sxWfk7k_gaSUETeJssxkO8z.jpeg,1sFdYFRRZ4sxWfk7k_gaSUETeJssxkO8z.jpeg,True,416,491,JPEG,912b8debe4d3ee00ea7cd774e75d15c2db289cdfc93b8c81d865fab5a5a8005e,,False,,,,,
meme_000316,rus,data/raw/rus/1281.jpg,1281.jpg,True,726,800,JPEG,8c2c52e568178887268651bd7b636fd075cbc2f66b49c51e2f4902171b0e984c,,False,,,,,
meme_010242,ukr,data/raw/ukr/1NmA2MY8TzDYPtHg5Y0vggyuGufltXaVH.jpeg,1NmA2MY8TzDYPtHg5Y0vggyuGufltXaVH.jpeg,True,693,877,JPEG,ae88f889b1e066db65ba34fbc6eff64191ae1582f6ba81d07f7198de09929398,,False,,,,,
meme_012268,ukr,data/raw/ukr/1aMoJVd8QiF7M4ssAcXMLw70RxbuZTa4M.jpeg,1aMoJVd8QiF7M4ssAcXMLw70RxbuZTa4M.jpeg,True,1767,1644,JPEG,21ea3a8dee95c06092bbe57b404438f649f6eabb78c2e0496bc7efd25be23b2f,,False,,,,,
meme_000414,rus,data/raw/rus/137.jpg,137.jpg,True,673,520,JPEG,95601e5991e130a1aa9065220c86daf2ec6f3912590c32dd4533dd3ae35e8c86,,False,,,,,
meme_016052,ukr,data/raw/ukr/1yjGc3QG7mKBreriKbDQ9M9XA8wtMxn2z.jpeg,1yjGc3QG7mKBreriKbDQ9M9XA8wtMxn2z.jpeg,True,1280,719,JPEG,6f835d29e8bc387708c26e43c0cf975595e1516792f87bdcfc82102729902ff3,,False,,,,,
meme_014696,ukr,data/raw/ukr/1pt_CK9mA7nEhYZw_Fb7GgLaSHTwUgMpf.jpeg,1pt_CK9mA7nEhYZw_Fb7GgLaSHTwUgMpf.jpeg,True,720,395,JPEG,0c765f7580988041292e4843859ee9c3683f037cf02c5860a7af82ad1efc425d,,False,,,,,
meme_013805,ukr,data/raw/ukr/1jvyaad5qt8PNHsc3R_fnje6djoWUQ6XZ.jpeg,1jvyaad5qt8PNHsc3R_fnje6djoWUQ6XZ.jpeg,True,739,960,JPEG,c26397e0938a4124299a1cb1a88da967344172e9c199601d971179eda03dd295,,False,,,,,
meme_009160,ukr,data/raw/ukr/1GjPV5f9MWc7gqTnitn47Cp9jp07MiugL.jpeg,1GjPV5f9MWc7gqTnitn47Cp9jp07MiugL.jpeg,True,507,680,JPEG,8715995c978d552a2660fe95e8980e605eaa0c74446068286e34dc3e2c7da996,,False,,,,,
meme_003756,rus,data/raw/rus/4378.jpg,4378.jpg,True,800,492,JPEG,59f72d63c0744e95acf75afdb54034556478fc6d322043d2b0612cfb4c1a5912,,False,,,,,
meme_014636,ukr,data/raw/ukr/1pZFdXeF-84wMq10Q0_CoXnsM3-4eTySS.jpeg,1pZFdXeF-84wMq10Q0_CoXnsM3-4eTySS.jpeg,True,998,1280,JPEG,005a5f880206888d3e2691b98f07b98a6c16c787da28e78d724b221eb9466198,,False,,,,,
meme_000606,rus,data/raw/rus/1542.jpg,1542.jpg,True,992,976,JPEG,6e28e0cfaf13cd96a27c03818ae81e81cb498d3dee78dbc80d0acb356e7c9cc5,,False,,,,,
meme_004058,rus,data/raw/rus/465.jpg,465.jpg,True,978,1280,JPEG,2ced18a5d2657566b1e504e263c171703cbadd3cec6cdc5e69b828a5d54229de,,False,,,,,
meme_002859,rus,data/raw/rus/3570.jpg,3570.jpg,True,800,800,JPEG,99b43d5cc0e2da7d5abebb4ea8f736b699dee77f223a9ef7e92a753658a175a5,,False,,,,,
meme_013017,ukr,data/raw/ukr/1f5R6V6GVLrdgxF4NsXD5YU_SKPgjhD74.jpeg,1f5R6V6GVLrdgxF4NsXD5YU_SKPgjhD74.jpeg,True,1080,864,JPEG,e2bce2b2b62b7c5ce442b0e810122c889513c1dd8943834e5cf0ebbf2da49971,,False,,,,,
meme_013432,ukr,data/raw/ukr/1hXZmtacn7ZOqyZMpn9QhQX_xp10rSQQI.jpeg,1hXZmtacn7ZOqyZMpn9QhQX_xp10rSQQI.jpeg,True,720,954,JPEG,59ac4f8389824d8277bb18f36b2ba0eb0c074be0274c30a4108944a700fa458a,,False,,,,,
meme_003222,rus,data/raw/rus/3898.jpg,3898.jpg,True,800,533,JPEG,88f08ba73e44a4de325d79a7ba87ec4cbe1e221d5b7be33b0f0828fd191b06dd,,False,,,,,
meme_004105,rus,data/raw/rus/4692.jpg,4692.jpg,True,864,1061,JPEG,5ee8789d3e1e17baf6e490ab8c375a239ff24655aa46aec31db60f3a67fb62dc,,False,,,,,
meme_003853,rus,data/raw/rus/4465.jpg,4465.jpg,True,1080,1080,JPEG,95efdc6c6201e9928dd9844888f2f3fe3e85183bcc15076b18bcf9e079d3b788,,False,,,,,
meme_002821,rus,data/raw/rus/3536.jpg,3536.jpg,True,1080,1127,JPEG,3bf290fe1188b9a9680b6c3c74861820592bc8fa132cb8b7b7b893003be5f501,,False,,,,,
meme_000310,rus,data/raw/rus/1276.jpg,1276.jpg,True,697,727,JPEG,b5bde647798df1ce20824ccdaa918482854376714eeebdd9b4b5fb75da5aaf9d,,False,,,,,
meme_001369,rus,data/raw/rus/2229.jpg,2229.jpg,True,772,979,JPEG,7c51dd8d29971ea85df319f0a005ae635bd632a4a3b26a8421e225b25547fff1,,False,,,,,
meme_014493,ukr,data/raw/ukr/1oTOcT1WYccXJSJoyImYsp43L4UpYXStG.jpeg,1oTOcT1WYccXJSJoyImYsp43L4UpYXStG.jpeg,True,968,923,JPEG,589d07f3ebc05ca15ba969580a4a5597b32e118950c213f513de46b1c3cb8cdc,,False,,,,,
meme_001254,rus,data/raw/rus/2125.jpg,2125.jpg,True,700,322,JPEG,47d46ca1f1dd7f633067d00f52f69b8af21cca9e2816ea59c2247e6729e85fdd,,False,,,,,
meme_007225,ukr,data/raw/ukr/13olJxSDhl81I8I5h9O_yBayB3WJHYavB.webp,13olJxSDhl81I8I5h9O_yBayB3WJHYavB.webp,True,700,1244,WEBP,aaca228c7485043eba4e2f8e65c87f96801a55fbc8468a0a08de4418b61b83c7,,False,,,,,
meme_003483,rus,data/raw/rus/4131.jpg,4131.jpg,True,469,527,JPEG,58be768e15e7d483a1ac01b37d6e5af5970528e08131e5790c987f6080517a0c,,False,,,,,
meme_014151,ukr,data/raw/ukr/1m86Eugcr88QboF4MpQIRS3lYOruxAHQc.jpeg,1m86Eugcr88QboF4MpQIRS3lYOruxAHQc.jpeg,True,960,624,JPEG,b04a9999a57b8ec31fc403bec4a667e805570478225144153157f76565e0fc69,,False,,,,,
meme_008826,ukr,data/raw/ukr/1EWOv2dz1iEQUQlys3LaFmTgIv13IgPft.jpeg,1EWOv2dz1iEQUQlys3LaFmTgIv13IgPft.jpeg,True,680,696,JPEG,bfb7b6bb36bfc03a93dea70fbeb1908e0438f36df0a59209ac916a7f36d5f4bf,,False,,,,,
meme_014544,ukr,data/raw/ukr/1os6cJt8jM8LTtvse6RETqimqjm1hevs-.jpeg,1os6cJt8jM8LTtvse6RETqimqjm1hevs-.jpeg,True,935,1024,JPEG,077e0874c11f549bf5d587fb8e8bc87268c0437b18453e6f243d456da21f8fde,,False,,,,,
meme_015115,ukr,data/raw/ukr/1sViHXeB6I_tdZP6aBYxAOQBOZNRpcqyX.png,1sViHXeB6I_tdZP6aBYxAOQBOZNRpcqyX.png,True,1620,1274,PNG,b9abf0c089ea7bec97507dd5e5f86e1de631f2c842e67842a3016ffaf4725be9,,False,,,,,
meme_007749,ukr,data/raw/ukr/17JqAXiEmuhTx2cdSWFRfGAYqV4YGcINR.jpeg,17JqAXiEmuhTx2cdSWFRfGAYqV4YGcINR.jpeg,True,722,1280,JPEG,02c2a059a51ca80718e07867c1be77d312a2dfe609ada7610e7d2c00b8db9fbb,,False,,,,,
meme_002129,rus,data/raw/rus/2913.jpg,2913.jpg,True,800,591,JPEG,2e26457bf8e513455c85815974227996e57adc3833a22913e4bd10a7bbd09d23,,False,,,,,
meme_003234,rus,data/raw/rus/3908.jpg,3908.jpg,True,559,604,JPEG,90e1f565ec1f994b8232fedca39a105d38468e5253e40ca0a4848df9425f906f,,False,,,,,
meme_009637,ukr,data/raw/ukr/1JwzwnCLChvJQbWEamVgoxYqj26UYdjei.jpeg,1JwzwnCLChvJQbWEamVgoxYqj26UYdjei.jpeg,True,828,827,JPEG,b33f795d41d1bd2100c2b5c011a8cc6d73060c8b4f7f1da25894472323352777,,False,,,,,
meme_008325,ukr,data/raw/ukr/1BAdFw0r2TSuoi-oMc39Z30KlxUq9YCpu.jpeg,1BAdFw0r2TSuoi-oMc39Z30KlxUq9YCpu.jpeg,True,1170,1163,JPEG,744dde9cfc92693dc99693b88480e4627b164253c8f0c6d1b648b0483e9b1c9e,,False,,,,,
meme_002474,rus,data/raw/rus/3223.jpg,3223.jpg,True,569,604,JPEG,c827f312ee0dc460350474f8f9168b0cdfcacffd5992e7d20762d1437a0ee20a,,False,,,,,
meme_002700,rus,data/raw/rus/3427.jpg,3427.jpg,True,800,748,JPEG,dff15490941d6e564cd6810a6dd45034a5ef557ad29deb85817c932111907daa,,False,,,,,
meme_007922,ukr,data/raw/ukr/18OPWR2csNFxWjTGa7nSZ1oQfz1Z-lurf.jpeg,18OPWR2csNFxWjTGa7nSZ1oQfz1Z-lurf.jpeg,True,1024,1024,JPEG,3288faa950b95c12d63427ccee091e5849d6cbaeeb120b311894933014b9b6cb,,False,,,,,
meme_001112,rus,data/raw/rus/1999.jpg,1999.jpg,True,960,960,JPEG,36d61d62f82e83e3202c1e84ab946108b0ee6445ed3ee9514f67e71c3c7cc530,,False,,,,,
meme_002857,rus,data/raw/rus/3569.jpg,3569.jpg,True,622,960,JPEG,2b179e05739446876a46febdde549cf1d59ff6a357aa24f91c5d1884fd4f9621,,False,,,,,
meme_015335,ukr,data/raw/ukr/1u3RAH2Ebru2Rj0XE9Bm6XTafUTleB51t.jpeg,1u3RAH2Ebru2Rj0XE9Bm6XTafUTleB51t.jpeg,True,1080,887,JPEG,3ffbb991e3379451be23feb76f8ee2bba753eba6cc793c8ea9ee8dd7bd595c56,,False,,,,,
meme_000638,rus,data/raw/rus/1571.jpg,1571.jpg,True,800,783,JPEG,946a9ab95bff14985142073dab192c0fdaecefc545787507c3aaf97487a8145c,,False,,,,,
meme_000249,rus,data/raw/rus/1220.jpg,1220.jpg,True,1080,1057,JPEG,f0c191bf8a222409a1830bd24a7caa526054d8f33e50b21ae55330850f9e872c,,False,,,,,
meme_002407,rus,data/raw/rus/3163.jpg,3163.jpg,True,640,595,JPEG,7af911971f2e91950fc1c038d1a2508fa590dceeaf9aa312ca1f9b47e9652105,,False,,,,,
meme_015610,ukr,data/raw/ukr/1vjSTOH7iDjAv8VCkRePUS-f5o2gwNKTZ.jpeg,1vjSTOH7iDjAv8VCkRePUS-f5o2gwNKTZ.jpeg,True,457,566,JPEG,1702cf1b04b1d9305368667103bc03436e5e8d39909b841ec5e621e8a292b541,,False,,,,,
meme_015049,ukr,data/raw/ukr/1s3aXDiVwqzdLXKn_HBiPeGnDk6C8dp4-.png,1s3aXDiVwqzdLXKn_HBiPeGnDk6C8dp4-.png,True,680,487,PNG,ba43d71089b440a5c910c4bafb83f106f9b288156a5ed931e534528796facdc9,,False,,,,,
meme_000697,rus,data/raw/rus/1624.jpg,1624.jpg,True,740,800,JPEG,94d77ec7af30a93e4da8169a2756185428ee2ff12f5fe0ca9f392c86fdf27bd6,,False,,,,,
meme_005764,rus,data/raw/rus/6185.jpg,6185.jpg,True,514,647,JPEG,a7e38c46cdbf73cf5442c72fd68d42c1ee8d981c99c0ca6538358c07803f9310,,False,,,,,
meme_005862,rus,data/raw/rus/6273.jpg,6273.jpg,True,1000,1183,JPEG,aa3d9c558040b7eb3daa755d1cbe9b9321070607dfc13f1d5ac7671bba0bfac5,,False,,,,,
meme_007269,ukr,data/raw/ukr/144RZyv7a3hUyBB7O5DUVJFfGDOMQcmjw.jpeg,144RZyv7a3hUyBB7O5DUVJFfGDOMQcmjw.jpeg,True,454,453,JPEG,aefd4eca9ef8e0e4d79bd2d827506cc943f3a5a2d33bf79d4bdb3dd1a9f9a739,,False,,,,,
meme_005643,rus,data/raw/rus/6076.jpg,6076.jpg,True,800,718,JPEG,1e7c40678769fe90c511bdf9d225b3e4bea7a6e81acbcd8d512944a69d6f3514,,False,,,,,
meme_006557,ukr,data/raw/ukr/1-R0cMx5kWcwRA-SKeop3YL0A4qgWs1MJ.jpeg,1-R0cMx5kWcwRA-SKeop3YL0A4qgWs1MJ.jpeg,True,970,1072,JPEG,c491e2b458e8fdd03553465256cad31684ac8eaaa6b457830dbbae3b65b5071f,,False,,,,,
meme_011179,ukr,data/raw/ukr/1UA4LTkq4PoHp7YVLnIKajbJHlMEcDhZM.jpeg,1UA4LTkq4PoHp7YVLnIKajbJHlMEcDhZM.jpeg,True,840,720,JPEG,947fd37250c3ab1f174ff94d86c6ee9f228bf3ec8fb2a729fadfc33382ecbe44,,False,,,,,
meme_006028,rus,data/raw/rus/6422.jpg,6422.jpg,True,1280,1010,JPEG,9ca524e99740ea440f14e0517401ac3d3e5f83a4d304377ad0b75e438d94d892,,False,,,,,
meme_015838,ukr,data/raw/ukr/1xGwy0voytZvD9YLEABPmQfmpzMNlbkpT.jpeg,1xGwy0voytZvD9YLEABPmQfmpzMNlbkpT.jpeg,True,1145,1280,JPEG,dda8f65a7e74972e809266de9c0ba56a731936101e4542f35234699bfb611906,,False,,,,,
meme_001517,rus,data/raw/rus/2362.jpg,2362.jpg,True,529,607,JPEG,78f52a3c14272524e33d9fe64b3311478b65d6d67a6616646536c1cf43526d9a,,False,,,,,
meme_002657,rus,data/raw/rus/3389.jpg,3389.jpg,True,452,565,JPEG,4d7f508bc596d8baa1d31b7f8b8ab59f1737bd6c4ff0192b12d83e682bef25bd,,False,,,,,
meme_013565,ukr,data/raw/ukr/1iRpKtp9349Z3bJfgTNe6tTp3VQ3MkdRt.jpeg,1iRpKtp9349Z3bJfgTNe6tTp3VQ3MkdRt.jpeg,True,480,342,JPEG,a973ee40bd4cddb905db72e93965c46c623cd2f8cc95d4d8ab53994fa76b0d3d,,False,,,,,
meme_000071,rus,data/raw/rus/1060.jpg,1060.jpg,True,625,798,JPEG,266dcc15cc3d12d4a5ce40a1b85ab7570b21efd1c0bad2583bc6654f84b425a7,,False,,,,,
meme_013763,ukr,data/raw/ukr/1jeywCJt3_QBUjx-Gmrf6bvkEoGyoHGM1.jpeg,1jeywCJt3_QBUjx-Gmrf6bvkEoGyoHGM1.jpeg,True,1080,822,JPEG,6f4a182c15a15c3de5c6009e49b3770172ab75c56cb70b590766f2348a2c35c3,,False,,,,,
meme_001179,rus,data/raw/rus/2058.jpg,2058.jpg,True,750,1256,JPEG,457d7cddca285679c7b36cafe6b19d3503cb5cd7629694740e7ae7d14c4d9607,,False,,,,,
meme_003493,rus,data/raw/rus/4140.jpg,4140.jpg,True,500,265,JPEG,facb380fdaddd82cbc63ce5a0e052a6522bf6f8b1f4f40e234180d9935a7c4b1,,False,,,,,
meme_008148,ukr,data/raw/ukr/1A3-guhMBiIbfehHcOHbVGTN5j1IhMNxk.jpeg,1A3-guhMBiIbfehHcOHbVGTN5j1IhMNxk.jpeg,True,828,889,JPEG,8a6c985aaed67dc2797bbd4b3fbbaf2ef58aceab1f54961e7d5afd5fc3f5507c,,False,,,,,
meme_012771,ukr,data/raw/ukr/1dRNHZwX4-q2vcmYhOWW2pOupLfRliIsi.jpeg,1dRNHZwX4-q2vcmYhOWW2pOupLfRliIsi.jpeg,True,575,383,JPEG,494c9a36739c808dc8800b957b6db83d88a084df8a13430401ea7b02e0f6e401,,False,,,,,
meme_001892,rus,data/raw/rus/270.jpg,270.jpg,True,490,800,JPEG,a24d70fab1ce48ea191e4eec80d994cecf54bdc7dbe0739247d2a10d4303e215,,False,,,,,
meme_006349,rus,data/raw/rus/856.jpg,856.jpg,True,800,701,JPEG,d1f2b3b8ea6731565a1f56333cc56f14028bf6011e14d48fb0ef9d449a8a0c60,,False,,,,,
meme_003882,rus,data/raw/rus/4491.jpg,4491.jpg,True,550,510,JPEG,f1909eb8c23595d7747f899557af5844812d229bde5193020b219d8a8b9ede04,,False,,,,,
meme_012425,ukr,data/raw/ukr/1bPuIg4da6C1goh-8fk-RvzBW8i4pwcDT.jpeg,1bPuIg4da6C1goh-8fk-RvzBW8i4pwcDT.jpeg,True,1125,631,JPEG,26d9e1546290850c6835e14a67b92b190653d6ab1b390ffd941a3c32b19417d6,,False,,,,,
meme_004297,rus,data/raw/rus/4865.jpg,4865.jpg,True,592,756,JPEG,2798e0c77d6ea73b491c49a3d64b25b7c472fa76f50b807877b6a6fead99be2f,,False,,,,,
meme_012161,ukr,data/raw/ukr/1_bqsBJ-H1ME7E8cUqywfKTgLvZcwIkJI.jpeg,1_bqsBJ-H1ME7E8cUqywfKTgLvZcwIkJI.jpeg,True,951,1280,JPEG,c50340e598fe6ac5959b029078b1433472418f9f3dfbce7028f4c12de6a8c84f,,False,,,,,
meme_005021,rus,data/raw/rus/5516.jpg,5516.jpg,True,781,800,JPEG,51b69ec486bc99044a65bef75cec670fba32a6bcc15200fec8a056c99ac6dba4,,False,,,,,
meme_012009,ukr,data/raw/ukr/1ZVcAcOzgJrKgzigc3EkJtuu9C_oyAX2a.jpeg,1ZVcAcOzgJrKgzigc3EkJtuu9C_oyAX2a.jpeg,True,1080,1089,JPEG,b6b190dab2f410c1351f99ca0c68d5b2c5406dc9de0c48d8958f613328154f01,,False,,,,,
meme_009996,ukr,data/raw/ukr/1MGjL82M1eyoaicbR9ixS1_u5DH-UtcBQ.jpeg,1MGjL82M1eyoaicbR9ixS1_u5DH-UtcBQ.jpeg,True,1073,1272,JPEG,3d27654d7971898f58decb7b0e7325ad81ed56c409877b9e9cdaf1e632a30a04,,False,,,,,
meme_002090,rus,data/raw/rus/2879.jpg,2879.jpg,True,496,354,JPEG,c7998e63d0ab3cc8a494122fe97bd32f32982471672f757185971db52361ed57,,False,,,,,
meme_000168,rus,data/raw/rus/1148.jpg,1148.jpg,True,1280,994,JPEG,1869a2dbc00bc3f7f9c4763b82a1bc0b0712e004d5fafaffa44b3c61cf7357c9,,False,,,,,
meme_014984,ukr,data/raw/ukr/1rlKQ36QWzvP-KtFAzM7aufFyfTepRBL9.jpeg,1rlKQ36QWzvP-KtFAzM7aufFyfTepRBL9.jpeg,True,2040,2048,JPEG,eda8c13797423d0861410d9812e8099b5ebf24ba8e49c73b7af30915ac7a57ba,,False,,,,,
meme_007614,ukr,data/raw/ukr/16QmiDKqZCgdRr7xrIE1ssmNc3uG7QkEE.jpeg,16QmiDKqZCgdRr7xrIE1ssmNc3uG7QkEE.jpeg,True,1062,940,JPEG,cb51d4391782a126d6d65fda43693704d4ece5260a7bbb43cde8753f195fb0af,,False,,,,,
meme_007276,ukr,data/raw/ukr/147cieJL1KCtvJ6Ib-peAV0KbW_Ggkm01.jpeg,147cieJL1KCtvJ6Ib-peAV0KbW_Ggkm01.jpeg,True,667,1080,JPEG,b575e02ac6ac2b4b156755a1a94c8f7a3d3268f2e6a72e6c9b8ea0657b9617d9,,False,,,,,
meme_007234,ukr,data/raw/ukr/13taOV2m20YWbQkMsQ_bF3W-wzHMIe4xa.jpeg,13taOV2m20YWbQkMsQ_bF3W-wzHMIe4xa.jpeg,True,1280,1262,JPEG,ef250188fa2d0f926acd705218401a8fcc9cb209b8bb766abb15a01e58bccda3,,False,,,,,
meme_004787,rus,data/raw/rus/5305.jpg,5305.jpg,True,600,450,JPEG,84914b8960c2f98f9103714ea872c34e6ddc324e2d661cc5597318141d2036c8,,False,,,,,
meme_001084,rus,data/raw/rus/1973.jpg,1973.jpg,True,770,1280,JPEG,5892d64eb207f6097f014553843ccf5a12b9cc54e28e1c608c0e5a1573e7067d,,False,,,,,
meme_011538,ukr,data/raw/ukr/1WUgxj2n6Xc1LFiwf4ZdItXa_gETseWoK.jpeg,1WUgxj2n6Xc1LFiwf4ZdItXa_gETseWoK.jpeg,True,581,541,JPEG,9c26ef8020d04c886ef01a766875a1c3e5a892e4fb5cb24b6205692e3b1c0580,,False,,,,,
meme_008409,ukr,data/raw/ukr/1Bnkw2vdtnEpGhXKOvLI4FbN0rmogd6_L.jpeg,1Bnkw2vdtnEpGhXKOvLI4FbN0rmogd6_L.jpeg,True,1125,890,JPEG,a422e2cedb4d1a08ea5d4f11ab7f613cb3c276958f885e184244a88326db3372,,False,,,,,
meme_004709,rus,data/raw/rus/5235.jpg,5235.jpg,True,1280,949,JPEG,87b6873ad50965db36a2ef04837e6ec9cb18bff343f0d9e03cec6823218bf6a5,,False,,,,,
meme_006877,ukr,data/raw/ukr/11cGgekbZR4zybcTfrhyXgRXfs4CWi_vy.jpeg,11cGgekbZR4zybcTfrhyXgRXfs4CWi_vy.jpeg,True,947,800,JPEG,54761bf29b05406e5465261859e4d7baa135efdf3c5b63859ec95b3f9e872053,,False,,,,,
meme_013237,ukr,data/raw/ukr/1gKRyZvOizZO3bAvA6pLjoDDIuiDAHkdy.jpeg,1gKRyZvOizZO3bAvA6pLjoDDIuiDAHkdy.jpeg,True,2040,2014,JPEG,3d94a3a7897c27396d6669bc90253b4f8c9eab3201d224b6f0cbe3fb1b1853a3,,False,,,,,
meme_004786,rus,data/raw/rus/5304.jpg,5304.jpg,True,564,582,JPEG,4d3699ab4d89b0752f57a72ec2c848ac7bda1ea353822bc70d072468414bbc0e,,False,,,,,
meme_014632,ukr,data/raw/ukr/1pXW4thqVLJ387oKA71_E8Ta3te82v9_k.jpeg,1pXW4thqVLJ387oKA71_E8Ta3te82v9_k.jpeg,True,720,720,JPEG,b0454faa29e945620ef35c35873b01e9d7e53a465b0a8dfedc744e8a1c3615d6,,False,,,,,
meme_012623,ukr,data/raw/ukr/1cYTOIUq9sFTrocVvAeqDq4WkJzefz88f.jpeg,1cYTOIUq9sFTrocVvAeqDq4WkJzefz88f.jpeg,True,1179,646,JPEG,75f2e3905f12ec73c8b402a2e26a0f1de996eb9216b8d0168e1189eb05d11a03,,False,,,,,
meme_010444,ukr,data/raw/ukr/1P5Z-FzYF7bXGYjbDMOcqEnpzvRQ2HTTj.jpeg,1P5Z-FzYF7bXGYjbDMOcqEnpzvRQ2HTTj.jpeg,True,820,1138,JPEG,38fc33061dce6244167e0af66ee37611a8b5c1fb588115d830ef6832cb11397b,,False,,,,,
meme_015546,ukr,data/raw/ukr/1vHeajEgOdZOLiYTzZd4d18FMPgR1NiA2.png,1vHeajEgOdZOLiYTzZd4d18FMPgR1NiA2.png,True,1024,592,PNG,d9dd455ee26dde78470014ee2448a9674fdf03ea1e57db5ed1328e28645cb9bd,,False,,,,,
meme_008242,ukr,data/raw/ukr/1AdjTv4USdd1urWFNmYpknNnRyDOXW06Z.jpeg,1AdjTv4USdd1urWFNmYpknNnRyDOXW06Z.jpeg,True,1280,1280,JPEG,4298412b97542947ddff0fd7de6b7d0f0daad15be730b2142cd657570e945e19,,False,,,,,
meme_009963,ukr,data/raw/ukr/1M1DDpNMbLlz_OL9pP9eQec9iu6kWIVP_.jpeg,1M1DDpNMbLlz_OL9pP9eQec9iu6kWIVP_.jpeg,True,1095,1280,JPEG,376e6b33336bcb8b08f18de72d1a926e572d33fec429e37e92088b53e4a803f5,,False,,,,,
meme_007665,ukr,data/raw/ukr/16kVk2BlbLXyInvJgOJL04yTdK8QoF5kh.jpeg,16kVk2BlbLXyInvJgOJL04yTdK8QoF5kh.jpeg,True,1090,1280,JPEG,7dabf3af821fa783b174ddf9822f6727c019c583010c31ccb7ffa404c82f134b,,False,,,,,
meme_011279,ukr,data/raw/ukr/1UqODsNgavmOCGSCPjzKyIgLg4ua77IxB.jpeg,1UqODsNgavmOCGSCPjzKyIgLg4ua77IxB.jpeg,True,1280,687,JPEG,1bf3bdeb359d26c49717ad9192a8c17b59e3cf26772e4a758a6a3f7784969d3d,,False,,,,,
meme_009510,ukr,data/raw/ukr/1J3WLnIr-5zoRKRmG_CjRVCF3Zqh9RBRe.jpeg,1J3WLnIr-5zoRKRmG_CjRVCF3Zqh9RBRe.jpeg,True,1044,1280,JPEG,f26ce5b4c6c082aff2697c0911df1345eb0e408da57ef7ead82cb67ae9669309,,False,,,,,
meme_000368,rus,data/raw/rus/1328.jpg,1328.jpg,True,800,764,JPEG,c16249ba67e001433dbd81cbeb7dedf0f23a20071e78a2449d91850acd95d35e,,False,,,,,
meme_011545,ukr,data/raw/ukr/1WXPDygKABsJ0sZHl_s7mqLdKFetWX68F.jpeg,1WXPDygKABsJ0sZHl_s7mqLdKFetWX68F.jpeg,True,698,508,JPEG,4de6db88783859b47e30ba496b8cf968e7a21bc043bdd0f81ba4ef8c0fada1e3,,False,,,,,
meme_003690,rus,data/raw/rus/4318.jpg,4318.jpg,True,762,800,JPEG,ffdb8323066562d1062a9415422db0f8a9d04b6f73404526ba118e3720b4053c,,False,,,,,
meme_008594,ukr,data/raw/ukr/1Czd9IfJntORfwIKwSE38qgoh-AnC3qdI.jpeg,1Czd9IfJntORfwIKwSE38qgoh-AnC3qdI.jpeg,True,843,1280,JPEG,f7afdb098414a17a6e751a5cf667be5fc87936d3ab2b78eb38eff7c39fa68e17,,False,,,,,
meme_012613,ukr,data/raw/ukr/1cQscpbJRghKuBZu6KWO7X3cs0QhFOsY_.jpeg,1cQscpbJRghKuBZu6KWO7X3cs0QhFOsY_.jpeg,True,1080,720,JPEG,8111a01832d598338e17a44dfa3a2b2230aafee10e9aa40fc6d3e88c635bd6e4,,False,,,,,
meme_012010,ukr,data/raw/ukr/1ZWLYuGMWrYs-V0La2agdtT5wW2MDHmkM.jpeg,1ZWLYuGMWrYs-V0La2agdtT5wW2MDHmkM.jpeg,True,640,546,JPEG,48792a59458c2a2d3889f7d67ce78ac39eb8b73a8b31fe8a887b9697c34bb935,,False,,,,,
meme_013280,ukr,data/raw/ukr/1gX85tf17ukR8naM_TFt7GhwqIdc7tsGT.jpeg,1gX85tf17ukR8naM_TFt7GhwqIdc7tsGT.jpeg,True,576,434,JPEG,118284a70e5275222429dec31718b9ad9001c1cd73fff3eb88a3a97309f85cc0,,False,,,,,
meme_005988,rus,data/raw/rus/6387.jpg,6387.jpg,True,800,800,JPEG,7955f7ee7f73d9a2953988d35f1113e6f38d742337e45a109f077ec6bb0dc4af,,False,,,,,
meme_015435,ukr,data/raw/ukr/1ubeLnKaJ0-cTsgMqpWsSvDABTQMN88RI.jpeg,1ubeLnKaJ0-cTsgMqpWsSvDABTQMN88RI.jpeg,True,1920,2011,JPEG,c1b18dd1552f4469716e1df67448652686bd27af9ed616e56d3d6b08f3cd10e0,,False,,,,,
meme_000218,rus,data/raw/rus/1193.jpg,1193.jpg,True,568,604,JPEG,e120d3fd56786b126e212e168562662c6ef3bb225eecc19e539b9ca0987d0e6e,,False,,,,,
meme_009089,ukr,data/raw/ukr/1GDdwzFxtTRKTy_pE7U6pSxwnrBNmZ81t.jpeg,1GDdwzFxtTRKTy_pE7U6pSxwnrBNmZ81t.jpeg,True,1024,806,JPEG,025f2699fe6e0b586b353e74a2fc83969709a74db4388d0ececd0ce366415de6,,False,,,,,
meme_000504,rus,data/raw/rus/1450.jpg,1450.jpg,True,800,624,JPEG,fc4b6a2d18a447f0d79781bb632dd9990d0e7e7329fc2da3b5dd870ae509b1d2,,False,,,,,
meme_004823,rus,data/raw/rus/5338.jpg,5338.jpg,True,636,800,JPEG,2780082653c64b0a43ed7f99b508e8eacfca7b41f17215795c0337e83426b937,,False,,,,,
meme_013355,ukr,data/raw/ukr/1h44Z4uFOHcs1C1dSXj72X_c_U4Fr-1iV.jpeg,1h44Z4uFOHcs1C1dSXj72X_c_U4Fr-1iV.jpeg,True,777,1280,JPEG,0f5a45067b646e300e3a77c2c510df1be9c4f768e59c54fe8ac04ff2973d8342,,False,,,,,
meme_011937,ukr,data/raw/ukr/1Z6vWh9eV5mTaksVFeTdZMmJYEGt3e8H7.jpeg,1Z6vWh9eV5mTaksVFeTdZMmJYEGt3e8H7.jpeg,True,252,315,JPEG,404538eff055c8052516ffbc5ad1174772d2a232f752dc87da4472381c90dffe,,False,,,,,
meme_002013,rus,data/raw/rus/2809.jpg,2809.jpg,True,1000,848,JPEG,398a6694a59298c5cadfcb40af4b261cbad1285c1b72d104f51f93cf9295c71a,,False,,,,,
meme_015977,ukr,data/raw/ukr/1yBpJFka0w_8N2aQcLC5OkWW8gLWvek55.jpeg,1yBpJFka0w_8N2aQcLC5OkWW8gLWvek55.jpeg,True,1280,646,JPEG,090bc61d5bccf35f584ecff655b41813a49bc3d4349d3183f746b00348320a53,,False,,,,,
meme_008263,ukr,data/raw/ukr/1AnKgKog5n-g1zraG2-fM9v893he8gzYQ.jpeg,1AnKgKog5n-g1zraG2-fM9v893he8gzYQ.jpeg,True,640,1000,JPEG,417d501675e21947421e9905828646d28124de323142c148de997a1e744f343a,,False,,,,,
meme_009382,ukr,data/raw/ukr/1IFzi9b_q-Np-48vAxFHiKqPX9EytGY4x.jpeg,1IFzi9b_q-Np-48vAxFHiKqPX9EytGY4x.jpeg,True,500,660,JPEG,65fa1c51a039533e641902724004cecbb7945f430acb6e66c1cf26233a52d97c,,False,,,,,
meme_009488,ukr,data/raw/ukr/1Ix7ktC45Z-WxA0-_A24NrI6SeL60HeKT.jpeg,1Ix7ktC45Z-WxA0-_A24NrI6SeL60HeKT.jpeg,True,500,500,JPEG,9a7e9aae97bda1a2d5fd0f1cc26b245c9ac986e692ee00bb4720311b7540bbcd,,False,,,,,
meme_000901,rus,data/raw/rus/1808.jpg,1808.jpg,True,1174,1280,JPEG,28d5c472c2f4212eac1586deb6d7092e05a61c24005b759c8d216c1e922411a5,,False,,,,,
meme_008975,ukr,data/raw/ukr/1FVCjDnOzzU5xawAPTHcUYa5ozRPN2-y6.jpeg,1FVCjDnOzzU5xawAPTHcUYa5ozRPN2-y6.jpeg,True,874,1279,JPEG,c9204122028c5019066adcb7cf8dfd4ae7f609073c8a733d4f6b17d256119a7e,,False,,,,,
meme_000185,rus,data/raw/rus/1163.jpg,1163.jpg,True,736,736,JPEG,66f1e32f659fe212d3b7602ed24e7615d61113bd1224c4d239aa1cc5c6824e3e,,False,,,,,
meme_009404,ukr,data/raw/ukr/1INE2F-wkBSjtiam6oLTz3alB-3M386KG.jpeg,1INE2F-wkBSjtiam6oLTz3alB-3M386KG.jpeg,True,768,960,JPEG,b97ea461c22cea758fefad43816d092baaa3260e75da1f54c964e8320371001f,,False,,,,,
meme_003866,rus,data/raw/rus/4477.jpg,4477.jpg,True,1136,1280,JPEG,556dc1706aabff4ca1b6dd7c2c4735a110cd69b668584b3b23484e33459e07c8,,False,,,,,
meme_010484,ukr,data/raw/ukr/1PUZdgCup3nVSryiwd2VyjtWvNIEc0MS8.jpeg,1PUZdgCup3nVSryiwd2VyjtWvNIEc0MS8.jpeg,True,1179,830,JPEG,7fe3ae9fa08c2b97ec21d53e55896396e8928e50b5da4230d431e9b31591fe49,,False,,,,,
meme_009975,ukr,data/raw/ukr/1M5OuB4-2TRuIR5miLFx38WqPdYcR2FH0.jpeg,1M5OuB4-2TRuIR5miLFx38WqPdYcR2FH0.jpeg,True,2048,1731,JPEG,e1c052d9c54003aeef0e4373334577a0d2c1cc85bb3bed1f633dd7e334dae14e,,False,,,,,
meme_012510,ukr,data/raw/ukr/1bpieZkUx6RLVFwZOt2zLvxfTi3PzX0FX.jpeg,1bpieZkUx6RLVFwZOt2zLvxfTi3PzX0FX.jpeg,True,457,555,JPEG,e96f536fcca6cf04b599fe5817c5816443ce14693c9cdeea2aba67ba15754624,,False,,,,,
meme_013827,ukr,data/raw/ukr/1k0M79vsxyIN4amW6robjwT4elHPGFbsc.jpeg,1k0M79vsxyIN4amW6robjwT4elHPGFbsc.jpeg,True,966,657,JPEG,1e610efe059f3b9b81ced5bd10a0527fced36dcd3edbfe2986a47f8a68ee47cd,,False,,,,,
meme_004036,rus,data/raw/rus/463.jpg,463.jpg,True,750,726,JPEG,d1ad3822ba3a94a22468b89d2cdd15d8818e1e5f2d08865b32fb2f55a0dcce05,,False,,,,,
meme_007895,ukr,data/raw/ukr/18DSABj9mmN2p370RmIW3yIWfiTDBuGff.jpeg,18DSABj9mmN2p370RmIW3yIWfiTDBuGff.jpeg,True,628,493,JPEG,1b9fdcfb4fbb239a7b77daf3c7630d1debf546150962d0843042d4a35d8caaee,,False,,,,,
meme_013525,ukr,data/raw/ukr/1i5gNhkCg7aZAJ_XgNIUyh6R5rg77AwGO.jpeg,1i5gNhkCg7aZAJ_XgNIUyh6R5rg77AwGO.jpeg,True,701,674,JPEG,7627c00b521175a2e49d3c54c32519c636be3fdd0b840ccf3194b61dd66d6a2f,,False,,,,,
meme_013022,ukr,data/raw/ukr/1f8cuH5EL600mqtHb9WAu2G5Dv0I9UokH.jpeg,1f8cuH5EL600mqtHb9WAu2G5Dv0I9UokH.jpeg,True,735,530,JPEG,d4bb6cafc1de190a8832879649b6f0f584ba81e30370e100eac793ac0c5fcef1,,False,,,,,
meme_000593,rus,data/raw/rus/1530.jpg,1530.jpg,True,800,500,JPEG,14013af942bab54dc26d1f3f1163a1bc4e7601f91d0a452c43a9e1ba940e4731,,False,,,,,
meme_002808,rus,data/raw/rus/3524.jpg,3524.jpg,True,454,604,JPEG,c239975f4bcf1b84ce29e97c07a6b0fdbad2d4d99d660b947bcb929daa52541b,,False,,,,,
meme_005333,rus,data/raw/rus/5798.jpg,5798.jpg,True,500,630,JPEG,377a81b9d9f5462139a8882544e27c3e6d9c7fb26ae95740753a17b3acb13408,,False,,,,,
meme_007781,ukr,data/raw/ukr/17Xq5QyeciQCLk0hbSuUnegobVzXUfPFG.jpeg,17Xq5QyeciQCLk0hbSuUnegobVzXUfPFG.jpeg,True,862,1080,JPEG,8b4ff929016ac2aa3fb349c3a67862dd55c0b46bbf8f0812cedaa2b44454709d,,False,,,,,
meme_016042,ukr,data/raw/ukr/1ydBvuhpVyPHZjBe6GfTH-Ov96VUPQrlA.jpeg,1ydBvuhpVyPHZjBe6GfTH-Ov96VUPQrlA.jpeg,True,1001,1036,JPEG,624e75f0593805f55d92ad0051e5ab51fbdab3b80b1fd671b54441bdcf8dc200,,False,,,,,
meme_005795,rus,data/raw/rus/6212.jpg,6212.jpg,True,1080,872,JPEG,aaf4e788dfd6d0ae7b26a058c38d4bab9910706214825139ad5dd13350deb10c,,False,,,,,
meme_015603,ukr,data/raw/ukr/1vf7GS5SAh84Fx19-IMDgdCZFTeDqYeFh.jpeg,1vf7GS5SAh84Fx19-IMDgdCZFTeDqYeFh.jpeg,True,500,500,JPEG,6d201d5daf91e1391bc3d749f5a53e8d4e09140758700e02217cf3af48a566a5,,False,,,,,
meme_004411,rus,data/raw/rus/4968.jpg,4968.jpg,True,1000,749,JPEG,f04eb8c45bbdd1c0fee8577cd41823ce340eb23e40b557ce2f78d1d1dd9341ce,,False,,,,,
meme_000539,rus,data/raw/rus/1482.jpg,1482.jpg,True,600,574,JPEG,7a7292feb4c3d128c08e612281762dc6647070b41202fb809a4ed606f5b73934,,False,,,,,
meme_003996,rus,data/raw/rus/4594.jpg,4594.jpg,True,544,604,JPEG,3ba03609c134bbdaf4344db10b16d4861ab776e32507fe3ba8eaa439e850c184,,False,,,,,
meme_009698,ukr,data/raw/ukr/1KLsbiOHCXLVyxanX3p1oZ9Bt_XI5sUSB.jpeg,1KLsbiOHCXLVyxanX3p1oZ9Bt_XI5sUSB.jpeg,True,972,961,JPEG,1490f13e84e7c219b46e6a3fae22030d1ef85b2d78f83b9237d9df4635927cfe,,False,,,,,
meme_004210,rus,data/raw/rus/4787.jpg,4787.jpg,True,1060,629,JPEG,577a2ddaef53ba3e576913a3b1cb0654629f69569acfff6c044deae2ad73ba5f,,False,,,,,
meme_006498,rus,data/raw/rus/990.jpg,990.jpg,True,763,1129,JPEG,e407ef60ef958dc25d78c6d9bb72120d725aa7e26019879d9d4923ab9e9228c3,,False,,,,,
meme_004470,rus,data/raw/rus/502.jpg,502.jpg,True,470,549,JPEG,559dcf05e42c5f780aeb9bb6e93adfcf0187a0ae554d43affebda424c1ef5a0f,,False,,,,,
meme_005031,rus,data/raw/rus/5525.jpg,5525.jpg,True,1074,1080,JPEG,e59b35a2bdc1c813c68eb4dfab2e907eae0ec81445e5b26adb80d8d4fc279bb6,,False,,,,,
meme_004337,rus,data/raw/rus/4900.jpg,4900.jpg,True,1080,640,JPEG,83da1f82444cd994d2b0c47c8216b36e8a938ed2ecc0511ace26dfe9ee6723cc,,False,,,,,
meme_009603,ukr,data/raw/ukr/1JiAW0MwdzTHEwwuM95PeTJ44QQJ6Fh0o.jpeg,1JiAW0MwdzTHEwwuM95PeTJ44QQJ6Fh0o.jpeg,True,1644,2048,JPEG,f19fc17c521e265e4031b7c14eee5c64c1e0660a2608a072eac04a694fd99f5d,,False,,,,,
meme_005517,rus,data/raw/rus/5963.jpg,5963.jpg,True,1028,640,JPEG,6ea27d982e700c8f50f06902d4706b21d6bcc7569fb4c1356664e48e4a76e5e8,,False,,,,,
meme_009640,ukr,data/raw/ukr/1JzBlmix4GJZ8OSFH4pJO_pfxRrL85uj3.jpeg,1JzBlmix4GJZ8OSFH4pJO_pfxRrL85uj3.jpeg,True,1280,1280,JPEG,5bbe5d829ba2e4317db77043beefea50dace2a4c30db7d5fb269c4543cc86b4f,,False,,,,,
meme_006157,rus,data/raw/rus/683.jpg,683.jpg,True,960,1116,JPEG,a8112a8368ecc90e09927f460c873eea6ff32d8526d0d53ec733e2e339e4dedb,,False,,,,,
meme_012297,ukr,data/raw/ukr/1aZXTd1C-GX06nUcmLj_WWitIteRpYXZj.jpeg,1aZXTd1C-GX06nUcmLj_WWitIteRpYXZj.jpeg,True,1164,1006,JPEG,467867707e4b87a9fbc184df2432812230704c6b64c37c784ef810fbcba065d4,,False,,,,,
meme_015347,ukr,data/raw/ukr/1u6XlGWoOsJopG7ppVPPRJyGSaNiPk_If.jpeg,1u6XlGWoOsJopG7ppVPPRJyGSaNiPk_If.jpeg,True,892,1024,JPEG,4463ebbc05c265108d19cd724c6f21cd5a6e4fff2df393ff899848f2b87346e6,,False,,,,,
meme_004561,rus,data/raw/rus/5101.jpg,5101.jpg,True,720,1047,JPEG,445688a95558fe81240559d505b197e7c153447b60ad8e4d40e2f0a00fdc732f,,False,,,,,
meme_005744,rus,data/raw/rus/6167.jpg,6167.jpg,True,1280,813,JPEG,686f5f7a8de404e446c3f45f39d66861f52b209ec2874b375bf0aebd2d374e73,,False,,,,,
meme_005164,rus,data/raw/rus/5645.jpg,5645.jpg,True,516,800,JPEG,e5587af3c301b486230b86afa0c80bcbff1a5179129a4ac4e6328094092c746d,,False,,,,,
meme_002311,rus,data/raw/rus/3077.jpg,3077.jpg,True,1200,1155,JPEG,63daee8cb838c62de86434a56b4b59d7a18a29634d6809856d37000bc3d753d9,,False,,,,,
meme_004330,rus,data/raw/rus/4895.jpg,4895.jpg,True,708,797,JPEG,35ae51d96a5eadec0714da16a1ff22db85afabff7d8b2fb1ca5431bb7bc8a0e7,,False,,,,,
meme_011491,ukr,data/raw/ukr/1W8ju2xOr5waPz9Tw2rtTCAWbGFvOlNHa.jpeg,1W8ju2xOr5waPz9Tw2rtTCAWbGFvOlNHa.jpeg,True,960,723,JPEG,029453de0afebd6e3ab91a78f0693d2899f6875db008804c42ef3e7bf4975fb7,,False,,,,,
meme_003214,rus,data/raw/rus/3890.jpg,3890.jpg,True,604,585,JPEG,f7cc077ad742885e5a51891d6a426002b01ace40b0733bdbfc2678a0838ef292,,False,,,,,
meme_009648,ukr,data/raw/ukr/1K37NCKkT1DonnA-lwDyFcv9OMEN_cUEC.jpeg,1K37NCKkT1DonnA-lwDyFcv9OMEN_cUEC.jpeg,True,1279,1061,JPEG,d65a47a4ecc33a71544986314aeeabed74f37aec252e56bc25a072987919d2d0,,False,,,,,
meme_006096,rus,data/raw/rus/6484.jpg,6484.jpg,True,1280,1027,JPEG,92793ba8ac8bbb7f2513554165cf473859bad498c96ca32126b39e28e4626a38,,False,,,,,
meme_011577,ukr,data/raw/ukr/1Wm6RI_DdaX6UXRqAWyvwpSvNj_66jgI1.jpeg,1Wm6RI_DdaX6UXRqAWyvwpSvNj_66jgI1.jpeg,True,526,801,JPEG,85f867100af527dee07ab64b3ba8676fe147c72b567fcaa099f07cfbcc902dcf,,False,,,,,
meme_007008,ukr,data/raw/ukr/12Tz05HSPker7KZCAt66LqV51bPtxFfyU.jpeg,12Tz05HSPker7KZCAt66LqV51bPtxFfyU.jpeg,True,1784,2048,JPEG,47e55e5bab96c21d6e87bfde4e7dd2f80a74dc24eda005281e133a90d92a6bcc,,False,,,,,
meme_009262,ukr,data/raw/ukr/1HKBDdvOrjxBup9xaVh-G5TmPenAsajBs.jpeg,1HKBDdvOrjxBup9xaVh-G5TmPenAsajBs.jpeg,True,1290,1579,JPEG,235fc18a8f4e786345685b6f1fd169eadd3a73ba310c63d59874535221678665,,False,,,,,
meme_014006,ukr,data/raw/ukr/1lBKvCnicHrGrG8K1jTGRQVDx-25fJ60n.jpeg,1lBKvCnicHrGrG8K1jTGRQVDx-25fJ60n.jpeg,True,1024,1280,JPEG,d9ae27b529f74a64ff6cea07e06b98aab0f44a915f5cf9cc37b27e199a4db81d,,False,,,,,
meme_007277,ukr,data/raw/ukr/149gEtJi0mq5kG29rwHDA0SD0ysDtAmkq.jpeg,149gEtJi0mq5kG29rwHDA0SD0ysDtAmkq.jpeg,True,1280,1278,JPEG,be40782694b3b656ef484d5bba322a9c9440666788f12cdd63264a51127ee095,,False,,,,,
meme_004082,rus,data/raw/rus/4671.jpg,4671.jpg,True,466,604,JPEG,858a19a6c7416a10c5654c4c8e07a512a5176a12ccc479bce364e9cf44ef9f9a,,False,,,,,
meme_000972,rus,data/raw/rus/1872.jpg,1872.jpg,True,800,450,JPEG,c646e10b5bd8d4481ef755e05f061a9a84e226ba48c5bde7e684f9f07d15e995,,False,,,,,
meme_004116,rus,data/raw/rus/4701.jpg,4701.jpg,True,751,1280,JPEG,806e0c7dcd1ca0aa16a54b3d77010aab7969a3fe03ef8befd755b571f6a66d9f,,False,,,,,
meme_005126,rus,data/raw/rus/5610.jpg,5610.jpg,True,1076,1080,JPEG,ef4bda5afb54368660a240e5839c943c0e02375509b02b618c5b21b796cd53df,,False,,,,,
meme_015965,ukr,data/raw/ukr/1y7Jlan5aujcB2QTNZCAN7SQMV0FFya7t.jpeg,1y7Jlan5aujcB2QTNZCAN7SQMV0FFya7t.jpeg,True,608,593,JPEG,8ef592e1b9d307833f02383ff7443f3536bdfa7e5dfdfba0f5878136e051d92c,,False,,,,,
meme_006464,rus,data/raw/rus/96.jpg,96.jpg,True,623,710,JPEG,518ff96cb8c492e4d98664434115dcd169a3eba4e04cde745b835e47573f6cff,,False,,,,,
meme_014090,ukr,data/raw/ukr/1loJaD1JRinZ46MFPRsoeuGR3sdESo8xL.jpeg,1loJaD1JRinZ46MFPRsoeuGR3sdESo8xL.jpeg,True,832,1229,JPEG,edab26dde483a8956c69e23b30c1b17a7a5e0c886490b7c82bb46c868a72d818,,False,,,,,
meme_010468,ukr,data/raw/ukr/1PPUMPRi_QjXbyaGFR-T3QmtJzTHv2jfM.jpeg,1PPUMPRi_QjXbyaGFR-T3QmtJzTHv2jfM.jpeg,True,1600,1011,JPEG,095dc0263f1649d587aa6267a94aa45fc758b85ca5969083d3f49ed687ad084c,,False,,,,,
meme_008150,ukr,data/raw/ukr/1A3du4AIxqziRigYwA1PWEbzs8oLEPrkZ.jpeg,1A3du4AIxqziRigYwA1PWEbzs8oLEPrkZ.jpeg,True,636,767,JPEG,80f5d22e87577e11aa8c14813998bf0a59129a01f299faa5092ac3ebfd73ed28,,False,,,,,
meme_014913,ukr,data/raw/ukr/1rMrWBSqX7_MJisIscwtFcOdlD9VRqNKG.jpeg,1rMrWBSqX7_MJisIscwtFcOdlD9VRqNKG.jpeg,True,1079,848,JPEG,6fa48849ee20f340268abbf494d2b20d9361620242c4a2e14f4b6e3677dd0b15,,False,,,,,
meme_014308,ukr,data/raw/ukr/1nKgIl6Tthtnmps-2emXJQd1m7fT5i4NV.jpeg,1nKgIl6Tthtnmps-2emXJQd1m7fT5i4NV.jpeg,True,840,974,JPEG,5981bef9e83983e9941d6be22fad187eba8c1fcd8637a0fe5db4feb225bab292,,False,,,,,
meme_000466,rus,data/raw/rus/1416.jpg,1416.jpg,True,540,430,JPEG,4377113e06d158947547e08cc106ae19bb4d67fc79a2302ae3af354f76da57fc,,False,,,,,
meme_013599,ukr,data/raw/ukr/1idAPfqSeIT8p4ucsKgV1fFtziP4hYkgU.jpeg,1idAPfqSeIT8p4ucsKgV1fFtziP4hYkgU.jpeg,True,764,684,JPEG,5977d76dd01ccee8b8f4b5d443d7e827b5707fc694dc63467677aea8bbf5c855,,False,,,,,
meme_009782,ukr,data/raw/ukr/1KuBmKuZFsMCcyEAqrDstjEoaEFJazhMX.jpeg,1KuBmKuZFsMCcyEAqrDstjEoaEFJazhMX.jpeg,True,476,619,JPEG,c0f945c1062ed1ac165b071d3eba7ebb9de04a96ca89966fe573e655ac017ced,,False,,,,,
meme_016132,ukr,data/raw/ukr/1zI1TUCe1PdSAHZmxxwGzZUpSgc5tio4U.jpeg,1zI1TUCe1PdSAHZmxxwGzZUpSgc5tio4U.jpeg,True,1024,1049,JPEG,0d324e1499fce699ce428218329aebd1db7b3b562b1c7624763bbcbade924317,,False,,,,,
meme_015407,ukr,data/raw/ukr/1uURBhTctmUooM7Qrgxzz5Leu3XtmK0V2.png,1uURBhTctmUooM7Qrgxzz5Leu3XtmK0V2.png,True,982,984,PNG,59d24bf83db646be5f05798f6dfbf3ebe459f1fe52a33a208356fc27d4e7b52c,,False,,,,,
meme_000114,rus,data/raw/rus/11.jpg,11.jpg,True,1080,776,JPEG,1bf0b4c3796858f2225c102243ba2f2e8925996008532d6104c2a204c496a646,,False,,,,,
meme_002616,rus,data/raw/rus/3351.jpg,3351.jpg,True,800,745,JPEG,8c6c254db85cd0995c640aefa0f010ba337ddc3ceb4d015d8e9c1924915d6e82,,False,,,,,
meme_006168,rus,data/raw/rus/693.jpg,693.jpg,True,736,736,JPEG,4d4c4f01e812303ffbbd4110f856ebfa29569d0bf6e1c3ef8ff58e599e7acc0c,,False,,,,,
meme_001028,rus,data/raw/rus/1922.jpg,1922.jpg,True,640,640,JPEG,034ae85ca7b39789ce5123ec370dab0877d3296f436a1d314e0c99f08148742e,,False,,,,,
meme_002969,rus,data/raw/rus/367.jpg,367.jpg,True,640,593,JPEG,9ad50276e389c09fc44bf8754f3633d7869492de17b5ff08a40bb0736ee13569,,False,,,,,
meme_000036,rus,data/raw/rus/1029.jpg,1029.jpg,True,800,607,JPEG,2fce1adedafc621de832d86868b9c59ba66bb2f3bb1fa3a408fa0fea7f9af910,,False,,,,,
meme_015616,ukr,data/raw/ukr/1vlyvulF_FO6egEi1ayCCjuJ4T5I7vhVw.jpeg,1vlyvulF_FO6egEi1ayCCjuJ4T5I7vhVw.jpeg,True,1080,864,JPEG,0e77ded546f0ff9111629f939eec7c5ef1dfae2ad7cde91eaf66a7738a8424c7,,False,,,,,
meme_007173,ukr,data/raw/ukr/13ZzwFXcCuyg7p8Tu7hYc5fakHofS3VDV.jpeg,13ZzwFXcCuyg7p8Tu7hYc5fakHofS3VDV.jpeg,True,1280,1280,JPEG,44d879f5bc7428564a705c11bb273120756bed5096f10ee59894399da204e43c,,False,,,,,
meme_014806,ukr,data/raw/ukr/1qiRiRSC7OIE6tQr-tYOXqIVSixY-NUqW.jpeg,1qiRiRSC7OIE6tQr-tYOXqIVSixY-NUqW.jpeg,True,828,1107,JPEG,4b0dc2c50a7c3e32426e0f8fe77db658f67ace7cb8754f7424479be35f6643da,,False,,,,,
meme_008077,ukr,data/raw/ukr/19_6PBvGkWbL2hYpq8sfZ9zW36xdd7aTc.jpeg,19_6PBvGkWbL2hYpq8sfZ9zW36xdd7aTc.jpeg,True,813,800,JPEG,b42897d9f1886123b09f12be1bea853df0c5f4186ce583f8ee951c66366973b9,,False,,,,,
meme_002532,rus,data/raw/rus/3276.jpg,3276.jpg,True,723,800,JPEG,2a805398c90c7f4e558c4c134426ae4a30cdacfd8918b58f411701620e73f49f,,False,,,,,
meme_006142,rus,data/raw/rus/67.jpg,67.jpg,True,788,1080,JPEG,3b001c451d6c885b251164fa3b96535a8ecdc6f829fd9b16609f886fc6b42e68,,False,,,,,
meme_015478,ukr,data/raw/ukr/1upL7pTloT9SPAfXKZbS9c2Qx6xwQYtC1.jpeg,1upL7pTloT9SPAfXKZbS9c2Qx6xwQYtC1.jpeg,True,1200,1200,JPEG,a814505ae047d5c4ccbbb8422769e241596cec637c5de23ec6383c70cdb312b2,,False,,,,,
meme_002020,rus,data/raw/rus/2815.jpg,2815.jpg,True,1280,1123,JPEG,397ae302cb36bd78811096af570ccd537ff2686101ba78b616a3a2eae7ce3b77,,False,,,,,
meme_008615,ukr,data/raw/ukr/1D5Fo7S44ZlxhEtUHn6IXe75DwkNDj31t.jpeg,1D5Fo7S44ZlxhEtUHn6IXe75DwkNDj31t.jpeg,True,1024,1077,JPEG,7623ea57cff3a39abd8a642b606f395a254209cbfb9dffa51f83dceafb6cbbb2,,False,,,,,
meme_006187,rus,data/raw/rus/71.jpg,71.jpg,True,739,643,JPEG,2c7623c6697c6ed40d01743a16d49e6f842b561d620935f8efaee50e6012dd1c,,False,,,,,
meme_000869,rus,data/raw/rus/178.jpg,178.jpg,True,800,517,JPEG,abfa82a770f4305dd17af783a17ff0438f7d6318651adac0e8635ca8fbf6b48d,,False,,,,,
meme_007093,ukr,data/raw/ukr/135ImBsn5Qog8RTM5rsAESUHujVfIhIIw.jpeg,135ImBsn5Qog8RTM5rsAESUHujVfIhIIw.jpeg,True,334,484,JPEG,a806252c6384ab53f874e1b4479cdae98b806e8c8dfd5bb14f90748d5d7c7c0d,,False,,,,,
meme_000016,rus,data/raw/rus/1010.jpg,1010.jpg,True,480,480,JPEG,2d813748ed55da084bd02756b7f697ea5896dc9e4abeded4af94f37d67a6b67d,,False,,,,,
meme_010537,ukr,data/raw/ukr/1Ptv-FZKQdfcdED-85_uJncP3W-wAJzaE.jpeg,1Ptv-FZKQdfcdED-85_uJncP3W-wAJzaE.jpeg,True,680,494,JPEG,7fb181319b1e8d9cfc89dbc7e0c6a8a7233825385f25dad51c2755cedbbfa702,,False,,,,,
meme_014163,ukr,data/raw/ukr/1mEErla7VvZ0c3Ma8Ub2cPqIDuJtNiu9H.png,1mEErla7VvZ0c3Ma8Ub2cPqIDuJtNiu9H.png,True,1116,1300,PNG,47cfe7f8e61c3102379870ca84925c5d63b01c7aa68eaa2d3b8d94a8a9f7217e,,False,,,,,
meme_011435,ukr,data/raw/ukr/1VohTIuq5BLX1A-KaFO-CeEjBPJCj6yB1.jpeg,1VohTIuq5BLX1A-KaFO-CeEjBPJCj6yB1.jpeg,True,512,640,JPEG,0c0c0bd50d1863a4762d718ca25954351fa02b8573560a7512b417d8047cabd5,,False,,,,,
meme_007557,ukr,data/raw/ukr/161TrHP-Ogx89vzQptaatqDTI85JxT_QO.jpeg,161TrHP-Ogx89vzQptaatqDTI85JxT_QO.jpeg,True,746,500,JPEG,51d1d396c20e0be42a323d7fe1e7a1fa3c0eeed658004567956bca1f09e8da73,,False,,,,,
meme_013331,ukr,data/raw/ukr/1gwKBMaZkiTyD-tCD9dxl7kr8wKslsyuZ.jpeg,1gwKBMaZkiTyD-tCD9dxl7kr8wKslsyuZ.jpeg,True,1179,1284,JPEG,5bc9f7d83fc53b0153e0979a7bb0a52576f1ae2109264fb0a8dde88297e267c6,,False,,,,,
meme_009396,ukr,data/raw/ukr/1IKBbc7iJmvIGJ3rJh01LhAjeEuw44Q-i.jpeg,1IKBbc7iJmvIGJ3rJh01LhAjeEuw44Q-i.jpeg,True,1080,810,JPEG,561f043368ad25650860f656ad817001d517d05a6c420b9a92a7d5be3c6a5106,,False,,,,,
meme_013110,ukr,data/raw/ukr/1fagRZixi6wUBGqb25Tm96dGCLSPFRLMG.jpeg,1fagRZixi6wUBGqb25Tm96dGCLSPFRLMG.jpeg,True,613,423,JPEG,f0fbb77036918426220fce6aacbffea526cf4176dc38ae380495d747b42a8d99,,False,,,,,
meme_011091,ukr,data/raw/ukr/1TY7w8auVk0hB2f0FbE94yXLB4Th2hCHS.jpeg,1TY7w8auVk0hB2f0FbE94yXLB4Th2hCHS.jpeg,True,991,1280,JPEG,c1a6cd291d549dba6e0bebce71db1667cbc973a0423c3ec7e30de09fc05ec218,,False,,,,,
meme_004394,rus,data/raw/rus/4952.jpg,4952.jpg,True,1170,1143,JPEG,da84cbee378fb01851615960d634703d5ed23e0cd6aa5f5f86f00465d0c2b950,,False,,,,,
meme_008937,ukr,data/raw/ukr/1FFlxmNKF1c5t7odOlieJGLxVQxdV2qtr.webp,1FFlxmNKF1c5t7odOlieJGLxVQxdV2qtr.webp,True,648,879,WEBP,130a73d446b545e58b03e9037eeb1f9b5287cb89c4c1ac750c3d604e4ebc818e,,False,,,,,
meme_007672,ukr,data/raw/ukr/16nlxk4dPONV93CyuYDpK4cIcQBl3KPQq.jpeg,16nlxk4dPONV93CyuYDpK4cIcQBl3KPQq.jpeg,True,480,493,JPEG,f812e4e0fe67693f721286d55f432466adc37f868f957245b1b4ec2343ce6fab,,False,,,,,
meme_015956,ukr,data/raw/ukr/1y4KoYad2GYnjelMRjwJ-oY89N3Hm7EqN.jpeg,1y4KoYad2GYnjelMRjwJ-oY89N3Hm7EqN.jpeg,True,2275,1788,JPEG,2ecd4b24a9ffad26cef811cc7c38c3877ec99d17f5cb0dbc8745ceadc70633b0,,False,,,,,
meme_003683,rus,data/raw/rus/4311.jpg,4311.jpg,True,604,367,JPEG,accfc2a4ac6bb2326d72be60f3e5430354db31ba0a9d858f264de53887a17ae1,,False,,,,,
meme_013620,ukr,data/raw/ukr/1in-wwRyq5I5O24JBdA129kQSH9-snIkz.jpeg,1in-wwRyq5I5O24JBdA129kQSH9-snIkz.jpeg,True,1031,1427,JPEG,df1bffcae74737cde5ee36d1002c4d6fb1163756083a561ac80d120ecbef7ec4,,False,,,,,
meme_015222,ukr,data/raw/ukr/1tEsgsTBGp5USyqRrlEwGL-t82kd9Fq8a.jpeg,1tEsgsTBGp5USyqRrlEwGL-t82kd9Fq8a.jpeg,True,680,540,JPEG,1c56e0c9a2a56f998eb203459e5864c0ff00d180c01c7b60df594cca6b728e27,,False,,,,,
meme_010514,ukr,data/raw/ukr/1PiV3Kj3MXvS2dTJeL4qMl1ipPGuYKDof.jpeg,1PiV3Kj3MXvS2dTJeL4qMl1ipPGuYKDof.jpeg,True,853,960,JPEG,c1ef1c3323e254947f77bbb06c16175b0641772f7e15f103386712499ba17093,,False,,,,,
meme_009567,ukr,data/raw/ukr/1JS9u45XRS6C1Jq0jDW0uluvfce1amQTk.jpeg,1JS9u45XRS6C1Jq0jDW0uluvfce1amQTk.jpeg,True,392,260,JPEG,2d5420b4c5132705ce6307cab5e5e30e20e4a2422ef2acb3082bf47767e5176f,,False,,,,,
meme_014038,ukr,data/raw/ukr/1lS2iLUp-9sGnfV82IEWVqh9m5zD8IaaV.jpeg,1lS2iLUp-9sGnfV82IEWVqh9m5zD8IaaV.jpeg,True,1258,1280,JPEG,e79d389f7e2e3e48e3dd82ae7fc51b21e6fa29f2ba849b89bbcfc0a2bb73139e,,False,,,,,
meme_015693,ukr,data/raw/ukr/1wJ_fsZwF4Z89DaTzdNHfLorwlC0Pi6v_.jpeg,1wJ_fsZwF4Z89DaTzdNHfLorwlC0Pi6v_.jpeg,True,715,477,JPEG,e0ebf1d069dd65eb3f7317631700def72818aff32a268a83a5ebf2ec134d5922,,False,,,,,
meme_009905,ukr,data/raw/ukr/1Le_Pm1jbd8VwNcwavoHVyRbV1oXx5KzP.jpeg,1Le_Pm1jbd8VwNcwavoHVyRbV1oXx5KzP.jpeg,True,828,1218,JPEG,625b1ac346293fa333976e27bc3831aaec106897dc1d4dec9f0d5b05bb8d0e02,,False,,,,,
meme_004830,rus,data/raw/rus/5344.jpg,5344.jpg,True,1170,999,JPEG,15fde98fd6b0bf6b01d28f146e1b2e5b01bb00504495470581483e2bb8935a8c,,False,,,,,
meme_012128,ukr,data/raw/ukr/1_O_8kOA71oF8UUWIp6bHCwG5CTuIKmAD.jpeg,1_O_8kOA71oF8UUWIp6bHCwG5CTuIKmAD.jpeg,True,1080,709,JPEG,78449c01c78e10a33c81cc186848e39e3f81cd4e98fe96181f399380d9bb083b,,False,,,,,
meme_003486,rus,data/raw/rus/4134.jpg,4134.jpg,True,537,597,JPEG,41c728a2f9a938eea4ac45e3051b1818a277c9ce45a2fa95a77acd5bd024bada,,False,,,,,
meme_007333,ukr,data/raw/ukr/14Vde4QXxBCcpQdER5iuxIJoUbX5uz-2x.jpeg,14Vde4QXxBCcpQdER5iuxIJoUbX5uz-2x.jpeg,True,843,520,JPEG,79201bb889001b835e502b8abb495d8e81189f9d01aeed7342dd37bc1d43c52c,,False,,,,,
meme_002479,rus,data/raw/rus/3228.jpg,3228.jpg,True,800,720,JPEG,291601e7d1070e82d683f8fc86fa108d169f190c21e697e40122b7f5d708d8e8,,False,,,,,
meme_011211,ukr,data/raw/ukr/1UNdyLl-NgxyCp4O0mPzOQptYyc1E8MCT.jpeg,1UNdyLl-NgxyCp4O0mPzOQptYyc1E8MCT.jpeg,True,1280,1210,JPEG,4cd00200ab6626cb01bc0a6f607813477e22ff093d6ae045775bc7cd6b663cd1,,False,,,,,
meme_015780,ukr,data/raw/ukr/1wycKk4rL4zWuhh76EpmJxexrT9CAx3vI.jpeg,1wycKk4rL4zWuhh76EpmJxexrT9CAx3vI.jpeg,True,1068,987,JPEG,a5b9e450496e408542c5ce9c6e1da0464e8b02ca218daf9e9f37c17781350fbd,,False,,,,,
meme_013159,ukr,data/raw/ukr/1foOjjJ-AWA8FUiZz7eevUkY3poCOv5rX.jpeg,1foOjjJ-AWA8FUiZz7eevUkY3poCOv5rX.jpeg,True,960,678,JPEG,706fb002cdcc60ae86410871e827b8d003c9a13ea216438720d9c8ccf2dc9c2d,,False,,,,,
meme_001852,rus,data/raw/rus/2664.jpg,2664.jpg,True,905,1073,JPEG,cec61dd5f8c2e3ef022408867f0aaa903928f26a9a3e0e686f2482264f4dba8c,,False,,,,,
meme_003890,rus,data/raw/rus/4499.jpg,4499.jpg,True,466,597,JPEG,d012a978feeacf3cea6bcd6eed3c624088a52ab5a7d04fa9d77d571e3750414a,,False,,,,,
meme_009045,ukr,data/raw/ukr/1FxueUBEYd4bPswSh_ekwj8UzpDQy23wK.jpeg,1FxueUBEYd4bPswSh_ekwj8UzpDQy23wK.jpeg,True,2945,1874,JPEG,449cf3df1e044830471973b84b87e2fab6c97c2886e1d65bf79327d452be609a,,False,,,,,
meme_013757,ukr,data/raw/ukr/1jbZjvgeaFznNCtgygIl3-3Iaqii0Kzxy.jpeg,1jbZjvgeaFznNCtgygIl3-3Iaqii0Kzxy.jpeg,True,1284,651,JPEG,d5c5f5b3451dec4f30766fe7f482b12a55e2cb00782802bec4479672aa1ccc7f,,False,,,,,
meme_010804,ukr,data/raw/ukr/1Req31H5FIFanFxF6sUNfTOOLVBpJt88R.jpeg,1Req31H5FIFanFxF6sUNfTOOLVBpJt88R.jpeg,True,469,623,JPEG,c54b0f7c91315bb49f78b2c85c48f2084cf26b9b27c6a4b1c0b9593c279a7278,,False,,,,,
meme_002453,rus,data/raw/rus/3204.jpg,3204.jpg,True,1280,720,JPEG,7f0f449f6a4c831ad82049743d637b6eced7e9e75d3001ab408262d060fe1939,,False,,,,,
meme_006889,ukr,data/raw/ukr/11jDpynevhE5th0KJI-j0CuBSsab6931E.jpeg,11jDpynevhE5th0KJI-j0CuBSsab6931E.jpeg,True,1280,857,JPEG,900170f12bb17a0d8622f102a50bf15e21733b22757c7eda15982d1c7aadbb63,,False,,,,,
meme_013503,ukr,data/raw/ukr/1hzmMSWG-yL74KVxAxAaIe4pCcYbt_UHg.jpeg,1hzmMSWG-yL74KVxAxAaIe4pCcYbt_UHg.jpeg,True,1280,688,JPEG,769a887ab097af5b53978a217d6c0fc6a95d19e527a11f6d0b939716daa475dd,,False,,,,,
meme_015504,ukr,data/raw/ukr/1v-Uod_vHTPwkN5cIhbcZSTJfOsmgs4Zt.jpeg,1v-Uod_vHTPwkN5cIhbcZSTJfOsmgs4Zt.jpeg,True,842,737,JPEG,cdfcbcf9fc59b9db1230164cafd0cbf8357cbdd0e5dfc294b8a0209c9a6c7db0,,False,,,,,
meme_005023,rus,data/raw/rus/5518.jpg,5518.jpg,True,650,606,JPEG,daee4b15879046336c08ca4ea269d04524fcb795664d292ce9ade837bbe4c548,,False,,,,,
meme_012347,ukr,data/raw/ukr/1aqtsUhSVkbuaNpdcEyRYDDANYv323pXt.jpeg,1aqtsUhSVkbuaNpdcEyRYDDANYv323pXt.jpeg,True,700,804,JPEG,b769c8f5f0cb38d56bf6617ebc8c88f52fc7a7fb028db632e28b1818cab0a289,,False,,,,,
meme_010557,ukr,data/raw/ukr/1Q1JMST4ZSO4d6hk9_CkJS7DrV06Py7tB.jpeg,1Q1JMST4ZSO4d6hk9_CkJS7DrV06Py7tB.jpeg,True,1653,1280,JPEG,e064bebcb2bf5a04cb2ea1d95cc148596ed508daef4dd228be8b1001620157c5,,False,,,,,
meme_012813,ukr,data/raw/ukr/1dgU7AMmCcLLGnofgMu4hOJ2t950v5Tdq.jpeg,1dgU7AMmCcLLGnofgMu4hOJ2t950v5Tdq.jpeg,True,487,680,JPEG,74891b5be50799764e8a0f06b7b40fea2e264bf59fdd08ad9110b3082c0f9c2f,,False,,,,,
meme_011918,ukr,data/raw/ukr/1YzvfhNAYqdpPFMfyKRpcAr0q2st_KofH.jpeg,1YzvfhNAYqdpPFMfyKRpcAr0q2st_KofH.jpeg,True,1280,1071,JPEG,e643331b68371526170248479bd12cf2435ebc65b06f914f01576d86eb44868a,,False,,,,,
meme_008951,ukr,data/raw/ukr/1FKdF8NGzmsXcB7B3rZrCTVYEhWQnFPdN.jpeg,1FKdF8NGzmsXcB7B3rZrCTVYEhWQnFPdN.jpeg,True,3387,1700,JPEG,e648ffb9128594bd7d47179dcf827eaf4b3d9712576d14758ada1fb5c26841aa,,False,,,,,
meme_012111,ukr,data/raw/ukr/1_IjPzKM5rmMhlMw2DrnCuRrDQSXs5kEL.jpeg,1_IjPzKM5rmMhlMw2DrnCuRrDQSXs5kEL.jpeg,True,702,611,JPEG,2236a3f5fc4cbf11fa0b4844651a23e5a2ac84007c00be9c974bb83bff9ce5ab,,False,,,,,
meme_009319,ukr,data/raw/ukr/1Hh87x9tBF0pe-Iic1FkzljlLL96Lq1EE.jpeg,1Hh87x9tBF0pe-Iic1FkzljlLL96Lq1EE.jpeg,True,1902,1000,JPEG,d6a937ab8b4f5f33b1bf49072e737e027766a0cb6f78136c03d4a6c848ca4573,,False,,,,,
meme_006347,rus,data/raw/rus/854.jpg,854.jpg,True,736,717,JPEG,3705f7cc15e8e0e984b8c3a5af1fae3c7086c50317d5ddc6bbc083a7880ffdb0,,False,,,,,
meme_008137,ukr,data/raw/ukr/1A-Rh089ilQRY9u4pH9iCycDFg2Okxrwv.jpeg,1A-Rh089ilQRY9u4pH9iCycDFg2Okxrwv.jpeg,True,1000,875,JPEG,a8c6cd0d5f145946bb7874a0ec09455a1b9133f769b5477b01b44f56a45f5b3e,,False,,,,,
meme_003680,rus,data/raw/rus/4309.jpg,4309.jpg,True,592,800,JPEG,f9ba1a3f9950103febc9548d8034093a6360d6e5a8184224372bc11af784dd5c,,False,,,,,
meme_002520,rus,data/raw/rus/3265.jpg,3265.jpg,True,751,800,JPEG,d6019467dbd30593f0a4a64a9fa59f5fc2a89fe02304ef4259a011f5bec723cf,,False,,,,,
meme_009843,ukr,data/raw/ukr/1LEsOXDCv8oU5pkCdRS5gup7o5TvItnt9.jpeg,1LEsOXDCv8oU5pkCdRS5gup7o5TvItnt9.jpeg,True,1294,854,JPEG,743b3ec0c1ad7cbc221219f82ea98cf4512dddcf0b3358fac943f198755b9ed5,,False,,,,,
meme_008525,ukr,data/raw/ukr/1CVxlmVTUJLIN2S45bb77TNM9q7s-qDLz.jpeg,1CVxlmVTUJLIN2S45bb77TNM9q7s-qDLz.jpeg,True,680,891,JPEG,0f2ca081725dcdb1c693061d1896d065bb9f2e6b2e627c53b70ae8b3d1b17c25,,False,,,,,
meme_013646,ukr,data/raw/ukr/1iyQFWr6xMWnWIpBAVPipCqHHZVnvoCWo.png,1iyQFWr6xMWnWIpBAVPipCqHHZVnvoCWo.png,True,630,600,PNG,c4077bf6b92d9c35d620a655ebaa002014dda6934e69b88321e6b89a03bf06c0,,False,,,,,
meme_000084,rus,data/raw/rus/1072.jpg,1072.jpg,True,834,960,JPEG,660eb6d481f69546239f77da9eb9e2c7ea60d3d854d715ec6b41154986d01d87,,False,,,,,
meme_010995,ukr,data/raw/ukr/1T-pGTwpkYIAlL1L-FeERLao6M-frN9QX.jpeg,1T-pGTwpkYIAlL1L-FeERLao6M-frN9QX.jpeg,True,675,900,JPEG,1efa2f1ce1c61de07a6c4ed473b1c5971a1ffa12931a0dab672378916f8c808c,,False,,,,,
meme_000409,rus,data/raw/rus/1365.jpg,1365.jpg,True,800,600,JPEG,39b1e5c2c3fe66c6a294fb7c8876f17af7a9747acf7219627c5b1877fe2ff3ff,,False,,,,,
meme_005392,rus,data/raw/rus/5850.jpg,5850.jpg,True,1125,956,JPEG,9eb06463c098e05024b121dc813244efd35e3fe192b9362a8675d3c1e554b66f,,False,,,,,
meme_003046,rus,data/raw/rus/3739.jpg,3739.jpg,True,600,600,JPEG,0fb96cde2df48fc7f4f54c271686760222534cc11ca8870513369a4ba078bf79,,False,,,,,
meme_003022,rus,data/raw/rus/3717.jpg,3717.jpg,True,750,662,JPEG,8a7a78fdf01a458171999adfe5eeccb3cf50c4a5005dfaae399490577c860772,,False,,,,,
meme_004070,rus,data/raw/rus/4660.jpg,4660.jpg,True,680,800,JPEG,07a5ae98d490bac8094f357d557a40e26a600649e61a87c4a876a1b29e661b67,,False,,,,,
meme_011141,ukr,data/raw/ukr/1TuYlF8f1ozdaZ23wlulwyQKHPOW-9U_b.jpeg,1TuYlF8f1ozdaZ23wlulwyQKHPOW-9U_b.jpeg,True,678,612,JPEG,84527001bb81255c07cfe800458696ec0b77eb736c7714b7c1fbace6acb16e56,,False,,,,,
meme_001003,rus,data/raw/rus/190.jpg,190.jpg,True,1236,1280,JPEG,2e9e318e86af24c04c8d6827a4370470d65102dea955314e44fc8f2c2fef86d6,,False,,,,,
meme_004266,rus,data/raw/rus/4837.jpg,4837.jpg,True,1080,601,JPEG,c3e1fd454cc17c86cb21d90e1a15045d5879e67aa918e80c039e22334b1bc48b,,False,,,,,
meme_012731,ukr,data/raw/ukr/1d9RY_XkFnEHh_9HpMBsFxtYLmN5JTw32.jpeg,1d9RY_XkFnEHh_9HpMBsFxtYLmN5JTw32.jpeg,True,1024,1280,JPEG,3dfb6681b14ae64acce1357476c2fd3ff98576e3657a91b7871efc7bf1142518,,False,,,,,
meme_014293,ukr,data/raw/ukr/1nE4NmCJIC1iMxTF2RHQ2l0pokcxhs9KK.jpeg,1nE4NmCJIC1iMxTF2RHQ2l0pokcxhs9KK.jpeg,True,708,856,JPEG,0cd474020ec8ffee5f26d7e68c68060cb6f3e24f9c897dc82997d197282e0815,,False,,,,,
meme_005679,rus,data/raw/rus/6108.jpg,6108.jpg,True,644,800,JPEG,0cfa076fea30e1cd6f895f1fc1275528549c6a1b8c1b9f38ca0222ce1f9c0f8e,,False,,,,,
meme_015626,ukr,data/raw/ukr/1vpRYslFq62QJz5jiE9ObP0tMUBLY6_Ip.jpeg,1vpRYslFq62QJz5jiE9ObP0tMUBLY6_Ip.jpeg,True,680,674,JPEG,51d3ccc954151bcfa10cdd896e1a05ec957b009029c58be560fbd681995e4818,,False,,,,,
meme_005716,rus,data/raw/rus/6141.jpg,6141.jpg,True,1242,972,JPEG,ddcd1b351826a9f6328e7230c1aca2ba8f8bc80a20bde076ec8371d48b90f2c7,,False,,,,,
meme_004673,rus,data/raw/rus/5202.jpg,5202.jpg,True,650,800,JPEG,93a9dd01480e93111e9d1941a07f69f04d13bf2517a58591d8f69f522aa4f42c,,False,,,,,
meme_006921,ukr,data/raw/ukr/11uLk1Yz42TjnC4zcQQVhV02zWT7C-38-.jpeg,11uLk1Yz42TjnC4zcQQVhV02zWT7C-38-.jpeg,True,1080,818,JPEG,86b647d6f1de5ec8dd8c25f17f4bd60a851baf6e784b531461f5c75941cd623d,,False,,,,,
meme_002772,rus,data/raw/rus/3492.jpg,3492.jpg,True,1080,607,JPEG,0e5c77062b1411bc6ba4853b6aa27aac3e2cb6c715ae878369cc771fab1d4ebe,,False,,,,,
meme_002216,rus,data/raw/rus/2992.jpg,2992.jpg,True,640,672,JPEG,f3ccd72a984a63eac18a799eb378b2f7bb8a629e5fa5da756acbe663a2f1f82a,,False,,,,,
meme_013788,ukr,data/raw/ukr/1jq8W90IW6E5i5Ej_XgW3X229BD0yBO9Z.jpeg,1jq8W90IW6E5i5Ej_XgW3X229BD0yBO9Z.jpeg,True,660,540,JPEG,79e7e7b71f283acd36f033d0534774788282926bd59b16a93bd87f956c552333,,False,,,,,
meme_000536,rus,data/raw/rus/148.jpg,148.jpg,True,650,800,JPEG,5d3cb001b702aab5bf2da3732556ec6966a441de3b3d95efa76dd065a29f562e,,False,,,,,
meme_003394,rus,data/raw/rus/4051.jpg,4051.jpg,True,551,551,JPEG,d1f6e3b137209bce202d7a20b9d33b116f8587977d657a0ff8ce6601aa21021d,,False,,,,,
meme_001483,rus,data/raw/rus/2331.jpg,2331.jpg,True,604,550,JPEG,9f18c288219258996b5a8d1f64d7060d3f3f5bbe9ded0e79ee70d76427772f38,,False,,,,,
meme_014307,ukr,data/raw/ukr/1nJocQfjATX1XuPzSSFFRyi-Mj3n8jZo7.jpeg,1nJocQfjATX1XuPzSSFFRyi-Mj3n8jZo7.jpeg,True,368,299,JPEG,0710daf4898c7d1df0c27a8f83fc5db714f99cda7267197af33229e748fa5394,,False,,,,,
meme_011348,ukr,data/raw/ukr/1VG8A-6mjI_K7t9HNUVjgpES5CnDq1x-z.jpeg,1VG8A-6mjI_K7t9HNUVjgpES5CnDq1x-z.jpeg,True,770,513,JPEG,b33336b38a7440b3188a678028b20d8c04c1bd865e39dbd0581186dfb555f3da,,False,,,,,
meme_008295,ukr,data/raw/ukr/1B2XNQevvwVUI7peS2au5jAnag7NbjSmV.jpeg,1B2XNQevvwVUI7peS2au5jAnag7NbjSmV.jpeg,True,1055,1280,JPEG,c30890c1addce4b0fe7fa626cb6fca124141dafdb3ef344bb88185ac38d30bab,,False,,,,,
meme_002445,rus,data/raw/rus/3198.jpg,3198.jpg,True,700,1018,JPEG,83a09a195c74de7017631282f7c01544082f7d319c18313acb0794d58bcf248f,,False,,,,,
meme_001953,rus,data/raw/rus/2755.jpg,2755.jpg,True,1117,1280,JPEG,3a55e26a6cbae102a38ba4e0d7dd0ccf288e12c4635a88cb0ef06703b92d67df,,False,,,,,
meme_002537,rus,data/raw/rus/3280.jpg,3280.jpg,True,469,516,JPEG,5d4353ba87b7d37b1cd3532c959609a6d66d47a1500123af5362bdcb7b8fac6f,,False,,,,,
meme_008226,ukr,data/raw/ukr/1AX8Ta2_DIuA1PJw-YfBsK4ba09cH5nna.jpeg,1AX8Ta2_DIuA1PJw-YfBsK4ba09cH5nna.jpeg,True,1222,1280,JPEG,0276d5e23b8ff31c719b2ba4efddcd27e5b14855507967a55e1073fee92366aa,,False,,,,,
meme_007599,ukr,data/raw/ukr/16K8OvVjQbbP_D10flBzz-g4Zem29RYJh.jpeg,16K8OvVjQbbP_D10flBzz-g4Zem29RYJh.jpeg,True,627,460,JPEG,3650bba261ecd75e550333bf1fbf34395f61e19f29842e47dabaa7b9de01003c,,False,,,,,
meme_008128,ukr,data/raw/ukr/19xyhrbUky0trFJvtELv5DJnIDwIgrNvd.jpeg,19xyhrbUky0trFJvtELv5DJnIDwIgrNvd.jpeg,True,1280,1280,JPEG,e2996e87ffd5c4ff67ee5019e1b35c0e916876b22e934edbd78eba1c724fdfb0,,False,,,,,
meme_001484,rus,data/raw/rus/2332.jpg,2332.jpg,True,432,579,JPEG,d0f1834fb1c433e20674428d6868d0b8f255069468a54b34c88c226e5ade0010,,False,,,,,
meme_006111,rus,data/raw/rus/6498.jpg,6498.jpg,True,338,590,JPEG,608e0cf7c40fa898a3560bbfd5d2a93e53db6408d7a9f410487a03e04b9a4715,,False,,,,,
meme_015054,ukr,data/raw/ukr/1s4sL25ti1K8Wo5YZQ06fWaj3necXP1Sm.jpeg,1s4sL25ti1K8Wo5YZQ06fWaj3necXP1Sm.jpeg,True,1080,1080,JPEG,122ec31b5b3fd54dc688c10a3e5d1d5a775847d1d65ac0eb584a4e2abe445db6,,False,,,,,
meme_011120,ukr,data/raw/ukr/1TlZaTp19444RHnD7F8NUHwon8C4U4MAD.jpeg,1TlZaTp19444RHnD7F8NUHwon8C4U4MAD.jpeg,True,1024,573,JPEG,85a8ba02a92049e16eec96a229b43b104fc6726920cb76ea0f5b170bb423955f,,False,,,,,
meme_011647,ukr,data/raw/ukr/1XBuNPKrtwzfktJJ7CKICo2AOcA7zowmr.jpeg,1XBuNPKrtwzfktJJ7CKICo2AOcA7zowmr.jpeg,True,1279,1279,JPEG,9fcd417e7ecfa227257d2f28d42a6e951629f053202409dd7bbad6d3715b45db,,False,,,,,
meme_006474,rus,data/raw/rus/969.jpg,969.jpg,True,750,752,JPEG,d09d43f030a9117707df76010b066f3505584365812c6ca87f4f30e3eef16dc0,,False,,,,,
meme_013062,ukr,data/raw/ukr/1fLpv31uy2wAfuDUyjg7uZoQyJkxeqMZY.jpeg,1fLpv31uy2wAfuDUyjg7uZoQyJkxeqMZY.jpeg,True,1024,1254,JPEG,b59fab9c2c403c88ec9cde9d3e977213babb0d3fb0b8377f60e7df7918fe34b4,,False,,,,,
meme_003291,rus,data/raw/rus/396.jpg,396.jpg,True,1280,1280,JPEG,8277bc0c8a2c15944b30e226f6e61d7476babcb2d3c4276e8dfa872265bbc047,,False,,,,,
meme_009681,ukr,data/raw/ukr/1KGoduKAhpTv3JtTFpkhdM3eiqQcKluET.jpeg,1KGoduKAhpTv3JtTFpkhdM3eiqQcKluET.jpeg,True,512,599,JPEG,050cbf20d1c775868f1e4095b21fc72a08914ed870279dc8d4478da2603668a5,,False,,,,,
meme_009871,ukr,data/raw/ukr/1LP8SNB6nG3v72dUg84kDucgjQTRvUylv.png,1LP8SNB6nG3v72dUg84kDucgjQTRvUylv.png,True,1204,916,PNG,6c0784c21e515534dd32a9499b6f357add6a8ebe7f97b0ba2d10631b51be37da,,False,,,,,
meme_009028,ukr,data/raw/ukr/1FrWF-suNy99qSQA1_LfkW3ln261N-91u.jpeg,1FrWF-suNy99qSQA1_LfkW3ln261N-91u.jpeg,True,689,549,JPEG,3866d5df6abbdad37f0ea392693d6d0fcb83018310ef637311cbf1b3275b55b7,,False,,,,,
meme_012713,ukr,data/raw/ukr/1d3jfDBj8u5zI57WAudxeZUXqtH12__WK.jpeg,1d3jfDBj8u5zI57WAudxeZUXqtH12__WK.jpeg,True,637,534,JPEG,827ee4fa1df04fa48a75669a0480b897e0bb20cc69e30687cd79a86c36f891ac,,False,,,,,
meme_001859,rus,data/raw/rus/2670.jpg,2670.jpg,True,677,800,JPEG,2916f23a1a0ab04c135740d8d2ab2f80e6abf873a41a7c356d34c923d8fee662,,False,,,,,
meme_002484,rus,data/raw/rus/3232.jpg,3232.jpg,True,691,571,JPEG,0520e7f4c52f9b3bd7dd35bfd8fa1254332a2fc0284489978083f63d84d51baa,,False,,,,,
meme_005596,rus,data/raw/rus/6033.jpg,6033.jpg,True,800,484,JPEG,00a11817723ce68dee7cabd176ab73eb21bd2d6e5ab2a9540048c62ad38d9b2c,,False,,,,,
meme_000248,rus,data/raw/rus/122.jpg,122.jpg,True,640,487,JPEG,2bdf6fa4e830bcb31f4b45d3430fee7eda6955467a2dc6a383c97d5378f2b12d,,False,,,,,
meme_005240,rus,data/raw/rus/5713.jpg,5713.jpg,True,640,708,JPEG,327ec0628bfc3d9ec0e6ed446c127ae1140b500e80af80435a06237cddaed5c5,,False,,,,,
meme_013723,ukr,data/raw/ukr/1jRcH6SrkS1XamAaZm2I1A5KGEqtszE1s.jpeg,1jRcH6SrkS1XamAaZm2I1A5KGEqtszE1s.jpeg,True,1080,1143,JPEG,e33f802afb5826d7f5644b74be0c3a8495cb9462d233274285e302e0cad462fe,,False,,,,,
meme_011869,ukr,data/raw/ukr/1YdpPwSyqaxToEQnRIGzdttjK8471dHxy.jpeg,1YdpPwSyqaxToEQnRIGzdttjK8471dHxy.jpeg,True,642,1280,JPEG,8c7dbaa609a84bf3f1b8ab076235e5acab206d0443e90cd132e0f14dde83c488,,False,,,,,
meme_011631,ukr,data/raw/ukr/1X48Kj_x0eFWH9h6RtV1FP9ZHBhRKBAn1.jpeg,1X48Kj_x0eFWH9h6RtV1FP9ZHBhRKBAn1.jpeg,True,1080,1078,JPEG,eab06467ff59c9c74b8d5e9bb717f307b3d1b77639f361a5fab7d9867072aca3,,False,,,,,
meme_012300,ukr,data/raw/ukr/1a_Sr71nDi9n6XhKMjNqfk8DURNmAvVfx.jpeg,1a_Sr71nDi9n6XhKMjNqfk8DURNmAvVfx.jpeg,True,817,540,JPEG,bed96bc30c396426e26d4afb02712284103511e929e16010426e1ce39d387c3b,,False,,,,,
meme_012565,ukr,data/raw/ukr/1cCIkLQjE0UZtLIB4bx_fozBN-yn7J0Dn.jpeg,1cCIkLQjE0UZtLIB4bx_fozBN-yn7J0Dn.jpeg,True,1080,1080,JPEG,a027c8d2f6c587050b0935e7d1bf9337f5c58efbdd80e47eb56e9d4c5de27e5a,,False,,,,,
meme_002560,rus,data/raw/rus/3300.jpg,3300.jpg,True,570,604,JPEG,de1a1975262b2dd018a8a14937c3a1a178dddad3d8b316e98ff7cf01e737ebba,,False,,,,,
meme_008987,ukr,data/raw/ukr/1FYwsFzANMkLmKWQjhhHMOT7UMUBTVpBo.jpeg,1FYwsFzANMkLmKWQjhhHMOT7UMUBTVpBo.jpeg,True,603,699,JPEG,8185daa71d9a341a31c46d61fc7ed8471b20e36a065b3b6f4cd5160663a3f55d,,False,,,,,
meme_003326,rus,data/raw/rus/3991.jpg,3991.jpg,True,1000,1182,JPEG,f299cc532d1f74b8c9506f6611246bc9f4e13e9fc922dc97332fb96aa5984d9f,,False,,,,,
meme_014855,ukr,data/raw/ukr/1r18LTkKL-PnU93NfUf8qqEVOP-B_kqc5.jpeg,1r18LTkKL-PnU93NfUf8qqEVOP-B_kqc5.jpeg,True,990,825,JPEG,b474bd497994bd6ac091c06d3897716d931374cbd6a1467328b74e00588ad1ed,,False,,,,,
meme_008117,ukr,data/raw/ukr/19tD_rn_7nSgzOoj4-4cGhcK3GWG_HC-w.jpeg,19tD_rn_7nSgzOoj4-4cGhcK3GWG_HC-w.jpeg,True,1080,860,JPEG,679a46861e9888e760276c5a5efbda4f3ea6847b5ca1be74f82e232ced160e54,,False,,,,,
meme_009416,ukr,data/raw/ukr/1IRM-krj8blDU0fKodw5Ebms1mwgttzAe.png,1IRM-krj8blDU0fKodw5Ebms1mwgttzAe.png,True,486,293,PNG,e1764e9d577f8d2e098241ec14ea08be0b43eb169dc9202eb4a8c42a7163da28,,False,,,,,
meme_002168,rus,data/raw/rus/2949.jpg,2949.jpg,True,736,721,JPEG,03fd91d078fef1727d801583549f1553dac1914442b059b19840b57d1ebd0e98,,False,,,,,
meme_006649,ukr,data/raw/ukr/107EzwOVWOCAPbHTi-fxynl2ENBt73x64.jpeg,107EzwOVWOCAPbHTi-fxynl2ENBt73x64.jpeg,True,511,659,JPEG,877caf35627ac55e9fbb6ae57cd222b556216f15786b8ae8ea93f7b8074abb3f,,False,,,,,
meme_007696,ukr,data/raw/ukr/16z2WMnMmLcw--ZzghYu8iP7CD8x-7FYU.jpeg,16z2WMnMmLcw--ZzghYu8iP7CD8x-7FYU.jpeg,True,946,998,JPEG,d7d1745c9d83aea1648da5d6121687d4007b6fcd1512356ae140c7c7ff5aac77,,False,,,,,
meme_009004,ukr,data/raw/ukr/1FfPAEnzeZlvZ0T47Jb34CJHCzLU07ILG.jpeg,1FfPAEnzeZlvZ0T47Jb34CJHCzLU07ILG.jpeg,True,965,1280,JPEG,deb6446452face61a55fbdf0dde105bb45187d7d31f1c0363956a87967841c3e,,False,,,,,
meme_014604,ukr,data/raw/ukr/1pJapBbzRoSeua40V6DOQlvfNUVB2JasV.jpeg,1pJapBbzRoSeua40V6DOQlvfNUVB2JasV.jpeg,True,828,879,JPEG,e61cc83aada9b6445c6535c0e3182c305351f1b0da7c79122feb856aa538f857,,False,,,,,
meme_010597,ukr,data/raw/ukr/1QEn0ZDLsy7bKvKPOZjLZMlNWCFPhBf37.jpeg,1QEn0ZDLsy7bKvKPOZjLZMlNWCFPhBf37.jpeg,True,640,600,JPEG,4fe627305cd2611f301c8b7ee1a3bbb784d2171e79bf411060e35b7d7ae2ac95,,False,,,,,
meme_011857,ukr,data/raw/ukr/1Y_ISrr07FjGzpx0MvC2A8bACvyeKt03Q.webp,1Y_ISrr07FjGzpx0MvC2A8bACvyeKt03Q.webp,True,1041,919,WEBP,dc2cbf3b2203fb829bfcc8774acf085bcc05e5fdb9f296963c1b0b8f3395c9b2,,False,,,,,
meme_009470,ukr,data/raw/ukr/1Ioe_jk2gwxssv0PcOaHJm1C_VxeZRgLb.jpeg,1Ioe_jk2gwxssv0PcOaHJm1C_VxeZRgLb.jpeg,True,991,1280,JPEG,5e61ffc0ca4ec361b007954999e2ee3c09175e841bff636f2c3853896e4590e9,,False,,,,,
meme_000873,rus,data/raw/rus/1783.jpg,1783.jpg,True,432,604,JPEG,d08de6f6d2242977747e362e4daacc8fab914962d438412aa482b5b7d55677cd,,False,,,,,
meme_009617,ukr,data/raw/ukr/1Jm_8BbrQ24jHC8E2IBwMHkxCWW0KCdv0.jpeg,1Jm_8BbrQ24jHC8E2IBwMHkxCWW0KCdv0.jpeg,True,690,767,JPEG,98d51c2c65c5da8a1cfa70c115fbfd4dd63f061076656f609dc0d39c1fb78416,,False,,,,,
meme_001609,rus,data/raw/rus/2445.jpg,2445.jpg,True,640,441,JPEG,8d7b683e1a148a892d28788c6ad53fde94c1ed8ba0c90b027241964f37027656,,False,,,,,
meme_009756,ukr,data/raw/ukr/1Kkp8u4RSqxDYFk0Z0nIRUTqtP4ibhY5u.jpeg,1Kkp8u4RSqxDYFk0Z0nIRUTqtP4ibhY5u.jpeg,True,867,1043,JPEG,5e6e1aef36758bb5184d5da005cb890033e12cb90c213dc0fe9f19ab4e2d022d,,False,,,,,
meme_002563,rus,data/raw/rus/3303.jpg,3303.jpg,True,730,1071,JPEG,d112ce1113bc876c0e0b9e99081a1ef2be42324c40f740d12e1f1cd9fe3f33e6,,False,,,,,
meme_012964,ukr,data/raw/ukr/1elqOh9JS-Hkh8CXauv_sIEqKBaU8OFWa.jpeg,1elqOh9JS-Hkh8CXauv_sIEqKBaU8OFWa.jpeg,True,735,752,JPEG,9bd719046cdfe8a2fe43db7b6163c03ad3e59004a48a0544f6068453bad887a5,,False,,,,,
meme_000136,rus,data/raw/rus/1119.jpg,1119.jpg,True,640,737,JPEG,47b28f69e38004be755314a7aa8761210fa3872279f004d4159b52bd47b99a0f,,False,,,,,
meme_012341,ukr,data/raw/ukr/1amziPPwJw5ci-vZ6GGiRA8sr2GdYBVjk.jpeg,1amziPPwJw5ci-vZ6GGiRA8sr2GdYBVjk.jpeg,True,673,1280,JPEG,e19669c84d39082cf8ec35cbd819e320155d573d3a6b324083ff58b684fc27ab,,False,,,,,
meme_013001,ukr,data/raw/ukr/1f0Hp0PUoKbf7hgqVC0Nx44ropQiLEhgu.jpeg,1f0Hp0PUoKbf7hgqVC0Nx44ropQiLEhgu.jpeg,True,1080,788,JPEG,9f070e3999913cf4cebbda9f994eaf7e2d94342a9bf72a85d5ae1f976c955df6,,False,,,,,
meme_003590,rus,data/raw/rus/4228.jpg,4228.jpg,True,770,800,JPEG,e63382fca664e4b9d4c7c1959ec6163d8b1dca82fdc54b205e331135f5996634,,False,,,,,
meme_005913,rus,data/raw/rus/6319.jpg,6319.jpg,True,1024,1024,JPEG,ae352cc306335466203b004958b66ea56a5e7818b5f95a5f4d7bdebbedd243d9,,False,,,,,
meme_010775,ukr,data/raw/ukr/1RRznDpUfTjtfX1Pfg_nsMsrWjSl8Ets0.jpeg,1RRznDpUfTjtfX1Pfg_nsMsrWjSl8Ets0.jpeg,True,700,832,JPEG,2bb2caf4e7e18f32cf45de9134337de59c321d5137e7e33de193780a3e2b196f,,False,,,,,
meme_001044,rus,data/raw/rus/1937.jpg,1937.jpg,True,600,583,JPEG,9a01c8d6847f2b8c84d84a8580b2d91e57cfb9e5e9cb48c2c0505f9bd201f076,,False,,,,,
meme_006505,rus,data/raw/rus/997.jpg,997.jpg,True,800,718,JPEG,764b8a3b6a9de009ec7a5deef62782c8abd75fc244d18609c443dd9034fb08a3,,False,,,,,
meme_009555,ukr,data/raw/ukr/1JN0f0scB2mC9EbcAUkKzQq781yhcPrMb.jpeg,1JN0f0scB2mC9EbcAUkKzQq781yhcPrMb.jpeg,True,604,680,JPEG,01d8aa0a6e5a5a4355f8d89064cee23b7c7cb9b531650ba04e322b49fda67961,,False,,,,,
meme_007260,ukr,data/raw/ukr/142YvedJXT-iS3m6k9TcxIA0_6Q5ER6R5.jpeg,142YvedJXT-iS3m6k9TcxIA0_6Q5ER6R5.jpeg,True,897,796,JPEG,cc7a8c7a6d399e3ab83ea7a9e37e7cac30d7cb044fd163abd577f4b554e71f20,,False,,,,,
meme_001086,rus,data/raw/rus/1975.jpg,1975.jpg,True,598,386,JPEG,4ce951cbf39a1d564ca72629c11248552e62d462a91732e4c2853eded9ea2f8f,,False,,,,,
meme_004063,rus,data/raw/rus/4654.jpg,4654.jpg,True,1071,968,JPEG,45e2a6076025e5bf1f83710a07b59aa994f98b5d145638dfa13659070d085c5f,,False,,,,,
meme_010934,ukr,data/raw/ukr/1SYew-fKD6SxrNQDRf8LtSchflj3r-HX3.jpeg,1SYew-fKD6SxrNQDRf8LtSchflj3r-HX3.jpeg,True,1000,1228,JPEG,01913f96fa3802c402d1868e275e6c3eaeff0d22b69da965ce6de39b4fecbca3,,False,,,,,
meme_011437,ukr,data/raw/ukr/1VpsFgZbFfKm7wE16Z3UDTMOzKyduuuPx.jpeg,1VpsFgZbFfKm7wE16Z3UDTMOzKyduuuPx.jpeg,True,610,610,JPEG,aa8aaf183cbb3e21208807e8316057258a0b237b57a6f3f4ebd1c79a15b4825a,,False,,,,,
meme_015004,ukr,data/raw/ukr/1rpBxBPaZYKrgySsIX1tL4mN9mpLUNSBi.jpeg,1rpBxBPaZYKrgySsIX1tL4mN9mpLUNSBi.jpeg,True,226,223,JPEG,cb7e591a0b1988156b4b81c97902a5b08072ce6efd6df71d3d14fbb035a0f7ff,,False,,,,,
meme_010681,ukr,data/raw/ukr/1QkrJyoSfcx1x7kQi_UaangP6Z2vMgBq8.jpeg,1QkrJyoSfcx1x7kQi_UaangP6Z2vMgBq8.jpeg,True,604,604,JPEG,dd3c279e2c340a9c68e54397399691e61d2be6acff66b6cd0b4ab69c4dea9bf2,,False,,,,,
meme_012777,ukr,data/raw/ukr/1dULTCq8Loqp3jX_Mrt7dvBs91eiGHQBC.jpeg,1dULTCq8Loqp3jX_Mrt7dvBs91eiGHQBC.jpeg,True,1024,1042,JPEG,9f8e1e886769af3d42bd2da6315a25c3bbd24f3d4d916b77187f693aa687d8ae,,False,,,,,
meme_002113,rus,data/raw/rus/29.jpg,29.jpg,True,1024,797,JPEG,b00c9520c1ec06d25e8d74a0081f0d18f3caf92466157d6c0c1a5c015dbc78c5,,False,,,,,
meme_001352,rus,data/raw/rus/2213.jpg,2213.jpg,True,800,592,JPEG,67ff121ca727ab6cb08d0371c96d9f4edd3972b0f8f14d4ec14130f16cb4c6b6,,False,,,,,
meme_007020,ukr,data/raw/ukr/12YFRBAgwJdrSYVhz8CZaETnqcAIM2DP3.jpeg,12YFRBAgwJdrSYVhz8CZaETnqcAIM2DP3.jpeg,True,1080,976,JPEG,6dcad642df9c6c8b6de23f707e4dc0966ca75da389cebb53851cd90d5fb05ced,,False,,,,,
meme_008029,ukr,data/raw/ukr/19DonujPMdJD4Af4b-Atngm5K8F58LLW1.jpeg,19DonujPMdJD4Af4b-Atngm5K8F58LLW1.jpeg,True,705,1080,JPEG,843c66a7a4e76f575146b59d4d70ff8d939028673babe7a25fcf0f88e8f0892c,,False,,,,,
meme_003822,rus,data/raw/rus/4437.jpg,4437.jpg,True,1092,1280,JPEG,04ab771a4473be29e3dcceba6dd475940f7cc74ea107c94cd92b7d95a815c235,,False,,,,,
meme_000867,rus,data/raw/rus/1778.jpg,1778.jpg,True,600,700,JPEG,23c3e4ba96b0da65512d80932ce7d125b48326010626f921d604778241ee0c2d,,False,,,,,
meme_002885,rus,data/raw/rus/3594.jpg,3594.jpg,True,550,369,JPEG,4f94b099c682d461c4915a558284dc3a248da89b992d18dbc894477cf640e221,,False,,,,,
meme_011359,ukr,data/raw/ukr/1VK2Py2dcOeAsWN_rLczKlv07q2wO2IMS.jpeg,1VK2Py2dcOeAsWN_rLczKlv07q2wO2IMS.jpeg,True,696,418,JPEG,9b2aea046e8433b6299486c0028b5fab42893820b6fd86e9eb403a73b588150f,,False,,,,,
meme_000275,rus,data/raw/rus/1244.jpg,1244.jpg,True,1280,1254,JPEG,ef882efe23a35ef5a74bedfb804946ea6a38d39a3446be8d7360b47284fce694,,False,,,,,
meme_002450,rus,data/raw/rus/3201.jpg,3201.jpg,True,722,800,JPEG,b0a918ad395bb4fec598af73c72cb7e672555f9b496a5c5c541231cdb4a8300d,,False,,,,,
meme_003107,rus,data/raw/rus/3794.jpg,3794.jpg,True,852,1280,JPEG,17bbeb1cb9b54891662377862ee5faf36f94738b43306646adc50c9835ab608f,,False,,,,,
meme_002929,rus,data/raw/rus/3633.jpg,3633.jpg,True,1280,1280,JPEG,4fe1a7405e99efc4d50d0512dbdf0390e1c790e9f43d0295561cc847539a5247,,False,,,,,
meme_006562,ukr,data/raw/ukr/1-RgDtw4xWZuHK2-X9HWygNdRA0qjj2_j.jpeg,1-RgDtw4xWZuHK2-X9HWygNdRA0qjj2_j.jpeg,True,1280,801,JPEG,75da1b952704cb6ec3ec4a350ba7d330b7c3d03cd17db72544f46cdc5e0fc492,,False,,,,,
meme_001148,rus,data/raw/rus/203.jpg,203.jpg,True,800,600,JPEG,44aafc72889b2fdeea33915fae21756c3e7d3ab07669ff1d50caadba4c51b499,,False,,,,,
meme_012217,ukr,data/raw/ukr/1_zN2XHboELe7P6hK7hWXged9bpkya7wI.png,1_zN2XHboELe7P6hK7hWXged9bpkya7wI.png,True,1094,1178,PNG,24c9d93d2c3cbcb16b3515c4f8396a1323076af8f1c34696fc331e42c9af03f8,,False,,,,,
meme_004305,rus,data/raw/rus/4872.jpg,4872.jpg,True,662,800,JPEG,8e002bc8c82f17933fae9e3209167f08fa5fb3bc31f46ea9a2b86a732f22db53,,False,,,,,
meme_005866,rus,data/raw/rus/6277.jpg,6277.jpg,True,360,450,JPEG,70952b791d95a3cf38abdfe752639301e982b66af361f815dfd518c6b13e66f9,,False,,,,,
meme_003456,rus,data/raw/rus/4107.jpg,4107.jpg,True,960,855,JPEG,5a78f6a6affa63cff9935032df8be872a7300df215f348b8b4b02677a1cb8bc7,,False,,,,,
meme_013018,ukr,data/raw/ukr/1f6dK_-uIo9_NsodvWOgXMPHpRGYJ8Xua.jpeg,1f6dK_-uIo9_NsodvWOgXMPHpRGYJ8Xua.jpeg,True,1568,1764,JPEG,432190724e3da8ebfa39ce38a37ed5b2d3276bf95ebc59c8ca01bce82b9f06b6,,False,,,,,
meme_003188,rus,data/raw/rus/3867.jpg,3867.jpg,True,630,1280,JPEG,c95e3e22d0bfe8c5c7a47a874e6b98ca1ded4836d68cca1811b284b8ba945b6d,,False,,,,,
meme_015292,ukr,data/raw/ukr/1tit3wH4bdbxh2vgwLwr5CEqssWnQW3eb.jpeg,1tit3wH4bdbxh2vgwLwr5CEqssWnQW3eb.jpeg,True,641,720,JPEG,61fc75a9c494d5c607af36f5b8ea3db2b761ac6337a9517b7b2d18b39421832a,,False,,,,,
meme_015652,ukr,data/raw/ukr/1vz7bwZVla1qCggw2wP5Op6RgthOMiQ0t.jpeg,1vz7bwZVla1qCggw2wP5Op6RgthOMiQ0t.jpeg,True,1052,885,JPEG,7d9068bc4d1ffd39cb1bffef56a7632af126384f8622869feb2a1dbbac1acc4a,,False,,,,,
meme_000554,rus,data/raw/rus/1496.jpg,1496.jpg,True,726,800,JPEG,f75a5a2748c61fdc9e4d772f54d7a4407f241452388a830a8f6eefcf3ee36d19,,False,,,,,
meme_003644,rus,data/raw/rus/4277.jpg,4277.jpg,True,832,1080,JPEG,06bd2fa1ed288d0c237e033c49d23a96f414ae024cd87807064e31deed13961d,,False,,,,,
meme_009130,ukr,data/raw/ukr/1GY3v2nMhSsOs-izRm-74B86-wGwUx708.jpeg,1GY3v2nMhSsOs-izRm-74B86-wGwUx708.jpeg,True,1280,1280,JPEG,f389643634b69653e48e23dc41e3680ca260bb012a01b81dab40d6a441e16698,,False,,,,,
meme_001905,rus,data/raw/rus/2711.jpg,2711.jpg,True,1079,1080,JPEG,0108df7e60500d8eef69fd1fa04dd707eff4042e596d58540e92ab1bb3525663,,False,,,,,
meme_000834,rus,data/raw/rus/1748.jpg,1748.jpg,True,1012,690,JPEG,c57b8fdf264842bcdd41526a3b615a1fa8ac60e38bb0f49a9dd5e363ffef6e9b,,False,,,,,
meme_010385,ukr,data/raw/ukr/1OmeS0IIb4WauT-XZbRXyqsoC4Qr3GEKO.jpeg,1OmeS0IIb4WauT-XZbRXyqsoC4Qr3GEKO.jpeg,True,720,888,JPEG,a0966a2ebaf114dcf528c14529a86c193cc489f3b943533a228eb51bbe08443c,,False,,,,,
meme_010475,ukr,data/raw/ukr/1PS41BaAM-nk3BeExT8-UggPNbpGuvAml.jpeg,1PS41BaAM-nk3BeExT8-UggPNbpGuvAml.jpeg,True,1159,1272,JPEG,f37fa195dc5b08eef55529f554fa43bfdc942d06ea54bbe0c425493a610a3fe8,,False,,,,,
meme_009864,ukr,data/raw/ukr/1LNNDzL2UoDeGSqcfeElGXzx-jmOrnuyK.jpeg,1LNNDzL2UoDeGSqcfeElGXzx-jmOrnuyK.jpeg,True,591,422,JPEG,a911a6492383c6742e2ea2305f91c0d8c05267e22a292fdf80cc6e4d3c0be513,,False,,,,,
meme_009489,ukr,data/raw/ukr/1IxH3KDLFL8fbm35vL2VxpfFeRRZmhXPy.jpeg,1IxH3KDLFL8fbm35vL2VxpfFeRRZmhXPy.jpeg,True,1080,928,JPEG,3328bcf30419be91e29d1506347059d1c65c98f5ebd54252ca84a0ecdff8f10c,,False,,,,,
meme_000899,rus,data/raw/rus/1806.jpg,1806.jpg,True,906,1080,JPEG,9dbed47790f3942d0078997fe63d76746eb19a70451db9e8e6105ec4450a4e04,,False,,,,,
meme_008193,ukr,data/raw/ukr/1AIn-bfARczyQpnOSfiUgOrq7ryci0ZjM.jpeg,1AIn-bfARczyQpnOSfiUgOrq7ryci0ZjM.jpeg,True,1280,909,JPEG,fd1d4d89bab096deeb0ac1fe61647e29ac3181459b64b6e1faed70d024514488,,False,,,,,
meme_001176,rus,data/raw/rus/2055.jpg,2055.jpg,True,875,1080,JPEG,d107a893ac0c81bf152425326e26cc5ff39169c948cacf66d7a0df849723dfed,,False,,,,,
meme_010158,ukr,data/raw/ukr/1NGOjnREjDwBClqNzOfn4fPZo7Cl0mIFi.jpeg,1NGOjnREjDwBClqNzOfn4fPZo7Cl0mIFi.jpeg,True,858,800,JPEG,757fb85dfe6e3cc120bfa1350ec9779ff3c7f8e1c64587fd7c4ae4b43377c281,,False,,,,,
meme_011921,ukr,data/raw/ukr/1Z-Y2MDXHg2gGijN5oIJiT7hvQZFB1Uj_.jpeg,1Z-Y2MDXHg2gGijN5oIJiT7hvQZFB1Uj_.jpeg,True,958,1178,JPEG,281cf6e128a572c1446de757bda39097a1aea269bffedc69d1856d7902ae9ce0,,False,,,,,
meme_008162,ukr,data/raw/ukr/1A9JtBSTiajTbHqszllsc-Hl__Q_ELLDS.jpeg,1A9JtBSTiajTbHqszllsc-Hl__Q_ELLDS.jpeg,True,1079,610,JPEG,454bf1de495f7e440e07f0c1dcd9613de3204019799f0f322b71462c1b8ece00,,False,,,,,
meme_003289,rus,data/raw/rus/3958.jpg,3958.jpg,True,1091,905,JPEG,2082fc24368d95b353b7b19fa9a539ddc770fcb104042c120ce4425e4aed863b,,False,,,,,
meme_006162,rus,data/raw/rus/688.jpg,688.jpg,True,444,480,JPEG,3c5e122db9fe16ebace5b7ffba7d4ba009d4042b64eba042ae12647012aef646,,False,,,,,
meme_003211,rus,data/raw/rus/3888.jpg,3888.jpg,True,604,601,JPEG,de7c17cc0a9f77d10f7370b1426624b6b13bb08260d2b92730a292436a384cd0,,False,,,,,
meme_004837,rus,data/raw/rus/5350.jpg,5350.jpg,True,1080,1027,JPEG,c9c23224550a316bab3b77040b2e4e908a97d902c65428a5a889db68ac03fd1f,,False,,,,,
meme_011706,ukr,data/raw/ukr/1XhuNv5SUfaNi9H5X7K9c2Od2ok65Ihkk.jpeg,1XhuNv5SUfaNi9H5X7K9c2Od2ok65Ihkk.jpeg,True,564,620,JPEG,f72053a1260921201706fb72899477d7255e9fe6dbbae99379666c175f3aece0,,False,,,,,
meme_007933,ukr,data/raw/ukr/18SspU5HE3y4AQqMP6uHFHPnJZO1zTRbq.jpeg,18SspU5HE3y4AQqMP6uHFHPnJZO1zTRbq.jpeg,True,1024,1280,JPEG,268a1ed26f59313fb0c01204d9ce8c8de2c6386803eeaf39dc989cd527c201aa,,False,,,,,
meme_004141,rus,data/raw/rus/4724.jpg,4724.jpg,True,1080,1028,JPEG,80f8e39b4fdbe2dd9487477580d28a74bdbcf49b7574bb5ca05ab02220017f33,,False,,,,,
meme_004983,rus,data/raw/rus/5482.jpg,5482.jpg,True,1080,1086,JPEG,24d685236502b46e9c5f34573e99cb1d084f23c3e9b9159af2d8a9bdcfef610f,,False,,,,,
meme_014563,ukr,data/raw/ukr/1p1Oa64uBLEUmynAshkexHd1-uGEYWBtq.jpeg,1p1Oa64uBLEUmynAshkexHd1-uGEYWBtq.jpeg,True,828,471,JPEG,f8efe9f4c21f88504b5cfd64e12502075b2efd93ef394e247c4c072ae05bd080,,False,,,,,
meme_009114,ukr,data/raw/ukr/1GQ0R8IbnRfUQVUpOXjk-077_qMOdi7-o.jpeg,1GQ0R8IbnRfUQVUpOXjk-077_qMOdi7-o.jpeg,True,900,504,JPEG,fe1c09b3a6ca2e3b72456273b5305ac7c504bddf67af0e57fa76faa54c1ab890,,False,,,,,
meme_012038,ukr,data/raw/ukr/1Zjv-nTi6uJnNmj5EsHERdL2KXKVTHT9V.jpeg,1Zjv-nTi6uJnNmj5EsHERdL2KXKVTHT9V.jpeg,True,680,661,JPEG,0f96e6e1f2e230f03351b0fa5d2ca2e1c5b78ea01b8a12b6d8ea8cf699277ac4,,False,,,,,
meme_002460,rus,data/raw/rus/3210.jpg,3210.jpg,True,1080,790,JPEG,49524045c4593fd516c3576dc4d05eea7d317df28f26fd9a46cec4a3f0233db5,,False,,,,,
meme_001198,rus,data/raw/rus/2075.jpg,2075.jpg,True,1024,1024,JPEG,5e4a7f4b8a7fe6d955e9f36282a58e5f844fca4169a83f98052d3499fd6664b0,,False,,,,,
meme_002698,rus,data/raw/rus/3425.jpg,3425.jpg,True,762,640,JPEG,906d097ffc36586097968ff10c4c862c6c912685619291105243f6ce4ad91dc4,,False,,,,,
meme_010195,ukr,data/raw/ukr/1NSYxnUfAlELuHoFpl53PxFhdb2P0OFTG.jpeg,1NSYxnUfAlELuHoFpl53PxFhdb2P0OFTG.jpeg,True,713,706,JPEG,b8129befa17a1f5902f1fefaf061c14f2817e3a4ea0b014c2346aeb64caacfc6,,False,,,,,
meme_000430,rus,data/raw/rus/1384.jpg,1384.jpg,True,719,1080,JPEG,71fbac4ac54a4f82f6da10f85ebdaf344f2ae1c7bdba4c4c55f7254bcd288b91,,False,,,,,
meme_005408,rus,data/raw/rus/5865.jpg,5865.jpg,True,555,433,JPEG,01fbf4f923b961aa6c1941c034171a3b0c1b2de45e1a5e8635234c392bcb81a7,,False,,,,,
meme_010663,ukr,data/raw/ukr/1QaZ-a1nz8_4VRHAWy50TJRFBvu3271PO.jpeg,1QaZ-a1nz8_4VRHAWy50TJRFBvu3271PO.jpeg,True,680,948,JPEG,a63087fc741fb9fcd1eb3b14922656302fbb4b817207d9d3b2f83cda547bfd5d,,False,,,,,
meme_009951,ukr,data/raw/ukr/1LxHye3QQz80hqH6XRvgIrHVpgm3qLN1n.jpeg,1LxHye3QQz80hqH6XRvgIrHVpgm3qLN1n.jpeg,True,989,1280,JPEG,48ecae074529e4ea0eb8a40c1a11c344862f3ee9ca9619711157136518ddd8e8,,False,,,,,
meme_005431,rus,data/raw/rus/5886.jpg,5886.jpg,True,320,320,JPEG,7dbce598e097f9be133f76744ec50e4857a757b3a52512354a480e2b48d187db,,False,,,,,
meme_008986,ukr,data/raw/ukr/1FYEfP2nzu7mC6DCcXYiTq2rz3iowwwZg.jpeg,1FYEfP2nzu7mC6DCcXYiTq2rz3iowwwZg.jpeg,True,856,1096,JPEG,db4d3ee37268e1d6de66bf9eb138462d1987d76149e532e51bbae7091a3815e4,,False,,,,,
meme_008640,ukr,data/raw/ukr/1DLrRWVON6vWbejtFHph0Z8h1uLXXCa9L.jpeg,1DLrRWVON6vWbejtFHph0Z8h1uLXXCa9L.jpeg,True,589,521,JPEG,11749e10fcbb129e3e4a63d7aa006f5968f5e0d490d55ca81f12b8349953edd5,,False,,,,,
meme_008872,ukr,data/raw/ukr/1EoGss9HVDtsSiq1hut_9sAb56tGRmTyi.jpeg,1EoGss9HVDtsSiq1hut_9sAb56tGRmTyi.jpeg,True,960,950,JPEG,f19223fb0fda067a90feb4873cb67181fc7d53f852abe77eb6892aa576b21bdb,,False,,,,,
meme_011860,ukr,data/raw/ukr/1YbWVB1CkarV823xL_7gxkM5REJHTd157.jpeg,1YbWVB1CkarV823xL_7gxkM5REJHTd157.jpeg,True,753,1279,JPEG,e8482b665962f0fe042cc77d58ec4655d8299a3f2a639411599e09c49a5c17e7,,False,,,,,
meme_008917,ukr,data/raw/ukr/1F7SGTtdzBEByLyc69FU0LBuhlOyJPji9.jpeg,1F7SGTtdzBEByLyc69FU0LBuhlOyJPji9.jpeg,True,1280,1020,JPEG,ad7667411959c54aef94834a8773308a43795946fd84e99eb11c965e86542080,,False,,,,,
meme_013498,ukr,data/raw/ukr/1hyCb4LetGCJ4B5zDGOCsVNxuc-X6SIlt.jpeg,1hyCb4LetGCJ4B5zDGOCsVNxuc-X6SIlt.jpeg,True,1080,546,JPEG,ef6379a9798d20cce11e68871fbb2b630d7f02957c8b0eabce54a2c5d0ab48f6,,False,,,,,
meme_013724,ukr,data/raw/ukr/1jRg-oBs6RPHwIYrLhM8MHnSXozBWVC2I.jpeg,1jRg-oBs6RPHwIYrLhM8MHnSXozBWVC2I.jpeg,True,771,1280,JPEG,6c3b25761ed6190ac049c0bf288f3ce9a5c2d8f248def3422e3b05364353eb0e,,False,,,,,
meme_001965,rus,data/raw/rus/2766.jpg,2766.jpg,True,915,1008,JPEG,0bc6e7f300f40c6c5bf6cbc7a421e9cd31cbbb40e385e0415821de5db40b7415,,False,,,,,
meme_007586,ukr,data/raw/ukr/16F3cDeADwTSCPMTeW6yecxdIkiEMWjKp.jpeg,16F3cDeADwTSCPMTeW6yecxdIkiEMWjKp.jpeg,True,912,588,JPEG,acd2c5429b9367c4f90a2400fcefe17effb3e7cf235767bfa9c18f68c1433d6b,,False,,,,,
meme_015457,ukr,data/raw/ukr/1uhCkdiikayWfgisQ6VRFkw4xwegLcsFM.jpeg,1uhCkdiikayWfgisQ6VRFkw4xwegLcsFM.jpeg,True,997,1280,JPEG,2ee7eed1732f2b4f7dd3df87798fe45d008363eb310e8c8cd8735ad4cf43c73c,,False,,,,,
meme_006803,ukr,data/raw/ukr/115wsD8pWLkbiTnq0V80m9bqc2wcH9vjE.jpeg,115wsD8pWLkbiTnq0V80m9bqc2wcH9vjE.jpeg,True,1125,1104,JPEG,2a0380702665d8ca45f1d2db78b0edf5e8c0730ede46ea5f623a3c5e9c880105,,False,,,,,
meme_011861,ukr,data/raw/ukr/1YbbtBUbQyUmDhOXA6M-FePNcfNKsj8iq.jpeg,1YbbtBUbQyUmDhOXA6M-FePNcfNKsj8iq.jpeg,True,750,848,JPEG,a2d057edf3fd61ee8b6b30bcd9ad61c81d07682f2acec11c89fbd0b3326da674,,False,,,,,
meme_005229,rus,data/raw/rus/5703.jpg,5703.jpg,True,735,799,JPEG,b86e3a0c8e4b1d4a3a913060c0f9ba9783fc38760bd33504e8c7addc47baed7f,,False,,,,,
meme_004396,rus,data/raw/rus/4954.jpg,4954.jpg,True,640,616,JPEG,398d3c637bb405dbdeb529c8455d1b837e9feabf7ddf56e015d8ad9ecf5b506b,,False,,,,,
meme_000300,rus,data/raw/rus/1267.jpg,1267.jpg,True,790,800,JPEG,485cf8aae996aa1900dc9417346fb4ffd7fda193a3c530354d8e55bc015d13db,,False,,,,,
meme_002110,rus,data/raw/rus/2897.jpg,2897.jpg,True,718,556,JPEG,edfc626bac168c34d03164a8073d87f05118c43e0e669d71f654500015cf426d,,False,,,,,
meme_004030,rus,data/raw/rus/4624.jpg,4624.jpg,True,721,755,JPEG,8a89e48fb094e4e7f05ee93991f04885107c266ac865d3a94ba1308955b7015a,,False,,,,,
meme_003658,rus,data/raw/rus/429.jpg,429.jpg,True,801,1036,JPEG,e3e98bfe8bbf03b3b7fb1716498eca48fd71529eb7ea69e0c8745c882084fb36,,False,,,,,
meme_003121,rus,data/raw/rus/3806.jpg,3806.jpg,True,1125,1151,JPEG,2c3b7da577bb18f7d66029f7e92954045dd4f532af7d997017de135e20642442,,False,,,,,
meme_013064,ukr,data/raw/ukr/1fN-pXPEAXZhWyFPJkico0kEvlaNKhuCl.jpeg,1fN-pXPEAXZhWyFPJkico0kEvlaNKhuCl.jpeg,True,500,661,JPEG,983d0eeb1e6872d739fa3d8681d9fae7d108d072080f6b6bc363d8145fbac609,,False,,,,,
meme_002663,rus,data/raw/rus/3394.jpg,3394.jpg,True,512,512,JPEG,ad83550e92fd36c6e7b8440d789449ec7d1eeb01f27b1eab69f9f798efce6780,,False,,,,,
meme_014399,ukr,data/raw/ukr/1nuTs4NHlSj2YAQmQDbmMrg6OBW3n342m.jpeg,1nuTs4NHlSj2YAQmQDbmMrg6OBW3n342m.jpeg,True,454,521,JPEG,3f627b30aed99817d444ed647efe49941f1f030aa6a9ada849ba9e98a7cd8e13,,False,,,,,
meme_002482,rus,data/raw/rus/3230.jpg,3230.jpg,True,380,604,JPEG,71e120a2d198d279f758e97043b476ad7bda689deb3ef8c909fc795170a06d3b,,False,,,,,
meme_004170,rus,data/raw/rus/4750.jpg,4750.jpg,True,1080,904,JPEG,409f362d8acab0fd8a2c768ae518b7def652aab65b71b442a5055cebf067c799,,False,,,,,
meme_009738,ukr,data/raw/ukr/1Ke9rj_QhFHjgr_nZD2hIx14HAa_rAPQK.jpeg,1Ke9rj_QhFHjgr_nZD2hIx14HAa_rAPQK.jpeg,True,1380,1832,JPEG,f5007f151700f8faa7ad07313d6526863b6dc192b13d8b07b340ee91c420ab33,,False,,,,,
meme_013600,ukr,data/raw/ukr/1idW-ntfqykBvVFepMRCqW-OXyR_io9dO.jpeg,1idW-ntfqykBvVFepMRCqW-OXyR_io9dO.jpeg,True,720,385,JPEG,abb669dc47e82f6298cc021df2311547fd5f353e1b44ed19f8f08dd7a9dd1435,,False,,,,,
meme_010026,ukr,data/raw/ukr/1MQUiwJVShc48LOte9rfXdAwxfEoLC0V_.jpeg,1MQUiwJVShc48LOte9rfXdAwxfEoLC0V_.jpeg,True,455,456,JPEG,b87228457796f6512d62821f0384cee8424d234216e74a481451221d205e1f7c,,False,,,,,
meme_002629,rus,data/raw/rus/3363.jpg,3363.jpg,True,647,258,JPEG,826328f957fda97247b4db6d8a8535aff919c92f99a2c9a74d5eb979ded2948e,,False,,,,,
meme_014665,ukr,data/raw/ukr/1pgpuNhwGJyaY9PTOZQMHDpBT7qZybK_7.jpeg,1pgpuNhwGJyaY9PTOZQMHDpBT7qZybK_7.jpeg,True,1280,960,JPEG,f375a85c5e0fdc9ebf99cd27e3e0dd5c64ff6718e82592e0b54364252159c7d8,,False,,,,,
meme_006913,ukr,data/raw/ukr/11ry9T1oR-EM_fi8giXl6539nSBQhRcHd.jpeg,11ry9T1oR-EM_fi8giXl6539nSBQhRcHd.jpeg,True,563,723,JPEG,42bd38792365221b0e9cc1c679edfce66e3064624a3724141b92ce71c63ed699,,False,,,,,
meme_011387,ukr,data/raw/ukr/1VX7FUCc-DAKKnkcynmrMmKQ-w-EnQoVq.jpeg,1VX7FUCc-DAKKnkcynmrMmKQ-w-EnQoVq.jpeg,True,681,738,JPEG,a1997cf384090c35a5e0a3f6d9e59bc0d7eaa75f8483efb9859b3eee4de56977,,False,,,,,
meme_016213,ukr,data/raw/ukr/1zwAvTlmBhr18gEkOIHAR15QCjV4BKrE3.jpeg,1zwAvTlmBhr18gEkOIHAR15QCjV4BKrE3.jpeg,True,1279,1135,JPEG,e91cd094e56894009d26a9393482ad07996f1757a07487a308bea8b88369593b,,False,,,,,
meme_010772,ukr,data/raw/ukr/1RPmRlAlVZyoZ6dpxgCZq7ikpbUVJ_SOM.jpeg,1RPmRlAlVZyoZ6dpxgCZq7ikpbUVJ_SOM.jpeg,True,1200,825,JPEG,038c083ea723d2e995d5363d66cba3e7c157ba23c863c0d383d347d19985a320,,False,,,,,
meme_013172,ukr,data/raw/ukr/1fsAdtxMVfhPLV-2hLKV2P0cRtIJ24tiT.jpeg,1fsAdtxMVfhPLV-2hLKV2P0cRtIJ24tiT.jpeg,True,453,366,JPEG,1fff2c9496ba391ffd904d6c971abe3096e7a26a4904fa048c2e9d910be08ee2,,False,,,,,
meme_015714,ukr,data/raw/ukr/1wSaB0Kh_YoI0qZm0EgjWSUKKtqnu6uL9.jpeg,1wSaB0Kh_YoI0qZm0EgjWSUKKtqnu6uL9.jpeg,True,1024,1024,JPEG,47f959fbe56126d277fc3b80e35b355dead73ba6ff5837168d4082994c7bd252,,False,,,,,
meme_001191,rus,data/raw/rus/2069.jpg,2069.jpg,True,636,800,JPEG,b1b83f8e536f4bc0d8a969f8a18f6a4abbb57cc2e94791c53fad07d2f3c02541,,False,,,,,
meme_006995,ukr,data/raw/ukr/12QkknQ1y_6Do8GoQiKNQ1mdIUQb24sWY.jpeg,12QkknQ1y_6Do8GoQiKNQ1mdIUQb24sWY.jpeg,True,750,1034,JPEG,e8ca799bdb90c0c4790abfa8c83d13406e5c4cbfe3ee257224b4ff48b00b5542,,False,,,,,
meme_015493,ukr,data/raw/ukr/1uuAewXpnyvFNvVK5X4K3kOtl7q1iq1R3.jpeg,1uuAewXpnyvFNvVK5X4K3kOtl7q1iq1R3.jpeg,True,900,850,JPEG,c315c8ec7c4523c69da92966ec7a04a2811a1346a8df65f9003e1edc773f4827,,False,,,,,
meme_006632,ukr,data/raw/ukr/10-jkbmVv07rFoGJS21g2z3YKX4Om_LKq.jpeg,10-jkbmVv07rFoGJS21g2z3YKX4Om_LKq.jpeg,True,1080,1263,JPEG,dc8daee48cd392fbd8ff69ee22bf12a51587943ef450a21865f1b4fecc617563,,False,,,,,
meme_000120,rus,data/raw/rus/1104.jpg,1104.jpg,True,1000,1146,JPEG,c488b526f27812d0acc9fdc320a4fdbb6d488453383c6da6ed60aac9f7d82770,,False,,,,,
meme_006701,ukr,data/raw/ukr/10T8yjY6tun5iQnWVYJadgn_9kcKW5A6w.jpeg,10T8yjY6tun5iQnWVYJadgn_9kcKW5A6w.jpeg,True,1080,877,JPEG,b0a0f00f0b66c8f3e911ad0172c8e8289dc772496f1d8a0320f6e51d48edce87,,False,,,,,
meme_002500,rus,data/raw/rus/3247.jpg,3247.jpg,True,564,491,JPEG,0d5287f89af91db7ccf6ea59d20b91e98303058b0cd934f8b1e02783caf38aa3,,False,,,,,
meme_008545,ukr,data/raw/ukr/1CfgtRgR28AYcUVRuVC9m5V_wzrz1KWu4.jpeg,1CfgtRgR28AYcUVRuVC9m5V_wzrz1KWu4.jpeg,True,1000,997,JPEG,7b92e28831553f34e4eaaefc89e3eaa47fd98fff0dddcc18afc33ec9bfc2becd,,False,,,,,
meme_011972,ukr,data/raw/ukr/1ZIMWEAsgFdKZU5gsOE6x3UBisSlKXAqw.jpeg,1ZIMWEAsgFdKZU5gsOE6x3UBisSlKXAqw.jpeg,True,1000,400,JPEG,812ced38023dccd4d10da91571c4b3a3a0e8a0d26bd534d24445efb5a88883b7,,False,,,,,
meme_004027,rus,data/raw/rus/4621.jpg,4621.jpg,True,700,631,JPEG,b5ab02ae81ecc087f6d9984c3fc27eed845324185443e40e66a3356105c18b8b,,False,,,,,
meme_001724,rus,data/raw/rus/2549.jpg,2549.jpg,True,459,495,JPEG,91acbc59336cb1e855fb7fcd08a4a6058f0c1f9f1bee0d4a839abb44582fb76f,,False,,,,,
meme_010432,ukr,data/raw/ukr/1P2jpu4kZnjd-cl7uu_bwrFVZ0-YhaKVu.jpeg,1P2jpu4kZnjd-cl7uu_bwrFVZ0-YhaKVu.jpeg,True,982,691,JPEG,0bd072fed747f1898258ad479455b8840689d3b59fb456e03272b0905107b4f3,,False,,,,,
meme_007697,ukr,data/raw/ukr/16z8Nz5OGEMQEB27onWvkdNRhrPSVBx16.jpeg,16z8Nz5OGEMQEB27onWvkdNRhrPSVBx16.jpeg,True,822,822,JPEG,071a9cbe2cf5f0eb4c6c29c68e7ecd8ba404e9c6ae4a94da6c55d4f4993543c3,,False,,,,,
meme_011449,ukr,data/raw/ukr/1VtDaMf6KPFi1QHdY4qKeQRgwOQbXyRU3.jpeg,1VtDaMf6KPFi1QHdY4qKeQRgwOQbXyRU3.jpeg,True,1280,960,JPEG,a137160ebecf06e46c2d6b91d918f9c1bdc49ad0f7852d110267ca4302ccdb64,,False,,,,,
meme_010303,ukr,data/raw/ukr/1OFBCh1aGy2FatLNV4FHlKfkTXg_aRrXO.jpeg,1OFBCh1aGy2FatLNV4FHlKfkTXg_aRrXO.jpeg,True,545,601,JPEG,193ad72fdbb19652c03ad2eb01cc7f70700c9fc29ffc2cd031ed6b9447e56928,,False,,,,,
meme_004348,rus,data/raw/rus/4910.jpg,4910.jpg,True,640,800,JPEG,7f20bd332fa5532136a22ee910404f5dfb97f6220eecd1605f7da5a1bc41d7d8,,False,,,,,
meme_010582,ukr,data/raw/ukr/1QANA8DsmWod5NqZKOUWVU1RQctGg9hlv.jpeg,1QANA8DsmWod5NqZKOUWVU1RQctGg9hlv.jpeg,True,848,636,JPEG,00f2c501d7b0013417afc5048edae37cc50fe0f865f68b0ddadd3fc84fd72adb,,False,,,,,
meme_011947,ukr,data/raw/ukr/1ZAo5QFUySy2ptATZOAJYHvJ4X8Yw_0hR.jpeg,1ZAo5QFUySy2ptATZOAJYHvJ4X8Yw_0hR.jpeg,True,480,324,JPEG,fc3336b6cfce928b60c94ba8a4f36806f06674625eacd1b92728b9a0cd60958f,,False,,,,,
meme_011336,ukr,data/raw/ukr/1VDMe6ImL9Qk-qGkYAjqtswirx4e_LG5B.jpeg,1VDMe6ImL9Qk-qGkYAjqtswirx4e_LG5B.jpeg,True,720,1280,JPEG,50af372531788a7c67542b4814d8f62c1d6deba96ea9bd6269bd14150e251102,,False,,,,,
meme_014780,ukr,data/raw/ukr/1qXnh0eKnZZiaOepUn4ebwADSAlpPFvDA.jpeg,1qXnh0eKnZZiaOepUn4ebwADSAlpPFvDA.jpeg,True,1232,1626,JPEG,fe7810d58f01fca0bed182d00fcc4bbcffc9e928467a51d0ef8ed91b8c8bdb46,,False,,,,,
meme_012752,ukr,data/raw/ukr/1dKW41caz3b-ut0yMsdhBXLyetYRSuuXc.jpeg,1dKW41caz3b-ut0yMsdhBXLyetYRSuuXc.jpeg,True,832,1280,JPEG,d5bfb5a4f1f685b6e0b8c6481988d964f9d5535a265df769089a61fb3b149584,,False,,,,,
meme_008736,ukr,data/raw/ukr/1DzBsM4mCPGekn_ht0bD8yBQKKewfEITb.jpeg,1DzBsM4mCPGekn_ht0bD8yBQKKewfEITb.jpeg,True,900,671,JPEG,43e6a2a7c0698d78ae799769ac22d98019877efe8970a543ebe222843cb2b97e,,False,,,,,
meme_004915,rus,data/raw/rus/5420.jpg,5420.jpg,True,960,542,JPEG,fdb7fc9e82c7fae95ad7144f0dbabf05a83c50eda9fb1980c9706b7379fb5ddd,,False,,,,,
meme_004756,rus,data/raw/rus/5278.jpg,5278.jpg,True,1216,1280,JPEG,cde7ce8d1e0d68833ed46c94cab14f5fe3c2aac238afdc5541465cfbd2f3c760,,False,,,,,
meme_014718,ukr,data/raw/ukr/1q31iFAeRu2-EC1QPH0aK0Rl47GZHyT0F.jpeg,1q31iFAeRu2-EC1QPH0aK0Rl47GZHyT0F.jpeg,True,689,759,JPEG,51c433ab59e63bf9c2dd6a540cbb12a2fe7595084147e4ceda327602eb9891b1,,False,,,,,
meme_005881,rus,data/raw/rus/6290.jpg,6290.jpg,True,1242,723,JPEG,431869103ccda82be5ed01e1bbd44c2a45a6ed7014781c72e4587a6eeae881b0,,False,,,,,
meme_000377,rus,data/raw/rus/1336.jpg,1336.jpg,True,781,665,JPEG,b21e1db505406e92fb3e32b35a082c521445f9e4f4333b927d863c1b2fc631d4,,False,,,,,
meme_004902,rus,data/raw/rus/5409.jpg,5409.jpg,True,900,972,JPEG,38eaa4ee1967ad05cc561fd56cd9eef62d4655d08db11f3b9e4804068f123d15,,False,,,,,
meme_010293,ukr,data/raw/ukr/1O97GBk-sCnr2xwrQIp_oWqEGW1vvUPmA.jpeg,1O97GBk-sCnr2xwrQIp_oWqEGW1vvUPmA.jpeg,True,1080,854,JPEG,b071e44d7ce989e886f38d7101f84e2d98379ee58cba2902daa32bea65bc0047,,False,,,,,
meme_000705,rus,data/raw/rus/1631.jpg,1631.jpg,True,986,377,JPEG,d56055fbb8848351d7e44e8234105cb71d3a0e1eb298b5b5543a2fada7805266,,False,,,,,
meme_002418,rus,data/raw/rus/3173.jpg,3173.jpg,True,1277,1188,JPEG,5a3f97e3b82cf925ec5846a5309a9ef691c25ec63941bd1acec8e111f79fb0c9,,False,,,,,
meme_002656,rus,data/raw/rus/3388.jpg,3388.jpg,True,550,616,JPEG,d1aa6e823ccfdd10cccbb1f2c39ab536fa1fb4aad46490535a8bc99afe488eb7,,False,,,,,
meme_011515,ukr,data/raw/ukr/1WGfOXElrENzfs2_CR0D8MW4_RYmtW0-C.jpeg,1WGfOXElrENzfs2_CR0D8MW4_RYmtW0-C.jpeg,True,2048,1121,JPEG,666a33f09fe0655aae07bba3746fe49cf95e833e095750feebdf90ce55efb968,,False,,,,,
meme_013865,ukr,data/raw/ukr/1kJPUycE4kjHbYMwzxT5zLKrelOVxM_no.jpeg,1kJPUycE4kjHbYMwzxT5zLKrelOVxM_no.jpeg,True,973,1279,JPEG,d7abea4936c696d173356fb30c7ae87220f655059716370dcd765c30ac3454e8,,False,,,,,
meme_005099,rus,data/raw/rus/5587.jpg,5587.jpg,True,668,800,JPEG,7b8e916a198f1b68193bbb9e60e74e7ecafb9f604df040533078be0007f8848c,,False,,,,,
meme_007404,ukr,data/raw/ukr/153WTqBQZwdr7DyPcJRN8r65jVkFU-fCB.jpeg,153WTqBQZwdr7DyPcJRN8r65jVkFU-fCB.jpeg,True,739,1016,JPEG,d7327de49961b7ba814f6407ce4532478c91f1b601c309ca80050297af99235d,,False,,,,,
meme_013886,ukr,data/raw/ukr/1kQzaf-cVDjRLCZk7OI1lJOjp9084g3kl.jpeg,1kQzaf-cVDjRLCZk7OI1lJOjp9084g3kl.jpeg,True,504,402,JPEG,1b5eddc2247e8e31f293d1b72fd7d22e535116f617495a3fabe55c2355fcb836,,False,,,,,
meme_011160,ukr,data/raw/ukr/1U3vhbGh-rDj8DMXwOkH1j5-1cAAHX_pZ.jpeg,1U3vhbGh-rDj8DMXwOkH1j5-1cAAHX_pZ.jpeg,True,1152,1440,JPEG,ac1d4cde4214fefbd9815be89aa376f6e369f3922ee525c430b014fc57694ad8,,False,,,,,
meme_011902,ukr,data/raw/ukr/1YuZewrY5c0-HqC0G_kHeD171BbY_cxRX.jpeg,1YuZewrY5c0-HqC0G_kHeD171BbY_cxRX.jpeg,True,720,604,JPEG,0d8afff1666424506d19435129c3bfc6abbf5923414b61f478ed3c26c14eddcb,,False,,,,,
meme_005328,rus,data/raw/rus/5793.jpg,5793.jpg,True,1080,1274,JPEG,bcc8a7f51626f7a2fd32bcb770db0c47d66851b5e197f33088d62ea9bc5f96ef,,False,,,,,
meme_007137,ukr,data/raw/ukr/13KnBffHefjwpbyPJn5mzkoBnWR_FesgE.webp,13KnBffHefjwpbyPJn5mzkoBnWR_FesgE.webp,True,646,720,WEBP,29111d163a14eaf9c2795b119eb545c4db7091ce29f6cb50e465f77737590ee9,,False,,,,,
meme_006245,rus,data/raw/rus/762.jpg,762.jpg,True,510,510,JPEG,c50573b2ae3021a9ed7edb07e3b3875272e025cc4365ca95928aaa92a8f5cf53,,False,,,,,
meme_007048,ukr,data/raw/ukr/12hMvscJeY5m_fCWlEnrivcFxj3tb6_c6.webp,12hMvscJeY5m_fCWlEnrivcFxj3tb6_c6.webp,True,700,789,WEBP,c96157e3e7dcd377f898450804c3b1d0c446dec3a02fb946943502073a90b49e,,False,,,,,
meme_001451,rus,data/raw/rus/2302.jpg,2302.jpg,True,709,918,JPEG,a32b3d20e619f580cc0b81fd7f56553bf62d67253c4a3fe15ed936f6c487c852,,False,,,,,
meme_004683,rus,data/raw/rus/5211.jpg,5211.jpg,True,604,510,JPEG,05249e10f29f8b4893279f6b0dac276234b755fdab3e7e9c51201c6e9406e84b,,False,,,,,
meme_005830,rus,data/raw/rus/6244.jpg,6244.jpg,True,557,800,JPEG,e6d6eb752ab883d9d9ca245a676c15620a126e7b8a86e0393790ccd014dc098f,,False,,,,,
meme_013476,ukr,data/raw/ukr/1hrPNStMhOpMfeV3w4_uMmHg_Sf0WmlJM.jpeg,1hrPNStMhOpMfeV3w4_uMmHg_Sf0WmlJM.jpeg,True,1000,1000,JPEG,f7754bd38f787bb697466ad1bc4b8846cece025cff81cf12ded6aa92102e218b,,False,,,,,
meme_000209,rus,data/raw/rus/1185.jpg,1185.jpg,True,574,584,JPEG,0335a705582e7bb7cedaad594befd74fedbf42c730640c0f2e8455ede5b8119e,,False,,,,,
meme_002338,rus,data/raw/rus/3100.jpg,3100.jpg,True,720,720,JPEG,7bd0dbf803b941170aedfe8b5ab28d91d47d6d79be349e57a49396ab49212fd1,,False,,,,,
meme_008452,ukr,data/raw/ukr/1C3RW9cRuSfBg_csCQfrb9mbLYUBIhjPB.jpeg,1C3RW9cRuSfBg_csCQfrb9mbLYUBIhjPB.jpeg,True,1103,782,JPEG,abb64c1d8ea0858454a2aadcaa806a45031f51c1909219f06f249893b1ee2c17,,False,,,,,
meme_010510,ukr,data/raw/ukr/1PgoHPvyX2dQmpKSj6jO43ovmc1BwNYF7.jpeg,1PgoHPvyX2dQmpKSj6jO43ovmc1BwNYF7.jpeg,True,490,595,JPEG,36435a56aa27db7fd1cc9c6108248dadab080017fd003aaed7b038ec13c62557,,False,,,,,
meme_011880,ukr,data/raw/ukr/1YjshTAIL5USD51qU7b89KN04JtO5JgC9.jpeg,1YjshTAIL5USD51qU7b89KN04JtO5JgC9.jpeg,True,759,584,JPEG,14a5e72fef3387d2f5d07337e1b5fe99af234834e63737d5dc5859b3d2cd2cfc,,False,,,,,
meme_012468,ukr,data/raw/ukr/1bZzFpDRhBALjyS9k5cFsciO1i9ScmSfr.jpeg,1bZzFpDRhBALjyS9k5cFsciO1i9ScmSfr.jpeg,True,640,477,JPEG,be670c27ef31a52e21afb549a678a77e5e633d04a26029741fee050af5ea3110,,False,,,,,
meme_011550,ukr,data/raw/ukr/1W_ajyC0ztzUfpFXSznWcnujnzbiS2Ay-.jpeg,1W_ajyC0ztzUfpFXSznWcnujnzbiS2Ay-.jpeg,True,807,772,JPEG,0137d922b732f77fc4ccbd52e8c16e5e601656a5ac0a94954e605aff8a521722,,False,,,,,
meme_014175,ukr,data/raw/ukr/1mKyIdyiHs8YSvV5aJfgMxVWFEev1t8CW.webp,1mKyIdyiHs8YSvV5aJfgMxVWFEev1t8CW.webp,True,700,689,WEBP,8abe7b3af468d0fcf84ce0d87c2a710ce897a0f31344470d10d52a642c287d7d,,False,,,,,
meme_006178,rus,data/raw/rus/701.jpg,701.jpg,True,960,844,JPEG,ca87f59ea1bcbe5ea18a78c27c160db16d36050f5e1f7574cea3740fb0489124,,False,,,,,
meme_003252,rus,data/raw/rus/3924.jpg,3924.jpg,True,600,800,JPEG,8d59aaee1809864273eb574d7b73ad5942066bcacd754788c8853e050d418556,,False,,,,,
meme_009432,ukr,data/raw/ukr/1IY-aBvMymnb_IjYaBMs9dbQq38EHeBO8.jpeg,1IY-aBvMymnb_IjYaBMs9dbQq38EHeBO8.jpeg,True,685,1044,JPEG,866e86e854b5c42320d0eac7c71f966fd1c4bdf9c2d45a0c57f4a1604a1f70db,,False,,,,,
meme_004801,rus,data/raw/rus/5318.jpg,5318.jpg,True,1270,801,JPEG,4af1b072f20a63d0cc013a43734c80ae360ec7eb7c5561b4eea1d1bbec62bd29,,False,,,,,
meme_012975,ukr,data/raw/ukr/1erB9_EcpHwARXuL1o64LH9gAoVap7y8N.jpeg,1erB9_EcpHwARXuL1o64LH9gAoVap7y8N.jpeg,True,1022,1056,JPEG,a1f0c912c7c3b3baedecdf86e77eb89ae8b5cc1fb6d48508af6d7097b1a7e32c,,False,,,,,
meme_010160,ukr,data/raw/ukr/1NHMEhhb_rfLEJFwIMe17R2giYhBjkMNx.jpeg,1NHMEhhb_rfLEJFwIMe17R2giYhBjkMNx.jpeg,True,905,1279,JPEG,ccda9fae5376718ecb8ee0d71ecf2f1fd07eb5007d3ccad19336c854056e98f2,,False,,,,,
meme_001935,rus,data/raw/rus/2739.jpg,2739.jpg,True,522,960,JPEG,04a349c42c345385b2e895eee540e0b715af58ff8815f4620d380fad4edc3dbb,,False,,,,,
meme_008370,ukr,data/raw/ukr/1BUBRC_PorrvoISqV2LrX1iCp0enurjkv.jpeg,1BUBRC_PorrvoISqV2LrX1iCp0enurjkv.jpeg,True,790,1280,JPEG,bc43265d543b19d0e7a4be5421895bf62fdd3e5a271ac9102c2d04ac5f6a43b6,,False,,,,,
meme_001635,rus,data/raw/rus/2469.jpg,2469.jpg,True,661,594,JPEG,d4dd36dc3b2b5dec8381d875bd33a31e1925d8f0a9b46e2d95466660a3d706ee,,False,,,,,
meme_014115,ukr,data/raw/ukr/1lxXmjsB3U3YSVDillZrMYXh7o1hplyfY.jpeg,1lxXmjsB3U3YSVDillZrMYXh7o1hplyfY.jpeg,True,583,432,JPEG,7e32f2c4f4b9a13f285bcb71863af1382013720a9ee8bee01e480c03ce3d9667,,False,,,,,
meme_004955,rus,data/raw/rus/5457.jpg,5457.jpg,True,510,515,JPEG,28b90d39df1973a45dff562ebdae48790157221963eb86a52ed8ce51622abf76,,False,,,,,
meme_001431,rus,data/raw/rus/2285.jpg,2285.jpg,True,800,782,JPEG,a8209db1aa598ed324c4773844dab7e29a8022de49dd394509a9bd80ee0fecdc,,False,,,,,
meme_005897,rus,data/raw/rus/6304.jpg,6304.jpg,True,1280,923,JPEG,cf03f236eea2ed05b64e5918fe3ad1f433212183ed0c7fab10562de765475fa6,,False,,,,,
meme_009776,ukr,data/raw/ukr/1KsB4v-jL1yp7aT7ZSVvpRcvz5jaIiKrg.jpeg,1KsB4v-jL1yp7aT7ZSVvpRcvz5jaIiKrg.jpeg,True,1080,977,JPEG,b627d99890876cbfb7f9713b0ee757179aea83240f1d371e9d71dd176b1d9d95,,False,,,,,
meme_006246,rus,data/raw/rus/763.jpg,763.jpg,True,1125,1100,JPEG,d0d7de76c9f98a23063b440cd4afa953acc2ccf27e01cb2edc591b1920d8a59e,,False,,,,,
meme_007086,ukr,data/raw/ukr/13290gn2RZOKGfA9y9ujFTF_8OqL100Xl.jpeg,13290gn2RZOKGfA9y9ujFTF_8OqL100Xl.jpeg,True,641,749,JPEG,e1ab96d876287a2a6304297aa554afe56592ea948a6b51fc0b8ed3be825949b0,,False,,,,,
meme_007485,ukr,data/raw/ukr/15XqgS4fira51SXZ_9Kug9EOw7z-a7XMk.jpeg,15XqgS4fira51SXZ_9Kug9EOw7z-a7XMk.jpeg,True,558,556,JPEG,59e677b3fa7a2322418f27063f9b63a293cefc7badeda5f842df7dc63e8904e5,,False,,,,,
meme_012345,ukr,data/raw/ukr/1anoOsriQ48zlty48gt5ijIF8Bt8Ig6TK.jpeg,1anoOsriQ48zlty48gt5ijIF8Bt8Ig6TK.jpeg,True,855,1280,JPEG,08ed08797920e275cb543d8194c35e1092012a187c35b34aa8d3d228f7f1ac3b,,False,,,,,
meme_007616,ukr,data/raw/ukr/16Rch-dtlSH4aFFgSQWC9ocse9eU7g8nO.jpeg,16Rch-dtlSH4aFFgSQWC9ocse9eU7g8nO.jpeg,True,770,513,JPEG,46dd993f74cc06dde2ee355b6a9c051d89e086d6552203bdbf1c0b23490df092,,False,,,,,
meme_003434,rus,data/raw/rus/4088.jpg,4088.jpg,True,572,602,JPEG,c02ce893f39fcf91022922a9c6da14f4e69442254723e7c88d2cf764064993ad,,False,,,,,
meme_000754,rus,data/raw/rus/1676.jpg,1676.jpg,True,800,661,JPEG,695ad27b3f75154a1e343d3529947c0562297f6da8698e58f5d051d6cefcc88c,,False,,,,,
meme_010905,ukr,data/raw/ukr/1SJl_kQ8s6qUiFEmpWn0QN5aN0oNpNMKq.jpeg,1SJl_kQ8s6qUiFEmpWn0QN5aN0oNpNMKq.jpeg,True,768,545,JPEG,fd3f0efed715fedd5d99ab06a86318939c827105aad2ba1962c37e79c7b5bfc6,,False,,,,,
meme_007615,ukr,data/raw/ukr/16Qvrss2Lb0SwKI-A2BzairKUgQcdFy2j.jpeg,16Qvrss2Lb0SwKI-A2BzairKUgQcdFy2j.jpeg,True,1071,698,JPEG,02d19fa06960d4ba785f4b7905e64d76a90348c21ee542d65f7404693f1acbf9,,False,,,,,
meme_004937,rus,data/raw/rus/5440.jpg,5440.jpg,True,604,604,JPEG,071e00403ab426a56789e1137364b77862a46a8d5230ce61de9e83298c1830e1,,False,,,,,
meme_005466,rus,data/raw/rus/5917.jpg,5917.jpg,True,616,676,JPEG,683e6ef98bf4e826619b469bc71780d4f12d6b6cda89bae4311f39d0957c8715,,False,,,,,
meme_000034,rus,data/raw/rus/1027.jpg,1027.jpg,True,720,668,JPEG,2f542e5eda4cd67321cfa0af48abb3d56efa31216524c371fb6c46e15fbcb655,,False,,,,,
meme_009872,ukr,data/raw/ukr/1LPulcrebnwVXwxr5oslmHDehSRM5IhAB.jpeg,1LPulcrebnwVXwxr5oslmHDehSRM5IhAB.jpeg,True,1200,1200,JPEG,fb43ab12c12a41d0b3d00666046631fc53bfd87ac7d09020eed74c487726afbc,,False,,,,,
meme_014059,ukr,data/raw/ukr/1la4rElNLrvoGyqGRfwGgYL4eyTow96hT.jpeg,1la4rElNLrvoGyqGRfwGgYL4eyTow96hT.jpeg,True,1024,719,JPEG,0415079bd74994588c400fc785cd6786683a7eaba7c404aa5b963529b7c0b01a,,False,,,,,
meme_011983,ukr,data/raw/ukr/1ZLeMApQ0vqAJ2MF7ZdSpBT-NrdAhZhRV.jpeg,1ZLeMApQ0vqAJ2MF7ZdSpBT-NrdAhZhRV.jpeg,True,960,420,JPEG,69428b1a0755b10593c48357ec73919c7b54c1f190456c953996cc1bd36d61b7,,False,,,,,
meme_004717,rus,data/raw/rus/5242.jpg,5242.jpg,True,864,1080,JPEG,3f5cb0d1ce4cc3624413f816e477ad818fb3f45a89a4f9a229ae3299b1cd1617,,False,,,,,
meme_012335,ukr,data/raw/ukr/1ak9Zf3P7MhTybiAsdbjN0gyNuJUDS6eY.jpeg,1ak9Zf3P7MhTybiAsdbjN0gyNuJUDS6eY.jpeg,True,1024,704,JPEG,6388f78500616174dc1b7e0222a67b889b9c26626bcb18000a30ccaf508c0cec,,False,,,,,
meme_007380,ukr,data/raw/ukr/14psaKBdU2yCxp2NCMk0noBgLJ_TRHPeJ.jpeg,14psaKBdU2yCxp2NCMk0noBgLJ_TRHPeJ.jpeg,True,1341,1061,JPEG,5200c7232cbf9c6e590a1a7465eb6ddc6f8297eb1ed93258ac2377364c899f2a,,False,,,,,
meme_003356,rus,data/raw/rus/4017.jpg,4017.jpg,True,576,800,JPEG,2d5beba616bbd3938fdfb4f29f072360fb790edb1ae6c694a23656f18528d65a,,False,,,,,
meme_005490,rus,data/raw/rus/5939.jpg,5939.jpg,True,704,547,JPEG,9f18d159adf5f755362b81675b30c71639f8cdc76c6194400c28bf6a9ae090cf,,False,,,,,
meme_005413,rus,data/raw/rus/587.jpg,587.jpg,True,613,1056,JPEG,0c39557afc0c04b0e44fd04ea33966350fb67f4e87dfa079091399be463f9cbd,,False,,,,,
meme_015639,ukr,data/raw/ukr/1vvS0uAtWewjyFBzCVnWFx0ZQ-RFc6Gnl.jpeg,1vvS0uAtWewjyFBzCVnWFx0ZQ-RFc6Gnl.jpeg,True,1080,1079,JPEG,9013b5399d50ed074190b99d58d4c7a20771449e5ec25790ae0aacdc5a33f2b6,,False,,,,,
meme_001298,rus,data/raw/rus/2165.jpg,2165.jpg,True,800,599,JPEG,e820ed3d3d294f4d0f2c733b49a0d945e2f791b7872592510670d275230c077d,,False,,,,,
meme_013631,ukr,data/raw/ukr/1is_Ql8cczAedY4jv1Ne1QgJ_nwXc6CmD.jpeg,1is_Ql8cczAedY4jv1Ne1QgJ_nwXc6CmD.jpeg,True,940,1127,JPEG,303a25fdde3577a6b90175e1699c0af3ccb2d85bee331c79d5a37a7df3ea1ab4,,False,,,,,
meme_005847,rus,data/raw/rus/626.jpg,626.jpg,True,800,734,JPEG,fa8f9e05c5982f5fc4a6d29a5c753c0b571164d041890775818cb126ef4daec6,,False,,,,,
meme_002974,rus,data/raw/rus/3674.jpg,3674.jpg,True,800,800,JPEG,eeb7dbb4baab4b066b81c1d1fcfd4c76132e19c737b756e97a95cdfba225c6ca,,False,,,,,
meme_009437,ukr,data/raw/ukr/1IaCKF4U5IX7daKa5J2WYKnGPFpJrop6S.jpeg,1IaCKF4U5IX7daKa5J2WYKnGPFpJrop6S.jpeg,True,884,1280,JPEG,cafda29e9385ca92ce74bd54b3cc7b701c4b85ce46c41a96be4d719a921d0542,,False,,,,,
meme_012163,ukr,data/raw/ukr/1_cW4ZHLKySODkCVQPi5ng0SsaRUSGLKc.jpeg,1_cW4ZHLKySODkCVQPi5ng0SsaRUSGLKc.jpeg,True,604,411,JPEG,c5f2ebd96339cb80fc0ddfe5be33d1e9d48d7eaca31f665859a16cffa235a55f,,False,,,,,
meme_003624,rus,data/raw/rus/4259.jpg,4259.jpg,True,711,800,JPEG,df52a614ed97a7d0dee60a0e4e41ec9dca40346990f89d73e08dd0cea37f16d3,,False,,,,,
meme_013465,ukr,data/raw/ukr/1hn_W0Uff21s9GkGBXaxrQpr3niZ8pMkM.jpeg,1hn_W0Uff21s9GkGBXaxrQpr3niZ8pMkM.jpeg,True,767,1280,JPEG,b9f938d5a2bcd24e69a71f02c9ce1717f031c3775fddbff02810e7f93d6917d5,,False,,,,,
meme_000909,rus,data/raw/rus/1815.jpg,1815.jpg,True,760,449,JPEG,63d10d6c448f5678400a6c5ef6bfeaf9ef884346e1abf56827867f2a9f44766b,,False,,,,,
meme_011904,ukr,data/raw/ukr/1YvVaoX5cDP8UNnbBfe3rqKFQAVEFw4DH.jpeg,1YvVaoX5cDP8UNnbBfe3rqKFQAVEFw4DH.jpeg,True,240,240,JPEG,73f573abfb09acb437d4f22f209e1a9d4a066da52bf57adf3e39054834ebfa06,,False,,,,,
meme_013239,ukr,data/raw/ukr/1gKiB8n0sYYzYr_ItOyp21oWt45Nql6Tu.jpeg,1gKiB8n0sYYzYr_ItOyp21oWt45Nql6Tu.jpeg,True,1035,1080,JPEG,08ca8393e415401f62a3acfea05e439d30d0cf36b47c7909d721b16bbbe1a9f8,,False,,,,,
meme_013101,ukr,data/raw/ukr/1fZwlyc79pLwSq7_zVop6wUHC3jyHXGug.jpeg,1fZwlyc79pLwSq7_zVop6wUHC3jyHXGug.jpeg,True,390,698,JPEG,f54d2c0e35633fb1d2272402216e652ee8a53ea1434f3003d5a2956304bf5ea3,,False,,,,,
meme_015695,ukr,data/raw/ukr/1wK5zMw1CyHFPX-KLRpbgXsWBYunlHdr6.jpeg,1wK5zMw1CyHFPX-KLRpbgXsWBYunlHdr6.jpeg,True,980,716,JPEG,f256e8eca5c8108b5a80ce61c9afb293b4b42ad758c4b103f204dba6bfa30bd7,,False,,,,,
meme_002797,rus,data/raw/rus/3514.jpg,3514.jpg,True,728,800,JPEG,2c88d29a3ce2b9a366db69c595434fe92cd41ca37b63da7b2c49a1fd18f6d7cb,,False,,,,,
meme_005717,rus,data/raw/rus/6142.jpg,6142.jpg,True,490,459,JPEG,bac5a93f854dd2dc7ee1ef8891e53f18814eb46f8b859d216faf523b84e36ff2,,False,,,,,
meme_012670,ukr,data/raw/ukr/1cn6WP_fdmRALMRLAO--Fzu-DehjnvfCt.jpeg,1cn6WP_fdmRALMRLAO--Fzu-DehjnvfCt.jpeg,True,540,785,JPEG,98a7e2c7ae647dfdc1e553770cf4405762fecd9aa3fc15af541321299c2a489e,,False,,,,,
meme_002579,rus,data/raw/rus/3318.jpg,3318.jpg,True,604,247,JPEG,65db30e5a21cae295d426c25f23a71f505b3e938a0f37e67b7b94ac4ac035cc8,,False,,,,,
meme_007041,ukr,data/raw/ukr/12eWSr0i43z-QwHzXPngh3hAEW9O21CJM.jpeg,12eWSr0i43z-QwHzXPngh3hAEW9O21CJM.jpeg,True,960,793,JPEG,284bf5e7755ec8770711f4ebf19ebccf08632a6cc857cd1e572c7e65bedf2824,,False,,,,,
meme_008337,ukr,data/raw/ukr/1BFI32f_Ec9bJYt7l4xzfjvlMEbmUyPqz.jpeg,1BFI32f_Ec9bJYt7l4xzfjvlMEbmUyPqz.jpeg,True,1280,1280,JPEG,fc0567f3e1263d6e9d1b1d8b49aed7a9e34d82c1ad10aa6518dcc35234640260,,False,,,,,
meme_003614,rus,data/raw/rus/425.jpg,425.jpg,True,1024,1280,JPEG,98e7e0ac6ccaf2417080d7cf183aedd99afe183e7906d7370943ed92768e3f5c,,False,,,,,
meme_005901,rus,data/raw/rus/6308.jpg,6308.jpg,True,495,313,JPEG,e18476ab61c6eb79d9d7520e490f731b33cb5c8a308dc3d3a87110354888b8a4,,False,,,,,
meme_001202,rus,data/raw/rus/2079.jpg,2079.jpg,True,936,1280,JPEG,1bb744eb2566b614bb8022471100b347cb3039af17c3af7ee008044c8b8a2a8a,,False,,,,,
meme_010019,ukr,data/raw/ukr/1MOi-NOb-lKjs1Y0DAAPn6p2ZY6n9pUuZ.jpeg,1MOi-NOb-lKjs1Y0DAAPn6p2ZY6n9pUuZ.jpeg,True,1024,1280,JPEG,d67f6ff69e89bdc87a1c474f86de3c26d00d8c14da1a7fe195bde44cf06e5650,,False,,,,,
meme_008154,ukr,data/raw/ukr/1A6ND350Yc4OgAIUiC-Yr5Cm8nn4A95Zq.jpeg,1A6ND350Yc4OgAIUiC-Yr5Cm8nn4A95Zq.jpeg,True,1170,958,JPEG,719547a0f5dff695a398287c907dde4a67ec116056dde1664706535f3a335083,,False,,,,,
meme_000112,rus,data/raw/rus/1098.jpg,1098.jpg,True,709,670,JPEG,44d8351a0da76537e9cc98c7b8bac75a08aebc55134fa850a91fbb37030d46f9,,False,,,,,
meme_013434,ukr,data/raw/ukr/1hYqGYX_z1gFwKpEAN9aRdN5IZn-B3_WZ.jpeg,1hYqGYX_z1gFwKpEAN9aRdN5IZn-B3_WZ.jpeg,True,946,1259,JPEG,81072dc8b7f5ab3648fe73f498744cc67b90c1696524c6a426f1f24f33699a30,,False,,,,,
meme_001702,rus,data/raw/rus/2529.jpg,2529.jpg,True,600,600,JPEG,d2714d135c1b4b3c895a394bf0a9c98ab677cf98718475a08c08f64b0c1f1dcd,,False,,,,,
meme_001784,rus,data/raw/rus/2602.jpg,2602.jpg,True,604,472,JPEG,f9dc23da0e944d60dc71fc0e30d5a0fad8ff2c35ca03d30ae389b2dd4b3cb53c,,False,,,,,
meme_007884,ukr,data/raw/ukr/187mz_-6PYDq6npL3VY9WfQTUzQ9TvlNW.jpeg,187mz_-6PYDq6npL3VY9WfQTUzQ9TvlNW.jpeg,True,828,542,JPEG,3e09b7ba20957abe30f2b67255322a21e18abf1e3cf3b9dde0f5587c62d279a0,,False,,,,,
meme_012353,ukr,data/raw/ukr/1atAuS3aAUcx5bpV071FoDaeqk1yTqvpH.jpeg,1atAuS3aAUcx5bpV071FoDaeqk1yTqvpH.jpeg,True,1262,1356,JPEG,4ad43dfe3fb2f02a3aa42425a47ab558833b56be853ed198ba749cd406509180,,False,,,,,
meme_006367,rus,data/raw/rus/872.jpg,872.jpg,True,730,730,JPEG,2b98faf909792d0f7d88735857c945bf59c355f725892f8410dc71b53ac72dc5,,False,,,,,
meme_011858,ukr,data/raw/ukr/1Y_QSKVbadnRVE91cJp7nmw6_cx2_po7c.jpeg,1Y_QSKVbadnRVE91cJp7nmw6_cx2_po7c.jpeg,True,1280,853,JPEG,2dc832f88d12c8c92175719780d0d1057462e67ef431cfbe5d0b61388cca254a,,False,,,,,
meme_000979,rus,data/raw/rus/1879.jpg,1879.jpg,True,604,357,JPEG,45e567f3d90e6eece61a130fd6801d6d3e29646361620ae08a2f838274693f2b,,False,,,,,
meme_003861,rus,data/raw/rus/4472.jpg,4472.jpg,True,495,480,JPEG,97a5bd977bc5430ffcb43ba756194ef9b94ca8668674dff288495ad945362ab4,,False,,,,,
meme_004442,rus,data/raw/rus/4996.jpg,4996.jpg,True,436,420,JPEG,6964c0deae1b448f8481badff1bac596c4ff21a539f75a9d620cb85ac6debb93,,False,,,,,
meme_007966,ukr,data/raw/ukr/18d0LBuA0j3CScaX8YvtUO9OhQS8hUVqb.jpeg,18d0LBuA0j3CScaX8YvtUO9OhQS8hUVqb.jpeg,True,690,804,JPEG,ed224e36abc28e26b17b549b643da61f623384266155094328fa5867ce4460cf,,False,,,,,
meme_009911,ukr,data/raw/ukr/1LjB3zH2Bqdl9ZKnA3zk9UOlXPrGnBQ4v.jpeg,1LjB3zH2Bqdl9ZKnA3zk9UOlXPrGnBQ4v.jpeg,True,696,768,JPEG,6b6b58f9de185d958f794ad67d00bee3bcf8dc64ee08a0af9169a6494889be45,,False,,,,,
meme_010546,ukr,data/raw/ukr/1PwFbpoarD7QF9TDw_OIOVKSgNFt-lcPm.jpeg,1PwFbpoarD7QF9TDw_OIOVKSgNFt-lcPm.jpeg,True,680,680,JPEG,884672676b69fb43af596fe9186d8722637fe425e98325f7f33e67f49ea3a36f,,False,,,,,
meme_011964,ukr,data/raw/ukr/1ZFHKbUyqC1WLm03swT2DrN-i6mMniAmj.jpeg,1ZFHKbUyqC1WLm03swT2DrN-i6mMniAmj.jpeg,True,795,696,JPEG,a3e37b53b1da5c7ce7327ea39d0cb179ca97cba873e653dc314ac0018c085758,,False,,,,,
meme_006203,rus,data/raw/rus/724.jpg,724.jpg,True,624,800,JPEG,7881ed39d6ca91002f4083f60a68ce31601398d11232a44161e5dac00b635b47,,False,,,,,
meme_010370,ukr,data/raw/ukr/1OhG_wCqAzijDd2-Banp7Rj_uxqQnvzvl.jpeg,1OhG_wCqAzijDd2-Banp7Rj_uxqQnvzvl.jpeg,True,1020,1268,JPEG,e9b3a4c8f3ec3f8e9f3c01eac19b69101912ccd2d93a6d73d2710ae101d11926,,False,,,,,
meme_011090,ukr,data/raw/ukr/1TY0daQhviyr9nPm2JL3I36JhCrutsrsN.jpeg,1TY0daQhviyr9nPm2JL3I36JhCrutsrsN.jpeg,True,821,1080,JPEG,45a78440c93c00af918519826e3bfe23432cca0402e9d466f2b48cff208aaec6,,False,,,,,
meme_007079,ukr,data/raw/ukr/12yixnFSXQSpVcf-2O5eWvBwfhg4dFjaG.jpeg,12yixnFSXQSpVcf-2O5eWvBwfhg4dFjaG.jpeg,True,1280,1024,JPEG,d714eb2ec29ce43d6aa1346988cf9a9174ba8195f8882eef5ca817a243c3af50,,False,,,,,
meme_004004,rus,data/raw/rus/4600.jpg,4600.jpg,True,1073,1280,JPEG,75c59c8688b52ec6c54b06ba5be9b5a24e8130c39fe8df3820313730cfa854f8,,False,,,,,
meme_004085,rus,data/raw/rus/4674.jpg,4674.jpg,True,696,884,JPEG,4414be8ee1335c11da2643d16146afaaf6f3973435475e0a81e38ae52e5418c5,,False,,,,,
meme_014822,ukr,data/raw/ukr/1qoyJCvWsLsIKU2PHtqrIioQo58QVcUCF.jpeg,1qoyJCvWsLsIKU2PHtqrIioQo58QVcUCF.jpeg,True,412,683,JPEG,4d9e385fe1a6fbb450a2875da59da21d1de770d12a0365d8a8583fb6f00dcefa,,False,,,,,
meme_010171,ukr,data/raw/ukr/1NL9ro6EVC8MFy4d_SaeJ5sRSD-xO5toT.jpeg,1NL9ro6EVC8MFy4d_SaeJ5sRSD-xO5toT.jpeg,True,1065,1280,JPEG,4f1d907c4122fb0917fd18a873ae9e62faf87c772873c886a9738926621ae7b1,,False,,,,,
meme_001409,rus,data/raw/rus/2265.jpg,2265.jpg,True,640,507,JPEG,e3449ff8469e0d1e1fcf66b698a947e81e0bf545baaddbcfb6084d51fcf4bd52,,False,,,,,
meme_013382,ukr,data/raw/ukr/1hFqOd2eKygyG0n6XgFnB-TxZpQ4lp8Qe.jpeg,1hFqOd2eKygyG0n6XgFnB-TxZpQ4lp8Qe.jpeg,True,1279,1279,JPEG,469f521183ba86bfec044e857701f73c04eca65ee9447363b3b363201e43f8ee,,False,,,,,
meme_006051,rus,data/raw/rus/6443.jpg,6443.jpg,True,800,535,JPEG,cc9f568b40da57869efee3d50cdb4b1cd2a0ddc646cf87b6a97fb082a2a5bf5e,,False,,,,,
meme_014461,ukr,data/raw/ukr/1oG7n6TpmpRvbQ4Q326oUJSkK_IUBf7GM.jpeg,1oG7n6TpmpRvbQ4Q326oUJSkK_IUBf7GM.jpeg,True,791,593,JPEG,49f939071e5909f1822d8087c502f0ae8741579edf697f399ee7a0066753e0f4,,False,,,,,
meme_011012,ukr,data/raw/ukr/1T5UmEE7lV5KQi5jxBKrZAEneI_WPYoFS.jpeg,1T5UmEE7lV5KQi5jxBKrZAEneI_WPYoFS.jpeg,True,649,958,JPEG,2d8ee7a02e3c139f3cf831fb2571a2ec75f83f1f52a5c8fbd3c0cc606b8b4cb2,,False,,,,,
meme_009605,ukr,data/raw/ukr/1JkIP5TpU3GguqA4NZTIvjOcV-0ffV0iF.jpeg,1JkIP5TpU3GguqA4NZTIvjOcV-0ffV0iF.jpeg,True,511,488,JPEG,dd18130a62446043124b18cd34aa2cb3c8663f56f6f005ca3c95ad9fee2310ca,,False,,,,,
meme_014669,ukr,data/raw/ukr/1piBRz-L3reZA87fwB3mw6shMJ_V3JfRl.jpeg,1piBRz-L3reZA87fwB3mw6shMJ_V3JfRl.jpeg,True,451,680,JPEG,59ecc79396f79536ba40a1cf8ed9d3469daaa0e831fc147faf7ec3f31c19cf48,,False,,,,,
meme_003017,rus,data/raw/rus/3712.jpg,3712.jpg,True,1024,1006,JPEG,b8fd1a294c2c1ed24cda96bdf5052c49bd63d6854fdcce2feb449c0ae7f7a8f2,,False,,,,,
meme_010884,ukr,data/raw/ukr/1S8Qkq1SHrOK2gBHJ5VeA_YIVF56VDnjW.jpeg,1S8Qkq1SHrOK2gBHJ5VeA_YIVF56VDnjW.jpeg,True,828,508,JPEG,ceee442c6f1f58b33d71d697fead738b921ffd7f38728876c4b9fbc308d6b553,,False,,,,,
meme_004951,rus,data/raw/rus/5453.jpg,5453.jpg,True,1124,1202,JPEG,8820a7d6a76f50aeed75f3ca5a67c14923fce0e641a734a349b1dc4e9a05ae46,,False,,,,,
meme_002544,rus,data/raw/rus/3287.jpg,3287.jpg,True,1125,1011,JPEG,bbbf1575904b1e8db7257776705bef474b835f27ddcbc4233aa44da379786612,,False,,,,,
meme_014911,ukr,data/raw/ukr/1rKI7wCJ90iCQ6XxZjSzO49pIJ2SUXs1f.jpeg,1rKI7wCJ90iCQ6XxZjSzO49pIJ2SUXs1f.jpeg,True,1280,1016,JPEG,24479b0e427e57cf0a2b03e1a99c8a29a138c9889c1e66f6c8a31ed096f79261,,False,,,,,
meme_009724,ukr,data/raw/ukr/1KYgHS3JZpv2SkcMZy_Iey6YjdnVzwO06.jpeg,1KYgHS3JZpv2SkcMZy_Iey6YjdnVzwO06.jpeg,True,1279,1279,JPEG,988eb18473755442a658ee41aacf6862a2bdc16793fb1d453792b5b1bc990d13,,False,,,,,
meme_012054,ukr,data/raw/ukr/1Zpz7X5NrQhdlV6HFzTusaF5lL8CY4KOM.jpeg,1Zpz7X5NrQhdlV6HFzTusaF5lL8CY4KOM.jpeg,True,468,394,JPEG,3a206e692c3246f128f5b5312fa5c96eca377eb79641bed0fe290c46a008766d,,False,,,,,
meme_007975,ukr,data/raw/ukr/18i4Y8Rj24G6QJ2eTdL2zEsEmX9xphE1Y.jpeg,18i4Y8Rj24G6QJ2eTdL2zEsEmX9xphE1Y.jpeg,True,1280,1190,JPEG,9d66a79c54a60bdd732ba98ed6852b28091ed3d15752b560bd8a27ebc64d2fa3,,False,,,,,
meme_003485,rus,data/raw/rus/4133.jpg,4133.jpg,True,594,235,JPEG,cc3e2e4b20bdaa24061ff33e743515cd432071e63404041efceb2d1e60baebbd,,False,,,,,
meme_001615,rus,data/raw/rus/2450.jpg,2450.jpg,True,528,340,JPEG,eb6fd83b7e8d3858bd3b2bff1adc60f5a143995a71a428d0ecc020f7de04b529,,False,,,,,
meme_010163,ukr,data/raw/ukr/1NHf3g4EfDYXN7z8ufQXeGZro8x1HYuJy.jpeg,1NHf3g4EfDYXN7z8ufQXeGZro8x1HYuJy.jpeg,True,643,477,JPEG,5a069641467967b7cb9a6c3346d715bd7619f295734d174755537817b9b188a8,,False,,,,,
meme_013258,ukr,data/raw/ukr/1gPRaNWOpvP8WxMvI6oq14CaJoXdvIW2L.jpeg,1gPRaNWOpvP8WxMvI6oq14CaJoXdvIW2L.jpeg,True,1257,993,JPEG,16697cd4d2567f922364961aef6ac4164f6b60480ac397eb3ad3bc11ec898db9,,False,,,,,
meme_011053,ukr,data/raw/ukr/1TL7UUxCV9DnjrPpyF1ZnMKgrw3_ZrGHu.jpeg,1TL7UUxCV9DnjrPpyF1ZnMKgrw3_ZrGHu.jpeg,True,573,496,JPEG,e8f609fba89c5fa4efdeafa24f585f80aaeb8d51853f864c20c72f9d88635153,,False,,,,,
meme_000397,rus,data/raw/rus/1354.jpg,1354.jpg,True,600,504,JPEG,284624e464f49bf25882adc0e53356c384110ecdab8dae1b558c631d9be4796c,,False,,,,,
meme_009622,ukr,data/raw/ukr/1Jrwf_3k8Qj5x05mtz9KNr07HnME3cLGz.jpeg,1Jrwf_3k8Qj5x05mtz9KNr07HnME3cLGz.jpeg,True,515,605,JPEG,3c7b1ba8d4a26f899341cd7b2e212460733cb148a3e694b86cb01020001840b5,,False,,,,,
meme_006063,rus,data/raw/rus/6454.jpg,6454.jpg,True,1043,1280,JPEG,bedf93bbc320db6bc9f690dc103269d0f1a3c56c4ea61df084fbe8be6d3f328a,,False,,,,,
meme_013360,ukr,data/raw/ukr/1h5IVIat3_Lrcz7bMqA4ovREHxXrGlsRU.jpeg,1h5IVIat3_Lrcz7bMqA4ovREHxXrGlsRU.jpeg,True,476,465,JPEG,53b23cfafc79140145fc80223f7c1d4164d65ee85bbf6223d1e341ac84a836d9,,True,,,,,
meme_010558,ukr,data/raw/ukr/1Q1orSr3dlJjUaEVLim9p6tUOx24zdiqM.jpeg,1Q1orSr3dlJjUaEVLim9p6tUOx24zdiqM.jpeg,True,1024,699,JPEG,5237beceeda97545ce181824bdda36baf40a646c42d32025af9ee867d531bf3b,,False,,,,,
meme_010791,ukr,data/raw/ukr/1RZgpK9xdKcNn5gT5TqyuubbYE83fBvN0.jpeg,1RZgpK9xdKcNn5gT5TqyuubbYE83fBvN0.jpeg,True,985,2048,JPEG,d51378b8b0c32ae33ef008d3e44346c2eaf3082b405504cdd206ee9a936d5577,,False,,,,,
meme_002367,rus,data/raw/rus/3127.jpg,3127.jpg,True,604,604,JPEG,9aa7baf1a982ddf6cef8c70a837384ae2e6d01dd748c6ddbb5412d9b5e393323,,False,,,,,
meme_006181,rus,data/raw/rus/704.jpg,704.jpg,True,800,382,JPEG,a67ce09419b989c31b2bda798ac5f12521dbd9d9f6eef578b08f00e16fa2b53c,,False,,,,,
meme_008828,ukr,data/raw/ukr/1EWfg1lfxBvfV4dwlnNklDpB1j0qwrxtG.jpeg,1EWfg1lfxBvfV4dwlnNklDpB1j0qwrxtG.jpeg,True,720,641,JPEG,b52796feea2d5e638679d784ddd57d5f12ef64530967ea1c5e89995c9f17b427,,False,,,,,
meme_007035,ukr,data/raw/ukr/12c1tVrE5fIJFxiq7v_pZSHqeSNy_1xJ1.jpeg,12c1tVrE5fIJFxiq7v_pZSHqeSNy_1xJ1.jpeg,True,1071,1080,JPEG,508d88a54d86cf0b63779aa737768fa70d0deb4f5ae5f3a29b45106c4a12863f,,False,,,,,
meme_005946,rus,data/raw/rus/6349.jpg,6349.jpg,True,900,649,JPEG,adc1e843b33814e5b8288bc6c0a8e363f0829bfee3e60c48cb8578449af277ff,,False,,,,,
meme_012500,ukr,data/raw/ukr/1blUmGxSgWTytLv0UJBUMXIzD00p9hQrV.jpeg,1blUmGxSgWTytLv0UJBUMXIzD00p9hQrV.jpeg,True,1280,1097,JPEG,99ee69a527b3a4459bb5bf1dab03294213826f5cf5a574ac45de8059812cffa7,,False,,,,,
meme_001600,rus,data/raw/rus/2437.jpg,2437.jpg,True,450,800,JPEG,841e502c4889d8a1dc2d241dc3dca646539c8cad4cb764df0bafb3208d309d11,,False,,,,,
meme_015030,ukr,data/raw/ukr/1ryPvevrgEEHv2FdlviVTK9m2nKQoyz86.jpeg,1ryPvevrgEEHv2FdlviVTK9m2nKQoyz86.jpeg,True,1179,1189,JPEG,b078ab65f52456146ac176680a4208258386ed4cecb7ae84bca51ca8b24c9247,,False,,,,,
meme_011934,ukr,data/raw/ukr/1Z5YvjkLv8z1dXBzUbg9elnvMstZDKKBB.jpeg,1Z5YvjkLv8z1dXBzUbg9elnvMstZDKKBB.jpeg,True,906,604,JPEG,aa0aa7c2dbd750cf582b0f200bbea6a2b8a87ca9d17c58ef236b3ac9b4b5891e,,False,,,,,
meme_007986,ukr,data/raw/ukr/18qlkKB9RLb7J0U35PGDKl1kXQC6gOXr0.jpeg,18qlkKB9RLb7J0U35PGDKl1kXQC6gOXr0.jpeg,True,1080,870,JPEG,402437bebac155022b7e2c590dc15b29ec4889a6dbd2827db0cfa61835a29d18,,False,,,,,
meme_000818,rus,data/raw/rus/1733.jpg,1733.jpg,True,654,800,JPEG,c13b129db87e1e26e736f1bab3978c67e897bb2a378be079dec73f05113c247d,,False,,,,,
meme_016116,ukr,data/raw/ukr/1z8-5-1q0iJN2GmfF4v1UrHLreOHAw36C.jpeg,1z8-5-1q0iJN2GmfF4v1UrHLreOHAw36C.jpeg,True,956,960,JPEG,e14b1651efdeb0d6fb3d5c1ac3352bc4d092f405c21620f3676eddac43facfdc,,False,,,,,
meme_003367,rus,data/raw/rus/4027.jpg,4027.jpg,True,1231,1012,JPEG,fbd868cf06be3184ff2f1936c6773eba6727f27fc5ee6c990758e065c677a1ff,,False,,,,,
meme_003373,rus,data/raw/rus/4032.jpg,4032.jpg,True,1200,900,JPEG,5fcdd2e58b6dcba6281fc4bf885ed46c1a4fc9b866f6891040c8a03415617216,,False,,,,,
meme_004994,rus,data/raw/rus/5492.jpg,5492.jpg,True,772,1080,JPEG,c8f5e9a9bafa8ceac08cb5688e555ec481037424fe31c6c80bcdd6d291af1536,,False,,,,,
meme_005652,rus,data/raw/rus/6084.jpg,6084.jpg,True,800,1000,JPEG,ac931e33dfafa6697d323b327844d09872376e901a2284a6b53234a272d3b11b,,False,,,,,
meme_005763,rus,data/raw/rus/6184.jpg,6184.jpg,True,800,718,JPEG,38a7872707a32d11513c398532bca86e1a00fd49ddfffa31bb31c28df64d26e1,,False,,,,,
meme_004029,rus,data/raw/rus/4623.jpg,4623.jpg,True,1080,1253,JPEG,95fad1e570a411c3ef353ff541040f080b0a24ecb815b54d3c67d7c5fe380244,,False,,,,,
meme_000217,rus,data/raw/rus/1192.jpg,1192.jpg,True,698,800,JPEG,29cef180a91b99774d00653a5833b3fb112d7af3464a912b79f99d4754dddc8c,,False,,,,,
meme_014564,ukr,data/raw/ukr/1p22hw2fov1d53tDPcs3_aB9vQ_bLSXoq.jpeg,1p22hw2fov1d53tDPcs3_aB9vQ_bLSXoq.jpeg,True,482,353,JPEG,1580df902ea793a7f09dd4e4afaefb8f14911997e02dddf7afc16a888d2cc646,,False,,,,,
meme_015892,ukr,data/raw/ukr/1xcvW2AA8NyjCxVWBIDrpWheqs9fs_Ws2.jpeg,1xcvW2AA8NyjCxVWBIDrpWheqs9fs_Ws2.jpeg,True,1060,1349,JPEG,cf33fb4b330083e023ea402c3541e920d450b59bd7b7ba749cd2e245dccefeb0,,False,,,,,
meme_015003,ukr,data/raw/ukr/1rp122LyXOoM61fSI4sYB-OR9hFpvsN_2.jpeg,1rp122LyXOoM61fSI4sYB-OR9hFpvsN_2.jpeg,True,944,904,JPEG,9de9665967ee763a94f59e40697f4782e092b75749aaa0874bab201b29376a75,,False,,,,,
meme_014031,ukr,data/raw/ukr/1lNpWKFDsdhGPz9Yf5YiREMVAtpxDRgz6.jpeg,1lNpWKFDsdhGPz9Yf5YiREMVAtpxDRgz6.jpeg,True,1280,1172,JPEG,ed5c88d2021849c6c412553c8f483674d5133b572f6162683c8c091e653b8e25,,False,,,,,
meme_003412,rus,data/raw/rus/4068.jpg,4068.jpg,True,800,769,JPEG,89fbc21117c79e0a269c8cbd37b19a5a72e266fdd45a6f8b0b6f24f3664f1a5c,,False,,,,,
meme_008855,ukr,data/raw/ukr/1EgX07NBaC0pQ7XFj1VoUjjFjAiItj7PI.jpeg,1EgX07NBaC0pQ7XFj1VoUjjFjAiItj7PI.jpeg,True,1080,615,JPEG,e9b439e925c3c6121e4fe6992fb3f6c328884fed6c1b127ed0eeb504aced9467,,False,,,,,
meme_004844,rus,data/raw/rus/5357.jpg,5357.jpg,True,660,1198,JPEG,c44539e14d1de850931d11fcfba54e25ad50bf1c278db4d46b03d873355c38e3,,False,,,,,
meme_014037,ukr,data/raw/ukr/1lS-AhnBf0l0O8X8swANLGfXha1AIccWm.jpeg,1lS-AhnBf0l0O8X8swANLGfXha1AIccWm.jpeg,True,1080,852,JPEG,b5ac9e8471c50d6e630e1a62352284f8e4753d080935f784c8ac0f11904a8c59,,False,,,,,
meme_002300,rus,data/raw/rus/3067.jpg,3067.jpg,True,691,800,JPEG,0b4f922c4490e5663544206371d7fb43a2698523602a3d04fe0a7e3ea91d5142,,False,,,,,
meme_000612,rus,data/raw/rus/1548.jpg,1548.jpg,True,640,800,JPEG,1231ac25c9ff4188aa289c351258a1dab0261930ea9e84f674c4cf4c698bc907,,False,,,,,
meme_012226,ukr,data/raw/ukr/1a3kPpF8FQuJRzHbWHIxIdtYoIEisSWLN.jpeg,1a3kPpF8FQuJRzHbWHIxIdtYoIEisSWLN.jpeg,True,403,447,JPEG,73146fd67cd267274161e581f32bd024f6fa0b562e9150b7aef7a234f4430792,,False,,,,,
meme_001513,rus,data/raw/rus/2359.jpg,2359.jpg,True,570,800,JPEG,d5f10cb021f03faebb0127b467944cd4ccaeb4ba45fb34bea6b2f691822b3a71,,False,,,,,
meme_010846,ukr,data/raw/ukr/1RzUHjBH0Nf2bsD_j4GIBPeQ17HmSrm7o.jpeg,1RzUHjBH0Nf2bsD_j4GIBPeQ17HmSrm7o.jpeg,True,1280,750,JPEG,9d687d008a9ceaae1d88577bf100829a7b635bdf3af008a228968305274d770b,,False,,,,,
meme_014548,ukr,data/raw/ukr/1ou6HGrHJYM7xmPAFarOqifJ3O8f_8wnk.jpeg,1ou6HGrHJYM7xmPAFarOqifJ3O8f_8wnk.jpeg,True,1279,1279,JPEG,5c710f95c6c90c9f86f9e4aa591b8e9eac0a0c54c5abdde58eb5790dcd457c2a,,False,,,,,
meme_012243,ukr,data/raw/ukr/1aA4Cy4_HQZBvLLOrpByhO8Kg88qX4JuW.jpeg,1aA4Cy4_HQZBvLLOrpByhO8Kg88qX4JuW.jpeg,True,1050,700,JPEG,3851ea638f0834c07b796c9b7dd04307e40c067f9fdd258844a8875f70b3987d,,False,,,,,
meme_011592,ukr,data/raw/ukr/1WpjYTCgYm1fLPXDTVjephOdmhwX0fy3r.jpeg,1WpjYTCgYm1fLPXDTVjephOdmhwX0fy3r.jpeg,True,1002,676,JPEG,37a60d1c9dee148070f8b8ee2a31d2a4e49dca9df5122ea2f2306eeb3eaf4426,,False,,,,,
meme_008499,ukr,data/raw/ukr/1CMwsCWKTcOe9u3qNR6LMlhOWfjKRA6FU.jpeg,1CMwsCWKTcOe9u3qNR6LMlhOWfjKRA6FU.jpeg,True,453,343,JPEG,7456e58cee0de0a413c973156e021472b241c5ae8b3daf889d7e51aa7239617a,,False,,,,,
meme_015586,ukr,data/raw/ukr/1vYHvLAXXfcqUfwxeWPD_Z68F-wVhXMX5.jpeg,1vYHvLAXXfcqUfwxeWPD_Z68F-wVhXMX5.jpeg,True,1000,750,JPEG,e4c5845fd150c2108b272d35615afbcdb610c473450ed810ca8a38ab95ec10a9,,False,,,,,
meme_009091,ukr,data/raw/ukr/1GE6_b2EicpoC2lsyo9U6GyLeLbsgBnoM.jpeg,1GE6_b2EicpoC2lsyo9U6GyLeLbsgBnoM.jpeg,True,942,1028,JPEG,2fce19deba2945572738c4c5c9291c7aba5af4bb41da81f282c4366a645f494a,,False,,,,,
meme_015833,ukr,data/raw/ukr/1xFb5oOugGfBtgYoX0ACF5EO7_c7qdhZd.jpeg,1xFb5oOugGfBtgYoX0ACF5EO7_c7qdhZd.jpeg,True,2048,1699,JPEG,e2a3be8b4360d719bfd62be96af78de32d9784dd8181899f07d29be5cc97feac,,False,,,,,
meme_013664,ukr,data/raw/ukr/1j4S0LskwleSNvjzoFubN3FS4golNHvNC.jpeg,1j4S0LskwleSNvjzoFubN3FS4golNHvNC.jpeg,True,679,453,JPEG,06a12ad6216899503ddbc3bc70f96af0801368b6e5da8b94486dc378a6dc1add,,False,,,,,
meme_015734,ukr,data/raw/ukr/1wa1BScemzWrhMytTRZkk_WjZqVvhz6ZL.jpeg,1wa1BScemzWrhMytTRZkk_WjZqVvhz6ZL.jpeg,True,1280,1002,JPEG,1201540ee9ceb18ffa2bc196b30d00af3fe01069ce3fbcd273b69c9d0b760e41,,False,,,,,
meme_005460,rus,data/raw/rus/5911.jpg,5911.jpg,True,790,598,JPEG,f6ece2577b45000f60106c7412a798f61956f374db89158234714d7d4abbbe69,,False,,,,,
meme_012970,ukr,data/raw/ukr/1eomhVE7WvjyLG0Ytf3ALgbg20Tl6oi8i.jpeg,1eomhVE7WvjyLG0Ytf3ALgbg20Tl6oi8i.jpeg,True,960,1280,JPEG,51893d9bfc93410ad6c6eb07468ae232b7d97ab4dfa470152e39817ec3d7e790,,False,,,,,
meme_005187,rus,data/raw/rus/5666.jpg,5666.jpg,True,862,1246,JPEG,2de10510bff3d9b0f847e76f34c055d7fa0641f25f25f002d7dc1521fb57c736,,False,,,,,
meme_005640,rus,data/raw/rus/6073.jpg,6073.jpg,True,565,800,JPEG,c9a2084e778a9298c66228650f662c4dab261d26d500560d34e3c5da5c0035b0,,False,,,,,
meme_013579,ukr,data/raw/ukr/1iY3cKqcMFsEwkh6pNofx_dSicd0Kn4-V.jpeg,1iY3cKqcMFsEwkh6pNofx_dSicd0Kn4-V.jpeg,True,1054,1177,JPEG,b1a02866ac90d58f9706541240562ef69b79ad9dbad3e46ba3bfe0e836cf3a44,,False,,,,,
meme_005043,rus,data/raw/rus/5536.jpg,5536.jpg,True,761,800,JPEG,51d3b21b86697061d4ab718d1837b9a3b02eea17b63faf3bc73481acfa74878c,,False,,,,,
meme_000764,rus,data/raw/rus/1685.jpg,1685.jpg,True,1242,581,JPEG,64073ccc26af2164e23e6d2122504c34bebefa65539a13d06fa5777fe795f8ad,,False,,,,,
meme_005684,rus,data/raw/rus/6112.jpg,6112.jpg,True,367,495,JPEG,4d6bc7ebfe23e3688c2824e51a4bb30867dd01023bd4c6012e4cfb403537a319,,False,,,,,
meme_011999,ukr,data/raw/ukr/1ZTEVnTqNX4Yi3Yh6pxBZ0TMrEKvgoDai.jpeg,1ZTEVnTqNX4Yi3Yh6pxBZ0TMrEKvgoDai.jpeg,True,720,673,JPEG,1a72f7372bcb005f9aad7fc5b932188d8978129705c31f69ad38b3520cb20ca0,,False,,,,,
meme_007935,ukr,data/raw/ukr/18TivguOxiSNRR9_bDMVQKKQy6pYhXFWC.jpeg,18TivguOxiSNRR9_bDMVQKKQy6pYhXFWC.jpeg,True,1235,693,JPEG,ead7eda6e593eecb0aa583a2db837923e11a672ecd2b12c83da508a2dd235bd7,,False,,,,,
meme_009053,ukr,data/raw/ukr/1G-OVYYa4dAHTe1fT5wLZeMxYQ0l5NtxR.jpeg,1G-OVYYa4dAHTe1fT5wLZeMxYQ0l5NtxR.jpeg,True,1063,1200,JPEG,61a36d67e3474886195f377c6603353ac9f3a365dd4b8a09ac2baa14760f33d0,,False,,,,,
meme_007074,ukr,data/raw/ukr/12vAoIs8X0kxAriCa0zqL5RSQzqE2XguB.jpeg,12vAoIs8X0kxAriCa0zqL5RSQzqE2XguB.jpeg,True,1272,1590,JPEG,815b1eb3cc06bf4b03c03ccef8f0742e483c6fbfba8ffd6bd43bbc351b8a4680,,False,,,,,
meme_015544,ukr,data/raw/ukr/1vH0tyXOtpWv_l0n4Uqr53Jv3uoZwFJnc.jpeg,1vH0tyXOtpWv_l0n4Uqr53Jv3uoZwFJnc.jpeg,True,864,1024,JPEG,3e3c8e91800f89b3e66e8d2f0130b23cb470dfbde0992739a97a06090dd4a6a2,,False,,,,,
meme_016170,ukr,data/raw/ukr/1zbgmN2Yz7G5k7LKx_o-K2t3Efq_FSmWs.jpeg,1zbgmN2Yz7G5k7LKx_o-K2t3Efq_FSmWs.jpeg,True,531,577,JPEG,8d8cba55f5f63198bfd6f33cdda9218ceba96b182caec150e02e42673d70eba0,,False,,,,,
meme_008607,ukr,data/raw/ukr/1D2wrxcXaM9Mj6zWtB94WQrLB77nTpyzc.jpeg,1D2wrxcXaM9Mj6zWtB94WQrLB77nTpyzc.jpeg,True,1079,1080,JPEG,208371bcbe60fd791e7b8b55623b42722fb97f7214d43fcaad9f2d307aaf8811,,False,,,,,
meme_012746,ukr,data/raw/ukr/1dGZrIE8fL4ZincYaMeChnweVXsMJJFRs.jpeg,1dGZrIE8fL4ZincYaMeChnweVXsMJJFRs.jpeg,True,700,525,JPEG,db6ac23b67bfdb5e83f73c56851c22410a28516458cfa93c24608c356f61b5b1,,False,,,,,
meme_003195,rus,data/raw/rus/3873.jpg,3873.jpg,True,1053,1232,JPEG,252f1783393fbab295fafeb31f20a4838a38554baeb431b2f6ea236e813bcff8,,False,,,,,
meme_006707,ukr,data/raw/ukr/10VyjTg-9-2niM_4KYlVOw-_i1epK_eiV.jpeg,10VyjTg-9-2niM_4KYlVOw-_i1epK_eiV.jpeg,True,720,483,JPEG,487c3502a5854994b323b1bfee639c354f0950be35a79ee3cd6f2256e7fd8f34,,False,,,,,
meme_002914,rus,data/raw/rus/362.jpg,362.jpg,True,1080,1037,JPEG,05610e35f7530fd08f6393c953128690b6d3a40110470d91a2c72d21d138bfdd,,False,,,,,
meme_002391,rus,data/raw/rus/3149.jpg,3149.jpg,True,604,582,JPEG,bfb38caf149870d72b02afdca56cdebf4c31cfdbb8a198c15441792c93a772f9,,False,,,,,
meme_009751,ukr,data/raw/ukr/1KjIlI4mlTrKXpNnMjB6kumaxV42LIqpj.jpeg,1KjIlI4mlTrKXpNnMjB6kumaxV42LIqpj.jpeg,True,1280,757,JPEG,1685dd60c408f42e78a7a02f3ad6e16af8ceae61c9c2e346233419343348220d,,False,,,,,
meme_007196,ukr,data/raw/ukr/13gF4-V7PLqrNBs5pAz3K2MbW8aXkvgPd.jpeg,13gF4-V7PLqrNBs5pAz3K2MbW8aXkvgPd.jpeg,True,1242,818,JPEG,2598f194a03b494f7016ad09f9c3dacb8ef0790496e56d5478b4d4acd3cbb908,,False,,,,,
meme_003992,rus,data/raw/rus/4590.jpg,4590.jpg,True,945,1080,JPEG,26e78fdc48657c4bfc97ea3556c00fb9213991cf73409616cbb4071ab732cd7f,,False,,,,,
meme_004861,rus,data/raw/rus/5372.jpg,5372.jpg,True,495,596,JPEG,6c7dd1100e35943ae5860a6dd67910969066fd4dff916c371d252c1737aaee57,,False,,,,,
meme_004984,rus,data/raw/rus/5483.jpg,5483.jpg,True,667,800,JPEG,bc72bac23736e8a232ba6218038f064c6741b2881fba8c29d14ed94ad27b6062,,False,,,,,
meme_010284,ukr,data/raw/ukr/1O6F2EvSuma_y9xGFbZgAT62L2_bP8C5m.png,1O6F2EvSuma_y9xGFbZgAT62L2_bP8C5m.png,True,714,765,PNG,dbc9e0e737d3c3495a02ca89efd8520814713bafa5b275c582d68e394f204bbf,,False,,,,,
meme_004281,rus,data/raw/rus/4850.jpg,4850.jpg,True,789,800,JPEG,f01a85ba73aa6666ea8c9ac86c44dc4e947126658932bb38fbe696422ebcfa31,,False,,,,,
meme_001622,rus,data/raw/rus/2457.jpg,2457.jpg,True,743,1080,JPEG,d5e61408f6360347c391286d66b8d662a4f8ef31f2f954865be226b766985132,,False,,,,,
meme_014783,ukr,data/raw/ukr/1qYOwUSXLKMwhrDpoI7WBgXYURArkYYo_.png,1qYOwUSXLKMwhrDpoI7WBgXYURArkYYo_.png,True,1208,1196,PNG,856198efbad7969da7674bc25d321212ef2891a8686cfdc9da254e3302a07049,,False,,,,,
meme_009238,ukr,data/raw/ukr/1HCPEcnKlQW0wdO06HCdrohEY07G4Gn3Q.jpeg,1HCPEcnKlQW0wdO06HCdrohEY07G4Gn3Q.jpeg,True,1652,1136,JPEG,d66706ea27ce1df48e9aefb599e06d0c0cade3faefcb31a8012d861a3e53eaee,,False,,,,,
meme_012638,ukr,data/raw/ukr/1cc7RcUBy9qlQPofFyxzmvZP5prlfehqa.jpeg,1cc7RcUBy9qlQPofFyxzmvZP5prlfehqa.jpeg,True,1125,691,JPEG,844b5ac5503fc426c5ceae5e361ced061d779c3f4a376f81c48197e6a5f989d9,,False,,,,,
meme_003112,rus,data/raw/rus/3799.jpg,3799.jpg,True,600,800,JPEG,b1699b7e24a92e85f16126ff05834a826f19e1ef7db18031d019a300280bd6c3,,False,,,,,
meme_012724,ukr,data/raw/ukr/1d7Pkn_BtM_a8e_QAk06hJxXEz2rt5p65.jpeg,1d7Pkn_BtM_a8e_QAk06hJxXEz2rt5p65.jpeg,True,1133,1280,JPEG,f18eecfb58cb7ecbe18ebf253efbfe13760d4940f19e76f22e5a7be8ddbd6e0c,,False,,,,,
meme_004130,rus,data/raw/rus/4714.jpg,4714.jpg,True,749,681,JPEG,587d5d5391228e0d7d6d9df48b3afe797f4d044cacddebbad5646b48b63ba1f4,,False,,,,,
meme_002478,rus,data/raw/rus/3227.jpg,3227.jpg,True,1137,872,JPEG,f1abc90ffa6d5a04b42e2e172fd7eb3ea217e2f270b6971e58a002272fbe289d,,False,,,,,
meme_013378,ukr,data/raw/ukr/1hCFb85HDXwFHLorBU8042wZTMHuDyem8.jpeg,1hCFb85HDXwFHLorBU8042wZTMHuDyem8.jpeg,True,643,1280,JPEG,90c1849a5eb0f35bad96dd3507c535307844c80e9f7e6d5d6f19679aa2b264f5,,False,,,,,
meme_005272,rus,data/raw/rus/5742.jpg,5742.jpg,True,665,526,JPEG,d3ae6651d04ca22f853536f1c13644d7fca219d8e9e81fa6c81aa7876369df7f,,False,,,,,
meme_004059,rus,data/raw/rus/4650.jpg,4650.jpg,True,600,591,JPEG,aa6fb1f3e726d45758b175b3f6a8f515c989dc4fb0fa7b4bda92bbd5aa1bde76,,False,,,,,
meme_006743,ukr,data/raw/ukr/10mag4dwqcxhDLAlHGG8UZo913Pp5nTXO.jpeg,10mag4dwqcxhDLAlHGG8UZo913Pp5nTXO.jpeg,True,870,879,JPEG,24590f4238d0a4e40edcb7852ded765ce03e8a862249627e4f5e163e7472bd4b,,False,,,,,
meme_008132,ukr,data/raw/ukr/19zCTBroNkRSbgd9D4FK7ugzNRpSNyyYN.jpeg,19zCTBroNkRSbgd9D4FK7ugzNRpSNyyYN.jpeg,True,553,669,JPEG,83a26c700c14cb027a57c9e3ac0ecbd3406326fd2fd5ed6e5458f095871abca1,,False,,,,,
meme_003699,rus,data/raw/rus/4326.jpg,4326.jpg,True,640,640,JPEG,dbd7115ea91f9e133620a83c0da7f737fa8ed55c464e5b42c1c7d9aeb462fd78,,False,,,,,
meme_014372,ukr,data/raw/ukr/1ni5vX-KpCuYw6HHwgHYMXS_yjDhZc3T-.jpeg,1ni5vX-KpCuYw6HHwgHYMXS_yjDhZc3T-.jpeg,True,894,1280,JPEG,c452ba3314195b45b6115629de72f17a26e3c558c9c9b6f96131625cf096be79,,False,,,,,
meme_004490,rus,data/raw/rus/5038.jpg,5038.jpg,True,1080,1055,JPEG,ad9811dfb838d514483383baea2547643b1966f804a02edb8884967d40965154,,False,,,,,
meme_008551,ukr,data/raw/ukr/1CiqvRVz9sq1vDCYnnhQCJOcuUGeOvwJF.jpeg,1CiqvRVz9sq1vDCYnnhQCJOcuUGeOvwJF.jpeg,True,847,1280,JPEG,008736c74747d72a541181ea281d69e3ab229d577c7859db47cac3e30eb6ca77,,False,,,,,
meme_004851,rus,data/raw/rus/5363.jpg,5363.jpg,True,735,525,JPEG,0bb798601a89019cc150a8de1a46602d3733d8796be444b6370b4879bf3a1f32,,False,,,,,
meme_014012,ukr,data/raw/ukr/1lEnZjL4F2uvx1q2eHg9Zx6415aylzrGN.jpeg,1lEnZjL4F2uvx1q2eHg9Zx6415aylzrGN.jpeg,True,1138,1280,JPEG,f308a84ff36a507807fe8be80ae76256a022d16f8a432c785303f57db7feba02,,False,,,,,
meme_001278,rus,data/raw/rus/2147.jpg,2147.jpg,True,679,428,JPEG,13c317b3f1d9273fc04da24f2b3bcb54071d59b79625fdf25dc7c95134640e85,,False,,,,,
meme_013752,ukr,data/raw/ukr/1j_lEs_qbo1KipFk_O7WM50ijRqCP6vOH.jpeg,1j_lEs_qbo1KipFk_O7WM50ijRqCP6vOH.jpeg,True,605,610,JPEG,c1fc531e0f58852712e7fb67053720cb290a905485e749126e5133bb7eea1f9c,,False,,,,,
meme_014577,ukr,data/raw/ukr/1p7LG8ydeHRjc2Sz7IJeTsLwGODtEFsyC.jpeg,1p7LG8ydeHRjc2Sz7IJeTsLwGODtEFsyC.jpeg,True,1047,1185,JPEG,68843bc26cb69f7e154d76a1fc55cf6efaa0af6859283ff2f1cfd5f6e2a8effc,,False,,,,,
meme_012309,ukr,data/raw/ukr/1ad9sZEhPZr7v1I0m6fwp_uKrl4_7bDyo.jpeg,1ad9sZEhPZr7v1I0m6fwp_uKrl4_7bDyo.jpeg,True,1279,1075,JPEG,9c60c7184291700b57c04a04c0ec770d91588c310c04301f132f104aff3166d0,,False,,,,,
meme_004195,rus,data/raw/rus/4773.jpg,4773.jpg,True,320,315,JPEG,1ea3b7bf4829714ab0a57d7ba045e83f40f5547b14ffc983caa638ac4b78f476,,False,,,,,
meme_010939,ukr,data/raw/ukr/1S_xJ0MBQlKuhdYZiv_Ey-kR1stjZL5pH.jpeg,1S_xJ0MBQlKuhdYZiv_Ey-kR1stjZL5pH.jpeg,True,1200,917,JPEG,158136b98780a3167d0fefba2b1448eb6803a310bfad964f1b5005583917d0bf,,False,,,,,
meme_007937,ukr,data/raw/ukr/18TweJlfKeuXMqliVDcaexELqrgHkT3db.jpeg,18TweJlfKeuXMqliVDcaexELqrgHkT3db.jpeg,True,591,1280,JPEG,5dc27877b54c6933452f861684f5d3da5cbe17e5ea917aad83a40de38c233628,,False,,,,,
meme_015611,ukr,data/raw/ukr/1vjXOhSZMd5wA_qSTApMRkN75Bs-Jk9aW.jpeg,1vjXOhSZMd5wA_qSTApMRkN75Bs-Jk9aW.jpeg,True,882,845,JPEG,9c8d4ce4ccc9514a0f251e13aaa6c1377e3b8678b6bfbcba0597bed0d1aa68aa,,False,,,,,
meme_009393,ukr,data/raw/ukr/1IJbB24uBZMY3IhU36fjaulEw5sJXng8Y.jpeg,1IJbB24uBZMY3IhU36fjaulEw5sJXng8Y.jpeg,True,1080,1067,JPEG,9b336cb01e2cc9e12f5c025772bbbdc198ebf8eb68a17d2a6d8183160ae83dec,,False,,,,,
meme_006947,ukr,data/raw/ukr/126FpI9oUR0VwM3vl2ymNJ8opFuah_Yup.jpeg,126FpI9oUR0VwM3vl2ymNJ8opFuah_Yup.jpeg,True,401,447,JPEG,5434c91571acd7eb18156c5cb8794bc7156f230a399632f6f9819463a62d3ead,,False,,,,,
meme_011683,ukr,data/raw/ukr/1XVr1jo1gA7Mkalx_yT351a1bpBNeiJt6.jpeg,1XVr1jo1gA7Mkalx_yT351a1bpBNeiJt6.jpeg,True,1200,857,JPEG,0f8b245f85628c3543cbb2a5f1b1872568ff56e6cf15329d96598fffaea4e8d2,,False,,,,,
meme_001670,rus,data/raw/rus/250.jpg,250.jpg,True,465,560,JPEG,9fdf6bb3c788d9fa9fd8f34b8473d485609abdbc2b2b49d2f176d34216e101f6,,False,,,,,
meme_000654,rus,data/raw/rus/1586.jpg,1586.jpg,True,800,770,JPEG,53aefa90f0126e9cd737a28a415355aa8420897b7a704fa324ae0f68e4c9ebce,,False,,,,,
meme_011501,ukr,data/raw/ukr/1WBFpt1i7auDMO8Q4K_DAf272u2U_Z-Ju.jpeg,1WBFpt1i7auDMO8Q4K_DAf272u2U_Z-Ju.jpeg,True,690,584,JPEG,7f78b242d1c59e243b841b1e3f9da7c7d15974989c86d6a5effcecc4cb72f37e,,False,,,,,
meme_006248,rus,data/raw/rus/765.jpg,765.jpg,True,1080,792,JPEG,335ef08ac52a1215f969350a7066ff8dae4eef17a8baa0441284784252352c23,,False,,,,,
meme_015846,ukr,data/raw/ukr/1xKcjKNN2UHzTwZ6hr8p4R_LGH-ajSG9D.jpeg,1xKcjKNN2UHzTwZ6hr8p4R_LGH-ajSG9D.jpeg,True,500,522,JPEG,1d79dd410900a953261be25e56b67938f602f7217e7b63a528702fdf17e0e7a3,,False,,,,,
meme_008929,ukr,data/raw/ukr/1FBx8tagSfZG92LTFKKQs9anFj9YCeQVU.jpeg,1FBx8tagSfZG92LTFKKQs9anFj9YCeQVU.jpeg,True,930,719,JPEG,6498b42566147769ea5bd4fd7099f3ef17d09a193daa1ca632a38b04b029118d,,False,,,,,
meme_016167,ukr,data/raw/ukr/1z_6LyRWOCDyG11v2WXAHRT4X5C5HXAdd.jpeg,1z_6LyRWOCDyG11v2WXAHRT4X5C5HXAdd.jpeg,True,1080,1078,JPEG,4776b6513b66ed838ee9f1abcf8ec01477e5ba0ef131eedf5588df3e2fbd19cd,,False,,,,,
meme_008068,ukr,data/raw/ukr/19VlTBlup3gncqi0Fo1nldMCaYkr5CNbB.jpeg,19VlTBlup3gncqi0Fo1nldMCaYkr5CNbB.jpeg,True,1200,667,JPEG,bf859d9beb187ea342e17dcaa546014a72ce94a280393f6248093cd33cb02f61,,False,,,,,
meme_005397,rus,data/raw/rus/5855.jpg,5855.jpg,True,897,1080,JPEG,6815f39e7b30062114005c20dc8e92e39b4d9d963e17dd76450c8a6f8ea43532,,False,,,,,
meme_009533,ukr,data/raw/ukr/1JETtL8nV1KeQ7vVLnlM_Rn4YJAhEO6OW.jpeg,1JETtL8nV1KeQ7vVLnlM_Rn4YJAhEO6OW.jpeg,True,1125,780,JPEG,f0cab862e2d091673c486414aa530952add8214f1e2895b0bbf21bfdbc091291,,False,,,,,
meme_010679,ukr,data/raw/ukr/1QjsioyLzyjNkkMjGH2fF4g3zAogkLq5z.jpeg,1QjsioyLzyjNkkMjGH2fF4g3zAogkLq5z.jpeg,True,691,910,JPEG,14a8ae59fc5808f39afac247de9383bfb5549a5a1aba25b3f67dbb879d778619,,False,,,,,
meme_005513,rus,data/raw/rus/596.jpg,596.jpg,True,620,681,JPEG,d1c32e30c3b725c2681ceb2bcfa977b12d1a443ba5e1bbcfe687649413179a40,,False,,,,,
meme_012018,ukr,data/raw/ukr/1Z_RK0HrNcsmdn3IC1TYbdiJNLnlUrEpH.jpeg,1Z_RK0HrNcsmdn3IC1TYbdiJNLnlUrEpH.jpeg,True,1024,1280,JPEG,f8f04f06e0e65545f9931a5b493b3425dc7db5735fb2452f57560fb274cf058f,,False,,,,,
meme_014873,ukr,data/raw/ukr/1r6geMOBI2aUSu3e9bTrtyz-gYoZKCgge.jpeg,1r6geMOBI2aUSu3e9bTrtyz-gYoZKCgge.jpeg,True,499,275,JPEG,505c89ea783c3e2cb8880c06e671a020e68683fa530ff9c956f545a4ada99e54,,False,,,,,
meme_011293,ukr,data/raw/ukr/1Uvmjzgk-F4EvsUmLtQNAo-Uu0Hh3z__D.jpeg,1Uvmjzgk-F4EvsUmLtQNAo-Uu0Hh3z__D.jpeg,True,1080,778,JPEG,8b1a10a22dd0ab18ea855a576d2c279f3a5af9dde9ac7b931cab65ea9c80dffb,,False,,,,,
meme_000480,rus,data/raw/rus/1429.jpg,1429.jpg,True,639,692,JPEG,66b872fe5099502767d990ed5e1b9633d654a4fbce5cfe98d3d67146c23aa0ca,,False,,,,,
meme_009641,ukr,data/raw/ukr/1JzqvdUHmDgk7HoGyWxvTT9dKGdzOo_8_.jpeg,1JzqvdUHmDgk7HoGyWxvTT9dKGdzOo_8_.jpeg,True,634,1279,JPEG,faa14d30eb2d341502933ad8b2aa2762ec1b8d87dc2b300bec1a782b50c3a47a,,False,,,,,
meme_009819,ukr,data/raw/ukr/1L7vSziHW7LEyqgVINNiyXF21Z1DZQuQu.jpeg,1L7vSziHW7LEyqgVINNiyXF21Z1DZQuQu.jpeg,True,720,851,JPEG,2294b885347d4adca537a336584eff114992b71b80bc14c38d9b89b57da4e6fc,,False,,,,,
meme_007613,ukr,data/raw/ukr/16Qd26PJRa9-VQ6Z76HdbsVRNAEzRM4hz.jpeg,16Qd26PJRa9-VQ6Z76HdbsVRNAEzRM4hz.jpeg,True,900,561,JPEG,f491b1ac44f340ccb934e5bd278af2886165744a4946a6fc5cfb15c40d185b5b,,False,,,,,
meme_012826,ukr,data/raw/ukr/1dlRdnTrNP-OlWMu6m259yGMMN9H6FtnA.jpeg,1dlRdnTrNP-OlWMu6m259yGMMN9H6FtnA.jpeg,True,695,730,JPEG,5eb5c0cf75820aca2814d1ec1438958936431779879f253c2054190956c215c2,,False,,,,,
meme_000104,rus,data/raw/rus/1090.jpg,1090.jpg,True,640,640,JPEG,2daafafce3dc9ca3421022b95baeaf51496b93f5f045a31f7e213f8c450061d8,,False,,,,,
meme_004744,rus,data/raw/rus/5267.jpg,5267.jpg,True,811,1233,JPEG,c983145258cb73791ae371dbf6ec5361a924fc5e73fba9fe93e8e6a8a81f944c,,False,,,,,
meme_001158,rus,data/raw/rus/2039.jpg,2039.jpg,True,736,728,JPEG,2a013f99247a0057e8b33b98f73b05b6b806e65f449188bddc1a1b4085f7b8f9,,False,,,,,
meme_003422,rus,data/raw/rus/4077.jpg,4077.jpg,True,640,787,JPEG,47846d8e7e5f6a05448079cefdc8e673a252e2e6022a60023815246f097b0560,,False,,,,,
meme_012401,ukr,data/raw/ukr/1bE4aoWyhlnglJyTjr-38T3wtp5FqjMbP.jpeg,1bE4aoWyhlnglJyTjr-38T3wtp5FqjMbP.jpeg,True,906,585,JPEG,2ced9bb27d4b985e433fa44fd33d395d3bf721626ea75214ee3243138be7e3fb,,False,,,,,
meme_001384,rus,data/raw/rus/2242.jpg,2242.jpg,True,1080,1280,JPEG,10d4ab5e08f3196af3e958dcfaf8f8bbc1708a32fd3c3bbd2f2c7800767075d5,,False,,,,,
meme_012303,ukr,data/raw/ukr/1aaLLfP6sQ2UUP4o1b0g4RCQltzWFoZHe.jpeg,1aaLLfP6sQ2UUP4o1b0g4RCQltzWFoZHe.jpeg,True,600,467,JPEG,d652e8835e5ee865ca42481c61243dbc514597f9a2e1fc1600a3b04a22b29fc3,,False,,,,,
meme_005362,rus,data/raw/rus/5823.jpg,5823.jpg,True,800,762,JPEG,75ba92095b3468d092dcad256115bd7f6c9c54c53715b61b4d59cebaec22ff40,,False,,,,,
meme_013633,ukr,data/raw/ukr/1isvKVbhuSdFDKjztKcFw8AdW7Rer6V0X.jpeg,1isvKVbhuSdFDKjztKcFw8AdW7Rer6V0X.jpeg,True,941,774,JPEG,1e3a223b97e59b06883269171dccb278bc5f43f59957d6c926c42586bd337a69,,False,,,,,
meme_011122,ukr,data/raw/ukr/1TnCJK-GFRumNoaSMl_Y6nUUnOW5G3F7U.jpeg,1TnCJK-GFRumNoaSMl_Y6nUUnOW5G3F7U.jpeg,True,2048,1909,JPEG,8faa9842be157e8d94c540d71d287f49bde8b474bc6981f12fc7ebe7ef1f8e7f,,False,,,,,
meme_004157,rus,data/raw/rus/4739.jpg,4739.jpg,True,400,445,JPEG,a971b28db90d596e004b8ea66258d9277e05394fb84572d19b40e3d7b8da9c6a,,False,,,,,
meme_011000,ukr,data/raw/ukr/1T0wyfbOA-s0BgwmNZsjoO8V9tvaOaqmG.jpeg,1T0wyfbOA-s0BgwmNZsjoO8V9tvaOaqmG.jpeg,True,1080,1084,JPEG,8200a82af4d1df115df743040a1d5e150c00cc627d718ef11232a9dd751df58c,,False,,,,,
meme_000648,rus,data/raw/rus/1580.jpg,1580.jpg,True,1080,933,JPEG,e0b75a6e12f26a4636860efdeae0f04232d85d247ce9053e1dbde53aa71f66d1,,False,,,,,
meme_013045,ukr,data/raw/ukr/1fGHYqiPI_cyZptojpKrDQHKCdmvdTmfr.jpeg,1fGHYqiPI_cyZptojpKrDQHKCdmvdTmfr.jpeg,True,781,1279,JPEG,6b4c815bbfcb04f305d1635301b565940c8b85a51041988d4400648631e24558,,False,,,,,
meme_014823,ukr,data/raw/ukr/1qpHrgNCRfEIGAFWgYDyHE51XeYufv2ts.jpeg,1qpHrgNCRfEIGAFWgYDyHE51XeYufv2ts.jpeg,True,1080,1088,JPEG,a8e2a360477a5942719d8cbb0d38ed32a6b97f2a837757114f90aeda47a12225,,False,,,,,
meme_003734,rus,data/raw/rus/4358.jpg,4358.jpg,True,876,1164,JPEG,40e74bcc4a38cf58720f7e8dc4b55f4974acb948054bc70ff33651a52b637362,,False,,,,,
meme_011453,ukr,data/raw/ukr/1Vu4dbnvDuTIpVu1xvuRAcNxleHVC8q1T.jpeg,1Vu4dbnvDuTIpVu1xvuRAcNxleHVC8q1T.jpeg,True,1269,1280,JPEG,303b603053cbf9f4f5379b74cfb9c41b94707b7235b3faede9bf9803aba468a8,,False,,,,,
meme_009922,ukr,data/raw/ukr/1LmyuBR2ZbDhniNQj1B948-FKTN77uEHz.jpeg,1LmyuBR2ZbDhniNQj1B948-FKTN77uEHz.jpeg,True,1331,1749,JPEG,c2ca7140d2b15f4a5391156573f30a8e91505d7af6f0f759afaca1abdb02d99a,,False,,,,,
meme_001458,rus,data/raw/rus/2309.jpg,2309.jpg,True,578,960,JPEG,87a7277128e7b82c41a5de87e94073a5bbcdddddd852685dd02a56f5d594d314,,False,,,,,
meme_012708,ukr,data/raw/ukr/1d1EZH6vwJz17LlxCjiOJglKO416vH8N_.jpeg,1d1EZH6vwJz17LlxCjiOJglKO416vH8N_.jpeg,True,700,458,JPEG,c27333d0f43002e70fab9f1c03074c0b9fdc31e30c2daa077623e749a0444c9b,,False,,,,,
meme_012889,ukr,data/raw/ukr/1eJs3b9h7YafuOZ6JUzbZCT04NnCoHqEV.jpeg,1eJs3b9h7YafuOZ6JUzbZCT04NnCoHqEV.jpeg,True,548,411,JPEG,0970c060d3f8a04c22e035f1c5bf0b212d6efa4a2237e4b9ac6dd9def69f24fd,,False,,,,,
meme_010685,ukr,data/raw/ukr/1QmIfe7UnBCuWP0835r869euB7dGkyx47.jpeg,1QmIfe7UnBCuWP0835r869euB7dGkyx47.jpeg,True,1638,2048,JPEG,8b6d9ca01c14eaa1875dd87c4a913fd33ebcff5c14618ba4fbd9cfb668a9d4b4,,False,,,,,
meme_004964,rus,data/raw/rus/5465.jpg,5465.jpg,True,1280,874,JPEG,f521a39113e063708b57b16dcc28b17305875362c7af80b753f2ad279a7ef7a8,,False,,,,,
meme_012954,ukr,data/raw/ukr/1eiMFLT-_yigsPgisB5bSxlpKxTZwJ0qX.jpeg,1eiMFLT-_yigsPgisB5bSxlpKxTZwJ0qX.jpeg,True,640,640,JPEG,6359fcf3708275511fb8c8d71132ce850d14862f2ee9bfe7082c46749c1f05e1,,False,,,,,
meme_014446,ukr,data/raw/ukr/1oA0GDmpcqqoH0WukepuzmDBbHni7o4b-.jpeg,1oA0GDmpcqqoH0WukepuzmDBbHni7o4b-.jpeg,True,1185,1279,JPEG,7eade67f71b2cec25affd2184ba071abf452e01bdb3c01100ebcc1bb66dab1a8,,False,,,,,
meme_009202,ukr,data/raw/ukr/1H-Bm7aeYLKCekzeJoJKvF6ukpMSZAUVZ.jpeg,1H-Bm7aeYLKCekzeJoJKvF6ukpMSZAUVZ.jpeg,True,1536,2048,JPEG,c5b3a829bff4407b2086b0347166186c98d8f09b8028a8a983a6c57d8a38a8cb,,False,,,,,
meme_005083,rus,data/raw/rus/5572.jpg,5572.jpg,True,590,589,JPEG,3a3be2cb261952e53121ea86e5a2a202b743c3177f22396aaf484ef5687a5bb2,,False,,,,,
meme_013134,ukr,data/raw/ukr/1fimsGFZGEWz0S5peFIvwfQmLSrRolHOW.jpeg,1fimsGFZGEWz0S5peFIvwfQmLSrRolHOW.jpeg,True,1080,783,JPEG,73a05ec6767a83dd7ceb5f03cb1780cd3f17879c8689becedad640360d0e1d91,,False,,,,,
meme_007822,ukr,data/raw/ukr/17lxnAqLu7FQ2X8Cw6Rr8-AlUPaGdjRJp.jpeg,17lxnAqLu7FQ2X8Cw6Rr8-AlUPaGdjRJp.jpeg,True,1080,782,JPEG,8d1eafec6f3f0b3a4776d29e74bbc1ca7ac58417d84b5d49b2351ea243f54855,,False,,,,,
meme_006551,ukr,data/raw/ukr/1-O0r46sIWrzRyEE0NxrMQZ5Yd7qxv4gM.jpeg,1-O0r46sIWrzRyEE0NxrMQZ5Yd7qxv4gM.jpeg,True,1280,1280,JPEG,4c410f49a9f1b2da8a35fac55b36d5a4c7983df7b21ad05715851cca2fe7e08a,,False,,,,,
meme_000884,rus,data/raw/rus/1793.jpg,1793.jpg,True,600,488,JPEG,5a39dabadd1cd02bbc637141cf1047709a10cc533c44359905166d77d40490e6,,False,,,,,
meme_003693,rus,data/raw/rus/4320.jpg,4320.jpg,True,640,480,JPEG,b1fc46838bcaffea878722ff54fac7281ad9c1320eab4e4ab4c7fe9ab2af698c,,False,,,,,
meme_000544,rus,data/raw/rus/1487.jpg,1487.jpg,True,551,604,JPEG,9abe441c414c5a768015010b1937f3d499ed6bf48ef6b8b9ca1e3264a774cfee,,False,,,,,
meme_005419,rus,data/raw/rus/5875.jpg,5875.jpg,True,800,611,JPEG,9ba68c7418f261e1e5b276da2317fd0186daea23e00f9e123a338a0dce23527d,,False,,,,,
meme_015741,ukr,data/raw/ukr/1wda6qKluOFeWnSbzOcJBj_MXoElWlzpP.jpeg,1wda6qKluOFeWnSbzOcJBj_MXoElWlzpP.jpeg,True,367,498,JPEG,cd170146d113cc008407abd896bd4a6f3a36a68311a6b2d75df697136f5295af,,False,,,,,
meme_015495,ukr,data/raw/ukr/1uvOo8s3qmlNYktOcL5A3NJSQxsjKzuFS.jpeg,1uvOo8s3qmlNYktOcL5A3NJSQxsjKzuFS.jpeg,True,1781,1781,JPEG,3660d1d8f780acaeb0937a7571e807c5e720d6b1a1128d8fd73fb956dd22bd16,,False,,,,,
meme_010084,ukr,data/raw/ukr/1MrIz8GghM2um1u603tgv1k0MmFtVy9k6.jpeg,1MrIz8GghM2um1u603tgv1k0MmFtVy9k6.jpeg,True,1094,617,JPEG,cce3f37195ec38469b4d228d04fe7c39de9b4fdae611d35414efdba98defa7f4,,False,,,,,
meme_008184,ukr,data/raw/ukr/1AGtbuWA7x5kBWbkid1wMUncGqZPPqyG_.jpeg,1AGtbuWA7x5kBWbkid1wMUncGqZPPqyG_.jpeg,True,1205,1205,JPEG,715ffb3dc7c235d523c8844e7d56675665abe80405c048bb4362232f7c462ead,,False,,,,,
meme_014156,ukr,data/raw/ukr/1mAzaBxOug35Ybwu-e5AaVWl0bu6u836q.jpeg,1mAzaBxOug35Ybwu-e5AaVWl0bu6u836q.jpeg,True,1332,1666,JPEG,89afc21ca710e54aeb670f7e2ec203854d410f27db12efe4c439af867d9d0265,,False,,,,,
meme_006340,rus,data/raw/rus/848.jpg,848.jpg,True,640,488,JPEG,c5f9fa6dd42cae231bd85a333a596b9e2e9a047a583bd876ee28d8ad2196483b,,False,,,,,
meme_006022,rus,data/raw/rus/6417.jpg,6417.jpg,True,586,451,JPEG,edf3231a140349a32a05402eaf1e368550c4a23d301953b723d0d841c977c0e6,,False,,,,,
meme_016008,ukr,data/raw/ukr/1yQNfXBAujqpxcagJt-TcVlM5CHFLBSX2.jpeg,1yQNfXBAujqpxcagJt-TcVlM5CHFLBSX2.jpeg,True,811,649,JPEG,8301ece553b2febf6a211c4f325cd4d55367a2b81668f54b354523c0e304e7ef,,False,,,,,
meme_000742,rus,data/raw/rus/1665.jpg,1665.jpg,True,382,497,JPEG,212266f6afe4dac8d28fd68fd5d5b533252e199b40062ba6341b4777bfedf53a,,False,,,,,
meme_009695,ukr,data/raw/ukr/1KLRoqz0ndQtSdccl--8ZEoefr-_nq5mt.jpeg,1KLRoqz0ndQtSdccl--8ZEoefr-_nq5mt.jpeg,True,1200,862,JPEG,ab4565f7a4e80e48d0c112891ffad82c74176f3dbd44d750182811a8e84f55eb,,False,,,,,
meme_010512,ukr,data/raw/ukr/1PhUevtLODyHbJXMEXSlgH5c1N1F350i-.jpeg,1PhUevtLODyHbJXMEXSlgH5c1N1F350i-.jpeg,True,1594,2048,JPEG,ebdb5bc315e9040e54d76e81657b830911d35528a5dd02a0ce8f71db043a9180,,False,,,,,
meme_010931,ukr,data/raw/ukr/1SWCNr28OAjhI1uFIDbp_JOOqKFKiq6tr.jpeg,1SWCNr28OAjhI1uFIDbp_JOOqKFKiq6tr.jpeg,True,691,504,JPEG,caad1b2e894a2288f5cfbd654419098892fe8f84c8db2d749ce1fd2e2ec1b3ae,,False,,,,,
meme_008884,ukr,data/raw/ukr/1EuG-oYvwoUrJ2XCmLqrqZrYVO1Q1X38h.jpeg,1EuG-oYvwoUrJ2XCmLqrqZrYVO1Q1X38h.jpeg,True,640,431,JPEG,4a08e3e28018ade715b47aee8343d625c3ed1545dc6da7917afd7777ff09e5d1,,False,,,,,
meme_001982,rus,data/raw/rus/2781.jpg,2781.jpg,True,750,710,JPEG,f9b782a6d394f55da201e3164d7f24fd116500075c62d84c3847ef6b3f88ded2,,False,,,,,
meme_002145,rus,data/raw/rus/2928.jpg,2928.jpg,True,602,800,JPEG,549a6b14076d24c80ce09d8233dd47a725c2d676e45eea65ae1324d1bf0b9e93,,False,,,,,
meme_002849,rus,data/raw/rus/3561.jpg,3561.jpg,True,400,550,JPEG,32a8deb3b0b0b9a07e29a644ec9ef3d8d870afeff949e67e674f06156d2595d4,,False,,,,,
meme_001881,rus,data/raw/rus/2690.jpg,2690.jpg,True,550,800,JPEG,58688533cdd700d8d089560fa1ff61ec395832d7061e01f2602d6e5ab77911a2,,False,,,,,
meme_007812,ukr,data/raw/ukr/17jVmR2mtMOLHxYUXjdk3fOyu8kt2lhwr.jpeg,17jVmR2mtMOLHxYUXjdk3fOyu8kt2lhwr.jpeg,True,720,639,JPEG,ac363425d7ddcda8820b92fc32de391db1cee14393f21be3f9b9ffc362d76ebc,,False,,,,,
meme_009741,ukr,data/raw/ukr/1Kg7z6tDd8cH0tWcHOSZysjrCXja1RqKS.jpeg,1Kg7z6tDd8cH0tWcHOSZysjrCXja1RqKS.jpeg,True,828,976,JPEG,4512a5116fd55f66fff5554b2caf47397713e76b0a74b97fc3a3556125c47fd2,,False,,,,,
meme_012929,ukr,data/raw/ukr/1eYR_C1L3DcCk2on0Qv4zQavMYFVt_gD1.jpeg,1eYR_C1L3DcCk2on0Qv4zQavMYFVt_gD1.jpeg,True,1258,1547,JPEG,0f461df0763b48618d88f43a9d5d7935d69ae2bba2e5fc43588657ec1f8417f5,,False,,,,,
meme_000334,rus,data/raw/rus/1298.jpg,1298.jpg,True,600,600,JPEG,32b89cb144fe496551972c052a17caae0d378f35b805941bdbd596dc039caa37,,False,,,,,
meme_010799,ukr,data/raw/ukr/1Rbc_mgHZSMnvC-PDoP2CTC8Kj_yxXtfS.jpeg,1Rbc_mgHZSMnvC-PDoP2CTC8Kj_yxXtfS.jpeg,True,680,779,JPEG,709fcb5eaab65abe27bd50352716ff333f38c7b08cc0af62faec750dde3686e5,,False,,,,,
meme_012594,ukr,data/raw/ukr/1cMqAgzYFizVJyvZzj9NMNhq4dx4Ir4yJ.jpeg,1cMqAgzYFizVJyvZzj9NMNhq4dx4Ir4yJ.jpeg,True,1064,1217,JPEG,a9f6efb3c35623addc2782c2bb7b2a995cd5d049dd9ee33dcf776530653747f4,,False,,,,,
meme_006127,rus,data/raw/rus/656.jpg,656.jpg,True,488,1080,JPEG,77334192678060be64cb603f3a2c247135f20a9b475e05cb38c23427b588e3d6,,False,,,,,
meme_002287,rus,data/raw/rus/3055.jpg,3055.jpg,True,800,765,JPEG,7b53f164a6f55f56b3829fc215063e3ca38d3f7baccbaffd52c1ae5ab1ca9f0c,,False,,,,,
meme_010672,ukr,data/raw/ukr/1Qh5xYdwoJO2WxnZcZ5qclv0j-UEIVdZ6.jpeg,1Qh5xYdwoJO2WxnZcZ5qclv0j-UEIVdZ6.jpeg,True,1204,1279,JPEG,4b199ad744831fe532bfef8801beb768e2d25ea2e4a5c63fe551f61181419dc1,,False,,,,,
meme_000715,rus,data/raw/rus/1640.jpg,1640.jpg,True,724,705,JPEG,47d5490e7ed8451c6418a6bbb2835573432680fb3cbd9ce14648d44e0eba2a0e,,False,,,,,
meme_004154,rus,data/raw/rus/4736.jpg,4736.jpg,True,972,1071,JPEG,7836e0a7a4e891cca8c1ee94a62848f04c49822a2290d2039045521e59568f73,,False,,,,,
meme_001511,rus,data/raw/rus/2357.jpg,2357.jpg,True,735,513,JPEG,58fa9ecf790cd277493bc4872c6956a6afb618c566a1ae472ed36ca22e73cf73,,False,,,,,
meme_013206,ukr,data/raw/ukr/1g5fZa199IurjXN-bn4oh81lQWrowOLRN.jpeg,1g5fZa199IurjXN-bn4oh81lQWrowOLRN.jpeg,True,681,401,JPEG,da236dbac3a987ff05fa41ced451a777740b7cfba21350c19cecedf9e3090b6c,,False,,,,,
meme_004706,rus,data/raw/rus/5232.jpg,5232.jpg,True,600,360,JPEG,cee17e5e43b461a2b0d862c55f9524e70b3b8ff4ee06a55b377b11c6e0a259ee,,False,,,,,
meme_009057,ukr,data/raw/ukr/1G0V82UqO1ftoxLxo5utqJPoMkWjkSw0u.jpeg,1G0V82UqO1ftoxLxo5utqJPoMkWjkSw0u.jpeg,True,1200,1000,JPEG,3b3da4d6e1ea3882f09ef8b0fd95f4c5374f0b68f185e59940d32611d25558a4,,False,,,,,
meme_000511,rus,data/raw/rus/1457.jpg,1457.jpg,True,638,449,JPEG,9e0dc525da313dd867e2249021fec774fc9ba0a7c18b7b9e9f0dbefb6a594724,,False,,,,,
meme_009932,ukr,data/raw/ukr/1LowDe61f4HB0Y5K3sRupIUm7Q30yHADx.jpeg,1LowDe61f4HB0Y5K3sRupIUm7Q30yHADx.jpeg,True,680,483,JPEG,6206d250051fd8c836124c4416aaf78ac63b0822bfedcd0151e7bce759cdf18a,,False,,,,,
meme_004996,rus,data/raw/rus/5494.jpg,5494.jpg,True,566,800,JPEG,a0ff7f34500ee1981ea2a9d6003c12855e855b9b753841611f9a9a84fa2f7531,,False,,,,,
meme_010001,ukr,data/raw/ukr/1MIcT91UXn0EdqXutnfMfHXDDxKVqL-ip.jpeg,1MIcT91UXn0EdqXutnfMfHXDDxKVqL-ip.jpeg,True,729,1280,JPEG,20deee30c7b1805f11d9073871ff5c93c9d2c14164781c2a8f1c0627b5dfc810,,False,,,,,
meme_008900,ukr,data/raw/ukr/1F-EE0_pAqU9XUYcA-cQE0lQLtCOTHK1j.jpeg,1F-EE0_pAqU9XUYcA-cQE0lQLtCOTHK1j.jpeg,True,411,411,JPEG,0334adaa3ff8a6f5ee1d8422b5d996b5516e89e97395db6d7246853b36ccf874,,False,,,,,
meme_010913,ukr,data/raw/ukr/1SLy8iPisDTCwfDRZOmFLCWwVjBczL3pQ.webp,1SLy8iPisDTCwfDRZOmFLCWwVjBczL3pQ.webp,True,645,800,WEBP,212e8d9ea09e7fd45b72406d397d6976b9e6f25897b64921a8fd706cbc477dbe,,False,,,,,
meme_010334,ukr,data/raw/ukr/1OSv9w-oN7GkjfR6OxHGquZa1ZKlprj-C.jpeg,1OSv9w-oN7GkjfR6OxHGquZa1ZKlprj-C.jpeg,True,797,601,JPEG,128f17d4dba987bd14773df5b7634c39391b6237cc979bec4dffad11995a6752,,False,,,,,
meme_008072,ukr,data/raw/ukr/19YxHHrt72JkY0ycg9xioocQua-haTH1F.jpeg,19YxHHrt72JkY0ycg9xioocQua-haTH1F.jpeg,True,563,434,JPEG,8d3b982c246e5e8b2b9e92448de8992fecbcb60f6a613a35feb046ad911f5d3c,,False,,,,,
meme_000840,rus,data/raw/rus/1753.jpg,1753.jpg,True,633,789,JPEG,23f171891a600f5cadf58a25d34d9d8ef241e82f1db3dce2645c1cff6c482e67,,False,,,,,
meme_009151,ukr,data/raw/ukr/1Ghk8_v-XNPkSfOaIpTwZ4zg796EJdQNX.jpeg,1Ghk8_v-XNPkSfOaIpTwZ4zg796EJdQNX.jpeg,True,498,226,JPEG,9d9747c85712f633aab819865270c0dabb20f08beffb75cd4971e49e59d23f6f,,False,,,,,
meme_013713,ukr,data/raw/ukr/1jPz_iYT3RnyneGtAv3UbwlNNGFkfJVAO.jpeg,1jPz_iYT3RnyneGtAv3UbwlNNGFkfJVAO.jpeg,True,2040,1905,JPEG,9fef80f71476a1117cdc4533eee4e93b81c0222341d5b3483b572f2581aa9792,,False,,,,,
meme_011613,ukr,data/raw/ukr/1WxGpdmf-CqHZivQ-XHXGhcXaVNJnQ7pS.webp,1WxGpdmf-CqHZivQ-XHXGhcXaVNJnQ7pS.webp,True,700,463,WEBP,c99d0bc04177711da84ed65a9a6e018b26df079df23a2d4c874537a50ccec7f5,,False,,,,,
meme_011585,ukr,data/raw/ukr/1WoFDGeJcV30URAmYEfi42AR8fxD-hMve.jpeg,1WoFDGeJcV30URAmYEfi42AR8fxD-hMve.jpeg,True,1101,903,JPEG,5e22033b6d071315f165fcebc3158b38aeaaed562820ce7e498a2e492b919e4a,,False,,,,,
meme_006694,ukr,data/raw/ukr/10R1Usc_vYteETO4QBQaJ8f8mYzwnrIWV.jpeg,10R1Usc_vYteETO4QBQaJ8f8mYzwnrIWV.jpeg,True,1031,1020,JPEG,5be49e843c31d3860cf0b42e0e053141555088f256e73d2121fc15d4eda1784b,,False,,,,,
meme_007418,ukr,data/raw/ukr/1585jwyDYqV3KqfHXNJzfsBDaj2zQJ6gb.jpeg,1585jwyDYqV3KqfHXNJzfsBDaj2zQJ6gb.jpeg,True,968,1007,JPEG,a8d39416ba928bf02ad7f08354982291bd2298365351abe05b244954a0c70639,,False,,,,,
meme_009050,ukr,data/raw/ukr/1FycuJaO4GHUOiaakT2YSVGrxI0utGXV2.jpeg,1FycuJaO4GHUOiaakT2YSVGrxI0utGXV2.jpeg,True,1280,1205,JPEG,76f795f9f7c552b2624d11f8d9f93216c302369bea1f0fa96d360979f920eefc,,False,,,,,
meme_011483,ukr,data/raw/ukr/1W5P1irbfXe4aSKp2Eq0EblVCtSyWZImB.jpeg,1W5P1irbfXe4aSKp2Eq0EblVCtSyWZImB.jpeg,True,1280,525,JPEG,6b17e5cff551a1c9faef12582c501038b87d8dd87a699639e0d977b84c0ba3e3,,False,,,,,
meme_015086,ukr,data/raw/ukr/1sHe-lWl1ciYBIn8Pvrr9P7LzwW8gQq3X.jpeg,1sHe-lWl1ciYBIn8Pvrr9P7LzwW8gQq3X.jpeg,True,800,712,JPEG,651f5a9915d3fe421d1b2abf1531892770429c4d96eb754dcda866cfc7680828,,False,,,,,
meme_003670,rus,data/raw/rus/430.jpg,430.jpg,True,595,800,JPEG,70aea102297019f5e9602196a7a7b1ee40ab3712c5ffddaee273082a33f3989b,,False,,,,,
meme_015026,ukr,data/raw/ukr/1rxIefioNcm8UO8dnbspy4ITUeXxQvqvi.jpeg,1rxIefioNcm8UO8dnbspy4ITUeXxQvqvi.jpeg,True,954,1280,JPEG,c2d20c1877e1cbbf86cbcae0a6be247de3d79be2562d08aba34250fe90946665,,False,,,,,
meme_006886,ukr,data/raw/ukr/11iq4rSsp1dko_-hxX4_BZNtjQYtj304k.jpeg,11iq4rSsp1dko_-hxX4_BZNtjQYtj304k.jpeg,True,613,726,JPEG,337724ba9145d553ab4265f952e23ddabb144b01f785a270a02d2695346f9a36,,False,,,,,
meme_000745,rus,data/raw/rus/1668.jpg,1668.jpg,True,600,600,JPEG,188d79ef35cfb40b3d77c07e3c84684bdcf127e06ec8c815c9f00605183017d8,,False,,,,,
meme_001966,rus,data/raw/rus/2767.jpg,2767.jpg,True,503,762,JPEG,17f209947d86bde779d99ae478353d18bd6b36c00a0e51eda0364d48c8c1c6c1,,False,,,,,
meme_014174,ukr,data/raw/ukr/1mIh4iW3H0fByIZjaNv8rFuzOgN3zZoFC.jpeg,1mIh4iW3H0fByIZjaNv8rFuzOgN3zZoFC.jpeg,True,810,537,JPEG,2b68070b3f80c544e6f917f948a82192f551f064e2a9670d7da4ea9c77accdf1,,False,,,,,
meme_007273,ukr,data/raw/ukr/145yySX0Cfo41_KOKtYGQ716m6RKcBqLs.jpeg,145yySX0Cfo41_KOKtYGQ716m6RKcBqLs.jpeg,True,900,854,JPEG,401716d7f8e1363e37215f437d494ea61daf4164c12315533d233f2f34b8ca91,,False,,,,,
meme_013758,ukr,data/raw/ukr/1jbb6wZLVILUVQ-yB5ciNBpF_aoyOMbVP.jpeg,1jbb6wZLVILUVQ-yB5ciNBpF_aoyOMbVP.jpeg,True,972,2160,JPEG,b5b8e8a68f47396c6d108fe20c794fa6de7167fc809a1c60080defabc0318eef,,False,,,,,
meme_001143,rus,data/raw/rus/2025.jpg,2025.jpg,True,600,749,JPEG,9c7749c43d8d3a59cf7c400f0d976cee2c432bb870c5c4dbd15c5a29c2d2d936,,False,,,,,
meme_003617,rus,data/raw/rus/4252.jpg,4252.jpg,True,891,1280,JPEG,52abbe1d71c842cdbe6ee1b508cac691f42a19231883928937e37e70bc615a75,,False,,,,,
meme_003482,rus,data/raw/rus/4130.jpg,4130.jpg,True,562,699,JPEG,8d8983c83c627f0e9c8d4fa6074af23d9344d9a7f59b0ae7246986e54d92d37f,,False,,,,,
meme_001207,rus,data/raw/rus/2083.jpg,2083.jpg,True,1175,1280,JPEG,814de6117653c484bed60c22003cf70602323e85afa1abb391c8b53b3a651e61,,False,,,,,
meme_015371,ukr,data/raw/ukr/1uH0N1YqZCI_2_PxVZgM6dQyQ5myhag8l.jpeg,1uH0N1YqZCI_2_PxVZgM6dQyQ5myhag8l.jpeg,True,831,730,JPEG,ec5bb7fe22d4d7c2362c9528745e0db1928a1a6c454522e70c415f1d0105e04c,,False,,,,,
meme_015395,ukr,data/raw/ukr/1uRO6ab-o1W9X5rYCaag0-1rgzbI719Jk.jpeg,1uRO6ab-o1W9X5rYCaag0-1rgzbI719Jk.jpeg,True,861,1280,JPEG,db1fb00129c1661c94c10575ddc45f12644e1647c04c2c82a3427d677d3da5cb,,False,,,,,
meme_015747,ukr,data/raw/ukr/1wfzgrLEmId1DSTMEKsecTCpPVRiTd5Cf.jpeg,1wfzgrLEmId1DSTMEKsecTCpPVRiTd5Cf.jpeg,True,1146,836,JPEG,53db7210f9541a2375a0a88ab758506f7a646cbbe53332ab7a531d79736d6c37,,False,,,,,
meme_008280,ukr,data/raw/ukr/1AvtD5fV8nQntoc45rGgDruCPUQbmhusi.jpeg,1AvtD5fV8nQntoc45rGgDruCPUQbmhusi.jpeg,True,900,1117,JPEG,aba44d4f63274f1543c08a51dfe2c5126763ab7507bbc6c823c891722c668cc4,,False,,,,,
meme_004527,rus,data/raw/rus/5071.jpg,5071.jpg,True,473,574,JPEG,b42ee1389ac3f0b7e8738c7f20922351f5eb16c2ce7154c55e574491c770833b,,False,,,,,
meme_010496,ukr,data/raw/ukr/1PbequV7SR7X6D8UQBHxJRh7RM4clTY7I.jpeg,1PbequV7SR7X6D8UQBHxJRh7RM4clTY7I.jpeg,True,1080,1140,JPEG,8bd667640153a813a6f97f7af39df229c1dfba1bb1ece61d4257eaf4ebe3a134,,False,,,,,
meme_007200,ukr,data/raw/ukr/13iFOOFiTRC3h6KGPrlNdO9tIHQQQPTdQ.jpeg,13iFOOFiTRC3h6KGPrlNdO9tIHQQQPTdQ.jpeg,True,884,960,JPEG,baff153628be38ac7bd1eb7887082d75e61c6f96d6fd508cce93c1e5fdad81a5,,False,,,,,
meme_004916,rus,data/raw/rus/5421.jpg,5421.jpg,True,604,513,JPEG,4887999ee148165c6371bacf419176b59a56a39e3d683b3ce7fb1f98f215f026,,False,,,,,
meme_008240,ukr,data/raw/ukr/1AbB2cl62hkvu0LOwWIwYLeF8gftNqDuk.jpeg,1AbB2cl62hkvu0LOwWIwYLeF8gftNqDuk.jpeg,True,1100,1396,JPEG,cce647e1052896b26d5d9ba089fa38ec6634421b98cb732692ace84f73b91ccc,,False,,,,,
meme_000531,rus,data/raw/rus/1475.jpg,1475.jpg,True,800,795,JPEG,c03e22b6c313300948c6940ef42ff7accdab1956d28eae7b378a84d5280d9635,,False,,,,,
meme_015378,ukr,data/raw/ukr/1uK8WkGzgWYxdiAQfI20Nm2AG5lu3dpxc.jpeg,1uK8WkGzgWYxdiAQfI20Nm2AG5lu3dpxc.jpeg,True,1920,1080,JPEG,6a7a0662d44ea9d70450ff032f8bda2083318ef23cf5b56d80779a07ce9881fc,,False,,,,,
meme_004732,rus,data/raw/rus/5256.jpg,5256.jpg,True,800,595,JPEG,7afd484d2608963cec7f21eab384147025ae09aaf2dc1295a346c4785c591613,,False,,,,,
meme_010141,ukr,data/raw/ukr/1NApHRMIAvNuDxbyaJJBPzPU6dIhLs3va.jpeg,1NApHRMIAvNuDxbyaJJBPzPU6dIhLs3va.jpeg,True,758,800,JPEG,5fa22741dd9fd26216ac3ee6b271e05f360e307f3bf514e5456cf04b6ada1346,,False,,,,,
meme_013214,ukr,data/raw/ukr/1g9DjomvFbF9MvFa2z-qGHFzi1jjLZIy9.jpeg,1g9DjomvFbF9MvFa2z-qGHFzi1jjLZIy9.jpeg,True,720,585,JPEG,64d808e87decd926671998bdbdfae5c72f4540c787bed95cb3e67fd1f94111aa,,False,,,,,
meme_004221,rus,data/raw/rus/4797.jpg,4797.jpg,True,773,1280,JPEG,af9e26a586aa93a5646980fc65a2d9da28c190f6611d1aab3ad46f6402f936af,,False,,,,,
meme_011145,ukr,data/raw/ukr/1TxcNaboZmGqAARaJYJKQRE9MJfZioGnP.jpeg,1TxcNaboZmGqAARaJYJKQRE9MJfZioGnP.jpeg,True,288,435,JPEG,5e98685cd6d7281b49b3d9cbb7f9eb7d81586fc994202b02eaed8a74bb9e4797,,False,,,,,
meme_010047,ukr,data/raw/ukr/1MaGlCFJRpK4K0GIcYDhiyIftezh4MOj4.jpeg,1MaGlCFJRpK4K0GIcYDhiyIftezh4MOj4.jpeg,True,1128,1420,JPEG,43004321365ca905e7d53f7ffcc18a1d344c683ea491e586ed3df0d656665768,,False,,,,,
meme_002526,rus,data/raw/rus/3270.jpg,3270.jpg,True,863,1280,JPEG,9f423f240b7964690c6bf24ab7df79d3e4763eb0c7ee0776321d9a4e403756b8,,False,,,,,
meme_013216,ukr,data/raw/ukr/1gAAKTntsEWGRV7TAhg7WyBBhzpY_D5U2.jpeg,1gAAKTntsEWGRV7TAhg7WyBBhzpY_D5U2.jpeg,True,460,540,JPEG,9f3364abf3b4d11f0d9e1876d6fb1e48a0c375fb855c051f043b3e2579c0d046,,False,,,,,
meme_005497,rus,data/raw/rus/5945.jpg,5945.jpg,True,368,604,JPEG,084aeeb24893449836db935cc1f6831175024a7b769a0ab3f32a205f411eca7d,,False,,,,,
meme_006224,rus,data/raw/rus/743.jpg,743.jpg,True,752,609,JPEG,9f4986606243ded51d1a7ef402ea6821db4a7ba4326a06dc20dbdbf66a904e2f,,False,,,,,
meme_015315,ukr,data/raw/ukr/1twKD4gL-bHqokdU_y_zN60jeeJ152GVI.jpeg,1twKD4gL-bHqokdU_y_zN60jeeJ152GVI.jpeg,True,998,792,JPEG,c73ba4d30573e37b64dcd05bf9882b8b2eea87c341c598babe01fb9025cc14e7,,False,,,,,
meme_015677,ukr,data/raw/ukr/1wCfP-KtMDQZPzRDOcCD0UqcTfdqxopZX.jpeg,1wCfP-KtMDQZPzRDOcCD0UqcTfdqxopZX.jpeg,True,1031,1122,JPEG,5f5efb090e23aff78ab7c6ae26ced4c1cff5e91f813db37c0e38c9a7e198e103,,False,,,,,
meme_009851,ukr,data/raw/ukr/1LIJxg8nBlcjIUNcyapIVMZvGsv-Z86N5.jpeg,1LIJxg8nBlcjIUNcyapIVMZvGsv-Z86N5.jpeg,True,1070,1603,JPEG,5c8b7882a99104dc49b95dbabd8e02322c54d9ad3d1738e75646d0c161025ccd,,False,,,,,
meme_005959,rus,data/raw/rus/6360.jpg,6360.jpg,True,320,267,JPEG,81e0009f6bb4bed27bfd4a4cdac72718a4b3bc907c2bdadae9c6437f6ada8227,,False,,,,,
meme_014019,ukr,data/raw/ukr/1lIHsZZaOu_VVbMIV0iaYS63jFUGADhJq.jpeg,1lIHsZZaOu_VVbMIV0iaYS63jFUGADhJq.jpeg,True,1018,1269,JPEG,2b4d90975517faa434594db3a887590f5a81c88b2dedbe6cf9fa4fc5447fa360,,False,,,,,
meme_015864,ukr,data/raw/ukr/1xQq4x6NK3UX8m11coCMPMRZvnjSOZc_9.jpeg,1xQq4x6NK3UX8m11coCMPMRZvnjSOZc_9.jpeg,True,1136,1280,JPEG,51277a50d6b176c8028042d03e54c622e70b98c9d2b7b15c8a7dbddbe1893487,,False,,,,,
meme_006661,ukr,data/raw/ukr/10Dtfyt5fPBoDFKy2U4wfVj1JgTQSFnFt.jpeg,10Dtfyt5fPBoDFKy2U4wfVj1JgTQSFnFt.jpeg,True,660,751,JPEG,2b9d31edc10a28388a7e2d8d222f0c886b87517251812abb9d52e5f3fc7f7478,,False,,,,,
meme_002413,rus,data/raw/rus/3169.jpg,3169.jpg,True,450,321,JPEG,8d3efe3d1d4f11d658be4e3b6d4acb23b30a55ad9de3b60ba589521c4747094a,,False,,,,,
meme_013514,ukr,data/raw/ukr/1i1MZ5MoY95QC_5OfNKZSXk3sSNCniWR8.jpeg,1i1MZ5MoY95QC_5OfNKZSXk3sSNCniWR8.jpeg,True,811,629,JPEG,55ce10cd68ea4d0fd4e1515f16f3e55bdfbd23f41bcc4015d7a53a938ffb69c5,,False,,,,,
meme_007143,ukr,data/raw/ukr/13NUwdu25fmcx7Ewm0c4cg6W99FchB9hz.jpeg,13NUwdu25fmcx7Ewm0c4cg6W99FchB9hz.jpeg,True,1170,1032,JPEG,1893ee564a89aa73cf8466be089217465fddd535b3da7597cf2abc51985bccbb,,False,,,,,
meme_007461,ukr,data/raw/ukr/15ODG32PBeWY03atiLmGU0yF6DNJ1Bi-j.jpeg,15ODG32PBeWY03atiLmGU0yF6DNJ1Bi-j.jpeg,True,1080,1583,JPEG,607ce767bfe459194ad5e956481cf18a2c1aad0fc9da106a5fcf80bb8fd6bfb2,,False,,,,,
meme_011251,ukr,data/raw/ukr/1UcIuG-aLSgfVB13Wem0FSd35_xDHK1NQ.jpeg,1UcIuG-aLSgfVB13Wem0FSd35_xDHK1NQ.jpeg,True,496,566,JPEG,56c8bd0ec838500b349466940ab269f4e8fdffa9da936793d0635a2f4147614f,,False,,,,,
meme_008319,ukr,data/raw/ukr/1B9EVhO7AYajYg7L2gQA991fx-Tnxj6yS.jpeg,1B9EVhO7AYajYg7L2gQA991fx-Tnxj6yS.jpeg,True,2000,1703,JPEG,249d89a9bdc3ac601aaefcbf6001196599c7538d4ba118b9ae777aba7e3d7639,,False,,,,,
meme_002944,rus,data/raw/rus/3647.jpg,3647.jpg,True,1080,885,JPEG,1276610ce23fc2aafe523fb62cdc8ac556b151789c86d07fd666099ca68943af,,False,,,,,
meme_001333,rus,data/raw/rus/2197.jpg,2197.jpg,True,604,460,JPEG,91d3b0cfea9350b2c7d1d2acc5499980a6089706fd95a081fb7b7f54bfc9fcc2,,False,,,,,
meme_014851,ukr,data/raw/ukr/1r-U1CammekMaLrqGVsXex8gucX2Anxwq.jpeg,1r-U1CammekMaLrqGVsXex8gucX2Anxwq.jpeg,True,632,420,JPEG,cd8108ed6eb3422d2cb59343b69fd47c72fd27b7792ddda2fe39e331f6f6f3b1,,False,,,,,
meme_013616,ukr,data/raw/ukr/1ikhr_DCqTBsQr043YS-VJWfac4msQhxD.jpeg,1ikhr_DCqTBsQr043YS-VJWfac4msQhxD.jpeg,True,612,381,JPEG,3ffdd16eddecd9c7c7b7ee9de8077371e6e8598cf1652f23272e48cff1e4e198,,False,,,,,
meme_005422,rus,data/raw/rus/5878.jpg,5878.jpg,True,800,765,JPEG,4e9c656902743c97a6af1d85e8e630fa05ebc4aaf2cd8b036afd3953657ef010,,False,,,,,
meme_002877,rus,data/raw/rus/3587.jpg,3587.jpg,True,1000,1041,JPEG,b0a83002b4d6b748720fda2278acfd1f5715cb78e01b71236ee349a6d3c01235,,False,,,,,
meme_013692,ukr,data/raw/ukr/1jH14XJYZTYmN33NqSqro5ZHCD1zMkwRX.jpeg,1jH14XJYZTYmN33NqSqro5ZHCD1zMkwRX.jpeg,True,1250,696,JPEG,598b61311835627471d95ac72a3a8b344ba66632350cda1780bed138d3f83e65,,False,,,,,
meme_007239,ukr,data/raw/ukr/13umeIgm7qmyv_by2cTsAKTxsNQAgUV__.jpeg,13umeIgm7qmyv_by2cTsAKTxsNQAgUV__.jpeg,True,784,806,JPEG,255a516ccbec041cc986917f8fee7a29e7adf6f2690270c43a8fcb66edf41341,,False,,,,,
meme_003275,rus,data/raw/rus/3945.jpg,3945.jpg,True,674,800,JPEG,247bffabd2297820de34f7ad1bee945a138ad884dcde3fa95f7975a121fa8eb0,,False,,,,,
meme_008058,ukr,data/raw/ukr/19SAhBksUsqycHdlWOQFuKijr_PlgXc_-.jpeg,19SAhBksUsqycHdlWOQFuKijr_PlgXc_-.jpeg,True,500,375,JPEG,6f2c51c3fed87725ab5b50e411fc5b2f6d10848060202bdb84479a66e11733e8,,False,,,,,
meme_007524,ukr,data/raw/ukr/15obNb5fMG2JCA7IxGJiCsOm8Xf14abMW.jpeg,15obNb5fMG2JCA7IxGJiCsOm8Xf14abMW.jpeg,True,972,1280,JPEG,7bd7d65ed0968fc83a77681d46005ea09c8c4b085074368f4dffb4aa25d50f80,,False,,,,,
meme_007454,ukr,data/raw/ukr/15L7GZMzNfMPIZZot9VkuIM842nYINFnC.jpeg,15L7GZMzNfMPIZZot9VkuIM842nYINFnC.jpeg,True,1080,1177,JPEG,6558502bfa0724fd1d3ded297eb48ffeb4e4ec44e433479d8422f58d07f52a73,,False,,,,,
meme_003466,rus,data/raw/rus/4116.jpg,4116.jpg,True,1080,982,JPEG,9072595105864570a7d8218fafcc46dca6a5320a2fe5c4a9e5f12aa13c426bdc,,False,,,,,
meme_005639,rus,data/raw/rus/6072.jpg,6072.jpg,True,668,800,JPEG,9d26bf65e271782d30ccb04ae4041825b005c1bb84fd380f8947b3ec4beb83ae,,False,,,,,
meme_008710,ukr,data/raw/ukr/1DmZNXWPZHZWyERW1jdfBH3kEUYCMyMgq.jpeg,1DmZNXWPZHZWyERW1jdfBH3kEUYCMyMgq.jpeg,True,680,675,JPEG,a53e81bab5c351aefc3f70056fe00e2dda8c3603990af928e434baf8345d471d,,False,,,,,
meme_005993,rus,data/raw/rus/6391.jpg,6391.jpg,True,1280,1270,JPEG,0fda2f0d53b0a3f6e7d44aac8165a844af27774ea13fae199e570e7ce035fdcf,,False,,,,,
meme_002118,rus,data/raw/rus/2903.jpg,2903.jpg,True,781,720,JPEG,e6f1505fd3aacb9b178fa660575f9aca54ff982b66cf5338caf7198e2e470361,,False,,,,,
meme_016031,ukr,data/raw/ukr/1y_3ScfX9BWmBU0dwzOOVq95i8RX6_sfZ.jpeg,1y_3ScfX9BWmBU0dwzOOVq95i8RX6_sfZ.jpeg,True,1024,801,JPEG,0d848bc3fddee2ab18594883436b574466e65354fdb87261ab3e892057134203,,False,,,,,
meme_011125,ukr,data/raw/ukr/1Tnj2Qz4sfk9bNjpeT6p0X3cixsOI0tdz.jpeg,1Tnj2Qz4sfk9bNjpeT6p0X3cixsOI0tdz.jpeg,True,1024,1280,JPEG,6174e21f76270018d200dc5510ff067cc7e049d85490c7040abd3b28edfdfe82,,False,,,,,
meme_004562,rus,data/raw/rus/5102.jpg,5102.jpg,True,604,468,JPEG,9f2cb166c9fe38f2119cf6dca35f1dfffc3b47e72b23a2478383ddf878044879,,False,,,,,
meme_003480,rus,data/raw/rus/4129.jpg,4129.jpg,True,714,744,JPEG,63f504a41aac9c4d46158a54869d0494632acc8d18973d2afb47571a6a36754f,,False,,,,,
meme_010348,ukr,data/raw/ukr/1OZp9TkGzRR8ZZ5oAP6fFpxVw_4VEMZtq.jpeg,1OZp9TkGzRR8ZZ5oAP6fFpxVw_4VEMZtq.jpeg,True,526,642,JPEG,9aa88cf3384268229ee0114920b22194d4efbffca043760cea7a2ceca17188fa,,False,,,,,
meme_001184,rus,data/raw/rus/2062.jpg,2062.jpg,True,700,1166,JPEG,836b0cfaf2b82a042939d47004e2b52e387c4fb529718bb0dce7e2f6a7f44e68,,False,,,,,
meme_012118,ukr,data/raw/ukr/1_MYSmWzf-yRmd9JDlJ4quLMLaTC68icG.jpeg,1_MYSmWzf-yRmd9JDlJ4quLMLaTC68icG.jpeg,True,720,889,JPEG,df8cd95753e9a730b9cc1b58e4f80d022836a6b2d780b9587fd4e1dbb33ac9a9,,False,,,,,
meme_009025,ukr,data/raw/ukr/1FqGUrpiKBo4cWcvCV-NbQ0eMChhCQIZO.jpeg,1FqGUrpiKBo4cWcvCV-NbQ0eMChhCQIZO.jpeg,True,666,1088,JPEG,52089bce13329bf9fb109b1b85a4db80c504e25b9229a4472836a9837523ef4d,,False,,,,,
meme_015590,ukr,data/raw/ukr/1vZQ365347Nkz73evOV82AWCi1pm-ofk_.jpeg,1vZQ365347Nkz73evOV82AWCi1pm-ofk_.jpeg,True,1279,1260,JPEG,4b676a6b07d6edc3d53cbbf07ff681dd98810e7d115cd426ab3b45f5abf78fc7,,False,,,,,
meme_003061,rus,data/raw/rus/3752.jpg,3752.jpg,True,593,800,JPEG,991c93a4915cc88787dda7184b4b7b482fa1dbc82adb699a18d6b5059e2fbe99,,False,,,,,
meme_007189,ukr,data/raw/ukr/13exBVXyrHxarbLQMIe7DFtFvmTyB0Z16.jpeg,13exBVXyrHxarbLQMIe7DFtFvmTyB0Z16.jpeg,True,1508,1840,JPEG,c52f10e94705d7f4c03cc881dd89d64b9eaf1d1bd015d41fae87a8995844edd4,,False,,,,,
meme_007417,ukr,data/raw/ukr/157CUX8hxkTwRmq7eJpYqsL26g8g7uDsj.jpeg,157CUX8hxkTwRmq7eJpYqsL26g8g7uDsj.jpeg,True,1056,821,JPEG,5369fe15ea9a2d717b9262b8166dc809a0df8e5ff108648cb058739ddb4d6764,,False,,,,,
meme_009040,ukr,data/raw/ukr/1Fx-8CP7mYGYgHyfdYjRz2Sxya4yZ2Ezu.jpeg,1Fx-8CP7mYGYgHyfdYjRz2Sxya4yZ2Ezu.jpeg,True,1023,1150,JPEG,3bc17704a148220b25f86c3142d213cf014f4d246d41e8599b74ed55d92de60c,,False,,,,,
meme_008328,ukr,data/raw/ukr/1BCbB36LFRuE7DgKhTLzydFqwplGpZboS.jpeg,1BCbB36LFRuE7DgKhTLzydFqwplGpZboS.jpeg,True,866,387,JPEG,5429bd3b3e01fd208e2c315af9436835b845666b3570b681031244b4b2fdc678,,False,,,,,
meme_016028,ukr,data/raw/ukr/1yZ21poqa6xkIDy6kwiIZsrWQPJt9N7Dl.jpeg,1yZ21poqa6xkIDy6kwiIZsrWQPJt9N7Dl.jpeg,True,894,1280,JPEG,a0b6f204cf3b216356513c559e6e289c0b682f24de796b4010b0c9d665e3a15a,,False,,,,,
meme_012888,ukr,data/raw/ukr/1eJm86aeQVxFVWfdcOCXhcSFS7LQnRWTL.jpeg,1eJm86aeQVxFVWfdcOCXhcSFS7LQnRWTL.jpeg,True,681,681,JPEG,35d5b1d0844be68451a4d755748fd919008df5365b11dffe765702cf193072f5,,False,,,,,
meme_010565,ukr,data/raw/ukr/1Q5eoTKUMYXp9ULl3Zckw5tjRQFyzGTPk.jpeg,1Q5eoTKUMYXp9ULl3Zckw5tjRQFyzGTPk.jpeg,True,387,448,JPEG,694bc84b980e8e2e08019ace6e0a7a4520530ececeaea0ea9c1b9de865b65aca,,False,,,,,
meme_005956,rus,data/raw/rus/6358.jpg,6358.jpg,True,800,799,JPEG,14fd001ca6f17ccfb5ed9e5a2c34f0954a226727dc019057540486a11b19950f,,False,,,,,
meme_008138,ukr,data/raw/ukr/1A-cihVsP7tu8VHPba7zRWkUujJ00W-qc.jpeg,1A-cihVsP7tu8VHPba7zRWkUujJ00W-qc.jpeg,True,1025,1280,JPEG,93eed05bd12cddf6d3100bbc2f50e37923b09adf1f2d62fccd36a2d524b9823d,,False,,,,,
meme_008249,ukr,data/raw/ukr/1AgiTsbp0fnY4hc18ovNKv_SKAG7I_eMz.png,1AgiTsbp0fnY4hc18ovNKv_SKAG7I_eMz.png,True,648,620,PNG,a4fe120d8285362260ee1fdc059114ca7fa9e4c04181f15c2ca7bc9bf369bffe,,False,,,,,
meme_007780,ukr,data/raw/ukr/17XaoWvBCMUdWlJyYjg_Ru28Lcd1feiG4.jpeg,17XaoWvBCMUdWlJyYjg_Ru28Lcd1feiG4.jpeg,True,811,869,JPEG,d84a7f99c0be63b9263da1d7d239dd4bc77e377fbaa63ae987dae0b571c2dd6f,,False,,,,,
meme_001058,rus,data/raw/rus/195.jpg,195.jpg,True,700,619,JPEG,1f2c541668c78fdfc46d6a365ad27eea388f11bc22f481c76bcec6fa0893ff4f,,False,,,,,
meme_012006,ukr,data/raw/ukr/1ZVOLTY7N4Osnl6r3uBBmKiggrirLRuB3.jpeg,1ZVOLTY7N4Osnl6r3uBBmKiggrirLRuB3.jpeg,True,1080,1080,JPEG,049cb9f2b4c507086d9f5d523eff519c00235172201827032fe5ad2734966d36,,False,,,,,
meme_015118,ukr,data/raw/ukr/1sWNtuhviPcZPycAUuynqVyfkYr2k7J7N.jpeg,1sWNtuhviPcZPycAUuynqVyfkYr2k7J7N.jpeg,True,1200,892,JPEG,51d6223bb4fe285ab1b2482cb37eef578b79db7c708ba7dc2a134b45c74d9013,,False,,,,,
meme_013500,ukr,data/raw/ukr/1hz2uYLI_tlgonkxy4HDbve6ETaGUoW4y.jpeg,1hz2uYLI_tlgonkxy4HDbve6ETaGUoW4y.jpeg,True,640,640,JPEG,e7fe552d034d20f167920ee2eddf65a1768468e62c3edbf70985db586e98898c,,False,,,,,
meme_010767,ukr,data/raw/ukr/1ROVn5H9Z_g2kDtJmUJDd0kZine_Xwr1k.jpeg,1ROVn5H9Z_g2kDtJmUJDd0kZine_Xwr1k.jpeg,True,500,672,JPEG,60a0910ccb5173b60d3a12e097819de67ca1eba49bc989020977a093cd58a087,,False,,,,,
meme_013111,ukr,data/raw/ukr/1faqG6f-71gOAMVl7WJtvfUwpWu1cz8gI.jpeg,1faqG6f-71gOAMVl7WJtvfUwpWu1cz8gI.jpeg,True,1265,1243,JPEG,c8cfcc8782bbbee0099b30a5f035f14a29290854414b602a4010ae9701628e65,,False,,,,,
meme_008688,ukr,data/raw/ukr/1DdDap16ra7yaoCDnJGnX06ex-4kO7-O4.jpeg,1DdDap16ra7yaoCDnJGnX06ex-4kO7-O4.jpeg,True,680,526,JPEG,b72d06d0219bb7b06c3235b458dd8d13f12feb75090c8045b2e5ae94c8e0a72c,,False,,,,,
meme_000622,rus,data/raw/rus/1557.jpg,1557.jpg,True,557,632,JPEG,079a0b0bacf92be34173cd403c77e25de555e3dd9812ea3e22564ca163d69dee,,False,,,,,
meme_014419,ukr,data/raw/ukr/1o1ijs4U8Np3A7ZWQqbHxBCPYQVAmYBE8.jpeg,1o1ijs4U8Np3A7ZWQqbHxBCPYQVAmYBE8.jpeg,True,1280,1280,JPEG,6c9ddddb57f262f368b5a4a7b557f34ff1bf90ac5fdcac0ee27c430bcd67f800,,False,,,,,
meme_014276,ukr,data/raw/ukr/1n4WLDHgSt8uQmfp3ArjWd_lpXsRD-7Ma.jpeg,1n4WLDHgSt8uQmfp3ArjWd_lpXsRD-7Ma.jpeg,True,828,471,JPEG,ab919ab698a04510bc489e0d3bed1b1ec5c3ad2a5113e34cf15de28646646459,,False,,,,,
meme_014971,ukr,data/raw/ukr/1ri6iyJ6jY6dGEnUXXw0t1RkY0gj6psgt.jpeg,1ri6iyJ6jY6dGEnUXXw0t1RkY0gj6psgt.jpeg,True,1528,1116,JPEG,b9619a64aa1a760d0872a20bfddd9056ab8b1b539e9ae9c34bcfef3081d2c368,,False,,,,,
meme_010366,ukr,data/raw/ukr/1OgAAG7J1uyIOOIFU8FxoMYJ6YnvK9xJj.jpeg,1OgAAG7J1uyIOOIFU8FxoMYJ6YnvK9xJj.jpeg,True,678,960,JPEG,a3a921ada3c062d200738bd784f8aa6b77e457f133318fc453e9cfff9c7329aa,,False,,,,,
meme_006608,ukr,data/raw/ukr/1-r3PweFVKJZlDtU0TgVd9szPe_-r5wBV.jpeg,1-r3PweFVKJZlDtU0TgVd9szPe_-r5wBV.jpeg,True,626,843,JPEG,38da55083ace9506567c122c8b8b6825ff889c4910629b5e1ef36a80c0154b1d,,False,,,,,
meme_004295,rus,data/raw/rus/4863.jpg,4863.jpg,True,784,800,JPEG,2c8ed82fba21b449f3d1e25474bf9e55a64c2d0831da01e1f6f64a72874833c3,,False,,,,,
meme_006910,ukr,data/raw/ukr/11qu-URfOF5M0iesx9vJHm4pdtR4qbpg6.jpeg,11qu-URfOF5M0iesx9vJHm4pdtR4qbpg6.jpeg,True,923,693,JPEG,8ecadd2a526f89beb4d4b72ea6d27294f441cfb58d6d24ce549ceb477ceae4e3,,False,,,,,
meme_012094,ukr,data/raw/ukr/1_9APdom8NnmzKsxtyiiyFrL9O5NxGJjP.jpeg,1_9APdom8NnmzKsxtyiiyFrL9O5NxGJjP.jpeg,True,896,1280,JPEG,b8c60c97017490055747ff4013a17ccb5cb22d7391bf4ca6409783fc37efcb0d,,False,,,,,
meme_006957,ukr,data/raw/ukr/12BWPq9_bta8suKa1odlk1lddwl6ElhoX.jpeg,12BWPq9_bta8suKa1odlk1lddwl6ElhoX.jpeg,True,1004,664,JPEG,4e90921380c4d7f6cf96d0453b6cceaa4902d7a990d1bf14d26df87cfbd3fe81,,False,,,,,
meme_012022,ukr,data/raw/ukr/1ZcyPzqU-4aYYAC4r2ZhilSPAKSZI53-g.jpeg,1ZcyPzqU-4aYYAC4r2ZhilSPAKSZI53-g.jpeg,True,471,800,JPEG,727b4e250074331228e68e2146dc2aa10be7f2f4a91fcd5fbc3996de6da93924,,False,,,,,
meme_012636,ukr,data/raw/ukr/1cbmDUjO4arp3NcvjQQL0E7ZdlGD84-p1.jpeg,1cbmDUjO4arp3NcvjQQL0E7ZdlGD84-p1.jpeg,True,679,456,JPEG,f86d9076d73bcecbda6f0c3327e7fec61315d87193b730a56949ace0492eedba,,False,,,,,
meme_003462,rus,data/raw/rus/4112.jpg,4112.jpg,True,800,613,JPEG,da65304614ac2b3061e037a158262fe3415da1b817dc0661af2c0c89a388e629,,False,,,,,
meme_010392,ukr,data/raw/ukr/1OqFePscOFN0O3A_Ere5WwBDZhlT9CRZF.jpeg,1OqFePscOFN0O3A_Ere5WwBDZhlT9CRZF.jpeg,True,512,682,JPEG,1bec5ed83a8530c3b260fe58399058ac007e84fa87635976f7b980abb0772598,,False,,,,,
meme_003596,rus,data/raw/rus/4233.jpg,4233.jpg,True,1080,1267,JPEG,0e75c85d626068e34d49e480fdf164c3f483bfd25c0745a6626bd039246ac6a4,,False,,,,,
meme_014314,ukr,data/raw/ukr/1nMhDm1q8CqhOF4YKC1Op0GobBs-O_k_G.png,1nMhDm1q8CqhOF4YKC1Op0GobBs-O_k_G.png,True,700,677,PNG,15441a742be5fb00b7cb541022d75f6b89f1c0eb7c2726484ce2a78b98749d5b,,False,,,,,
meme_014500,ukr,data/raw/ukr/1oWlf0GHlOgKXv0DTZbko6WaJCRD_IBco.jpeg,1oWlf0GHlOgKXv0DTZbko6WaJCRD_IBco.jpeg,True,720,799,JPEG,1e41c1f08bc2903d19bbaa7b9f6fc7cc7185866146b9f896886c22e164ddc435,,False,,,,,
meme_016182,ukr,data/raw/ukr/1zjGgENWb_mdr3N5gHAJvD9nlruUmnYxX.jpeg,1zjGgENWb_mdr3N5gHAJvD9nlruUmnYxX.jpeg,True,1080,847,JPEG,418589b0025bafbcbccfcd84f814c39cc23b5e687375cd7c891d24d894f2289d,,False,,,,,
meme_009126,ukr,data/raw/ukr/1GWAdI2X2h4S4QjdjDBfFyknWfO8a84Je.jpeg,1GWAdI2X2h4S4QjdjDBfFyknWfO8a84Je.jpeg,True,921,1280,JPEG,920c8917673ac5b16e6f4b053531add51f772cb272755a9e30a2a0e789a47af7,,False,,,,,
meme_011743,ukr,data/raw/ukr/1XwCsO2G6w01lV7-VmVnEP9Os3njbepLa.jpeg,1XwCsO2G6w01lV7-VmVnEP9Os3njbepLa.jpeg,True,1024,987,JPEG,7a538912a81aafd50fae47ce7785c858facf3c33a4b9eae6e0ce85bb12d6232b,,False,,,,,
meme_016209,ukr,data/raw/ukr/1zu9WpmHPhN9uWVpgTVrSR9snuZR5qgMn.jpeg,1zu9WpmHPhN9uWVpgTVrSR9snuZR5qgMn.jpeg,True,1024,949,JPEG,a87f7a25c88479782fa9363c19ffa9c3ae561285e21bd518f6198e0d7ad7992e,,False,,,,,
meme_011525,ukr,data/raw/ukr/1WNw2LFlJTLAL8aMXotCJZ_9_NS7Gysn0.jpeg,1WNw2LFlJTLAL8aMXotCJZ_9_NS7Gysn0.jpeg,True,1032,640,JPEG,552bd4bd3f7a12931b98c0a84f6724f01d8d2f4e293f2eec1611b2600c360aa4,,False,,,,,
meme_009133,ukr,data/raw/ukr/1GYwZsTtpzxfzi7jRx_IXGBCUpbggO1Zx.jpeg,1GYwZsTtpzxfzi7jRx_IXGBCUpbggO1Zx.jpeg,True,1023,1019,JPEG,b472a608e12ead84d7d36e07cf9a9b1d8c86e67849a6400b1e479815017d1fd9,,False,,,,,
meme_014878,ukr,data/raw/ukr/1r8zE6jou9rdSGamMCMcRO-BdQCxhTHH3.jpeg,1r8zE6jou9rdSGamMCMcRO-BdQCxhTHH3.jpeg,True,900,759,JPEG,7f1ccb1747ab088e42baaa863996c722b3572fc2dd0b70db69003e69866186c3,,False,,,,,
meme_000186,rus,data/raw/rus/1164.jpg,1164.jpg,True,655,617,JPEG,9a8a986071483bf5c60661f1b3d09f0826af05154c6a2601a845bdad367cccf0,,False,,,,,
meme_016026,ukr,data/raw/ukr/1yYEn82Jc4gmZlbzBaKmK9PJo-GdJLQfg.jpeg,1yYEn82Jc4gmZlbzBaKmK9PJo-GdJLQfg.jpeg,True,720,643,JPEG,cceade8dbedcb0d1fc7a6fc80fc309634d6f72b5afeba58262779ca1e082d2b2,,False,,,,,
meme_013782,ukr,data/raw/ukr/1jnW-k0UY2kvTj0aeekZLBuYO46rDY9dO.jpeg,1jnW-k0UY2kvTj0aeekZLBuYO46rDY9dO.jpeg,True,700,662,JPEG,105dec5db6c45221c83ec46a9daa3c2e26285efc10ed5b7ca02ef8a1155f212c,,False,,,,,
meme_012460,ukr,data/raw/ukr/1bWRGJSdhxh11CiYMFoTt1HrNy11mifmO.jpeg,1bWRGJSdhxh11CiYMFoTt1HrNy11mifmO.jpeg,True,604,604,JPEG,a653b0438528616c9f8c2a9354bea8c2bedde3437187b1ca5a4e7e11fdd58ca4,,False,,,,,
meme_007206,ukr,data/raw/ukr/13k1fC7XrcqY2zu3Kz7rc5iRU6Xbc-6sO.jpeg,13k1fC7XrcqY2zu3Kz7rc5iRU6Xbc-6sO.jpeg,True,334,285,JPEG,57ad49c2468b876997ea6005deb4d47359fde84abb0d51c060edb1b54a235928,,False,,,,,
meme_016082,ukr,data/raw/ukr/1ywQ1wM_kfVKLEJpgEcAwrqQrHKQhw2I5.jpeg,1ywQ1wM_kfVKLEJpgEcAwrqQrHKQhw2I5.jpeg,True,903,853,JPEG,09f7bb4aa7ecee6f5e10cb056e0fd507ad105ac0b98d3e62bb55b9ad90b35ddc,,False,,,,,
meme_008690,ukr,data/raw/ukr/1DdUIwZxPTs0kzN8gGxLKarR-dXYH9Zts.jpeg,1DdUIwZxPTs0kzN8gGxLKarR-dXYH9Zts.jpeg,True,900,444,JPEG,312739ebaa2c992bcc090bb8460fd1fff963769f34be9fe571c35a89e0d4c0de,,False,,,,,
meme_006818,ukr,data/raw/ukr/11Bta-AGX1RnlHkyJZI5kCq_XOBrFlNni.jpeg,11Bta-AGX1RnlHkyJZI5kCq_XOBrFlNni.jpeg,True,861,665,JPEG,1890a6d78eab546ed3d212cf99e313e502beec3556aa392b0d56a7f426d15b80,,False,,,,,
meme_014723,ukr,data/raw/ukr/1q6b8KeIDrbUV2EcHm4qmjWX71wP8ADWm.jpeg,1q6b8KeIDrbUV2EcHm4qmjWX71wP8ADWm.jpeg,True,972,648,JPEG,de90e12cd9b388f584a16541e2f52250b1f433fe3fdc6b50a620d008bd47c6aa,,False,,,,,
meme_001043,rus,data/raw/rus/1936.jpg,1936.jpg,True,501,534,JPEG,a2bf9c0cf3f66d88df5d40721811d1161a8f363a02cf92018ad66373ef33f8c3,,False,,,,,
meme_006423,rus,data/raw/rus/922.jpg,922.jpg,True,800,699,JPEG,ec046ca128eba3413f55bdcfc5eba56b4460bbf4c472a0c233da531caa1fe5c2,,False,,,,,
meme_008676,ukr,data/raw/ukr/1DaoAiS25lsf_wAHaHEM416e9dVWTNbGG.jpeg,1DaoAiS25lsf_wAHaHEM416e9dVWTNbGG.jpeg,True,1043,1060,JPEG,7bcd4af53529c19ad26ee48ef680208465cc9d86f6999e03195916d29b6fc4a1,,False,,,,,
meme_010128,ukr,data/raw/ukr/1N3ozEtiF0J4LIORh4WsEgOwPrpfzjk5D.jpeg,1N3ozEtiF0J4LIORh4WsEgOwPrpfzjk5D.jpeg,True,600,600,JPEG,3ffcfd7758ba0059fd315ccd21534e781aafe7d93a8c07e89a643ffe10932404,,False,,,,,
meme_012062,ukr,data/raw/ukr/1ZtL3txsWmfW6Aw2c0m5W-Jfl4-1RnkqH.jpeg,1ZtL3txsWmfW6Aw2c0m5W-Jfl4-1RnkqH.jpeg,True,700,417,JPEG,c5b219ff5b0d68eebe4afb1f9cb8977ee0e49e142b8540b3d607d098f7ba59cd,,False,,,,,
meme_004354,rus,data/raw/rus/4916.jpg,4916.jpg,True,604,603,JPEG,522d6e325e2bf41d3e2476ab5369c4e4ea12957d1ba1efb11ecc793954cb08e4,,False,,,,,
meme_002922,rus,data/raw/rus/3627.jpg,3627.jpg,True,501,505,JPEG,6780f5dfac650cbf92930565496994067d4b1be9a509233ed7d620dc06110ee5,,False,,,,,
meme_008490,ukr,data/raw/ukr/1CH-0E9r9P_nwWlVqScVT2hhlkO2Mo_Ba.jpeg,1CH-0E9r9P_nwWlVqScVT2hhlkO2Mo_Ba.jpeg,True,1098,1108,JPEG,769bf75129a976aecfe38b6f96169b904ef6f77d9e4545451e299d9d8bdd5ab8,,False,,,,,
meme_005941,rus,data/raw/rus/6344.jpg,6344.jpg,True,1125,927,JPEG,5d65137ed0f60168bf3b66619d499402911f0bf608a3e47a900fc75a7f2261db,,False,,,,,
meme_015207,ukr,data/raw/ukr/1t9efUf8U8VKD08gsYMVrJKk0bdFUZuwX.png,1t9efUf8U8VKD08gsYMVrJKk0bdFUZuwX.png,True,862,691,PNG,fe49410767c6795ca7f9a3b3aec772a9ce207b3f570f3c649697290e198f9fd7,,False,,,,,
meme_003711,rus,data/raw/rus/4337.jpg,4337.jpg,True,1256,1152,JPEG,b7fff36a4eb0a7e58ac90aa1df9a9bfc455d1463b66273fdfa55950fce54860b,,False,,,,,
meme_013591,ukr,data/raw/ukr/1iaPHF4IpNQ7F9UmdNN42KiB6VfgKJTqc.jpeg,1iaPHF4IpNQ7F9UmdNN42KiB6VfgKJTqc.jpeg,True,1000,681,JPEG,14478bf3a2ce268d6aa581433030ef4600c012d0142da7a38dac8d8112ab7130,,False,,,,,
meme_010064,ukr,data/raw/ukr/1MhfI_dR9Zkyg-ltyt6P21bzmZtgQZrio.jpeg,1MhfI_dR9Zkyg-ltyt6P21bzmZtgQZrio.jpeg,True,909,570,JPEG,4c48368f713968630be50d437b97c906c9bc36e4662ec3b7dc221bdef189c7a6,,False,,,,,
meme_009723,ukr,data/raw/ukr/1KYU6EUBeCjGb2aSLI-XmBu1y-yxYf_cp.jpeg,1KYU6EUBeCjGb2aSLI-XmBu1y-yxYf_cp.jpeg,True,451,432,JPEG,6830b2ee11c558fec43b3c38ef4548639435f179f1b957421099b047c9579300,,False,,,,,
meme_007874,ukr,data/raw/ukr/1851QWcKQ5pR0NKk6ePu5kYuh-Btc76ru.jpeg,1851QWcKQ5pR0NKk6ePu5kYuh-Btc76ru.jpeg,True,900,547,JPEG,fa089f1dba2f374338547fe2ac9fec8b15df096ddd27923ebac98a289b86758c,,False,,,,,
meme_007357,ukr,data/raw/ukr/14dkyuFP53RKZl9ckeb9IQZq0XwKotDGa.jpeg,14dkyuFP53RKZl9ckeb9IQZq0XwKotDGa.jpeg,True,723,981,JPEG,cd762b7777f3d20e063add631693d5484466e0ac675c5ad2b4f931b7c761670e,,False,,,,,
meme_003078,rus,data/raw/rus/3768.jpg,3768.jpg,True,599,561,JPEG,e1e111425e40d6eca7fe1d482cd0a6108938aea370d2c9a396edcbd2351a43fe,,False,,,,,
meme_003547,rus,data/raw/rus/419.jpg,419.jpg,True,791,800,JPEG,e5ddb956ae7db6f7ce199fa94e733d0ff3b5d2d3c8439a6ae646cd92129e9593,,False,,,,,
meme_002572,rus,data/raw/rus/3311.jpg,3311.jpg,True,759,755,JPEG,acd5dd42b0a143cc72338a21f8f3f870b272b7da604831ffd6769a62c513060a,,False,,,,,
meme_015690,ukr,data/raw/ukr/1wHp-lccAKNpojsWnMUSpJ8dJvLubOLTI.jpeg,1wHp-lccAKNpojsWnMUSpJ8dJvLubOLTI.jpeg,True,643,680,JPEG,a478c02cd434432f87c0082078de0d94a9271af60d9dec199c1c39dd9453fd1f,,False,,,,,
meme_009452,ukr,data/raw/ukr/1IiOYCgTEqcNx67iWsKlE12yxTMCBaSsW.png,1IiOYCgTEqcNx67iWsKlE12yxTMCBaSsW.png,True,640,631,PNG,4a9e30ab97cd197ca9c0c5c74bea1b843ee939c360097951293f5f762963af0d,,False,,,,,
meme_001595,rus,data/raw/rus/2432.jpg,2432.jpg,True,715,800,JPEG,1eb616b67c26557350452a96626463127c855e4b1d4d01b58cea5bc0c64f3e1e,,False,,,,,
meme_002535,rus,data/raw/rus/3279.jpg,3279.jpg,True,800,773,JPEG,2547d20481b917b861221b18e0606ab36ea601e8570918b1ac912fe91b813b3a,,False,,,,,
meme_009961,ukr,data/raw/ukr/1M0UxEbDOEqFta9TtIDKp0-jMsMO55M9T.jpeg,1M0UxEbDOEqFta9TtIDKp0-jMsMO55M9T.jpeg,True,1078,852,JPEG,40a2c854ccd3f7e2e23920aa1002a1682ccbb447728c8057c00598dae64bbbab,,False,,,,,
meme_006267,rus,data/raw/rus/782.jpg,782.jpg,True,1280,1280,JPEG,ee9b5a244159f04774ed12852c05bc49e38e7905ee7ca0b87d6868e2819e9159,,False,,,,,
meme_006445,rus,data/raw/rus/942.jpg,942.jpg,True,1280,1280,JPEG,1d2408d6e2ca6a6fd6c651e16e03053d04a145acedfae04ccf17579baca57483,,False,,,,,
meme_004644,rus,data/raw/rus/5177.jpg,5177.jpg,True,798,1280,JPEG,3ee1df10f359f5362f1c47b94f823a6600f6fec56167f6e1d0b036ebba3c1370,,False,,,,,
meme_012924,ukr,data/raw/ukr/1eWoSOLX_ah3mwnjZJxq1pvVvV3VFuhg8.jpeg,1eWoSOLX_ah3mwnjZJxq1pvVvV3VFuhg8.jpeg,True,431,572,JPEG,26e1619aaf9a87faa56421500a234c229ebc01d9171fbcf8a7fe5cae7172d04d,,False,,,,,
meme_015411,ukr,data/raw/ukr/1uUtlpm3nBrCxL6mFtNpPIGDCqt8L898t.jpeg,1uUtlpm3nBrCxL6mFtNpPIGDCqt8L898t.jpeg,True,1079,1092,JPEG,4359794e6cd0ae04afd6e7f5bd9acc40a15ab01af6239456fea43edf8c47916b,,False,,,,,
meme_005793,rus,data/raw/rus/6210.jpg,6210.jpg,True,640,483,JPEG,167af626647b194c5d50210b4fbef5e79c9af942a65fe209e03c0556fafcdca4,,False,,,,,
meme_000677,rus,data/raw/rus/1606.jpg,1606.jpg,True,758,752,JPEG,2fb88afafc99989fa2a5d2f1c3f4aa5036df032a0ae0b672025a74f72d6f4dc7,,False,,,,,
meme_010736,ukr,data/raw/ukr/1R87oOG6AJ6RhWtoMaSuDPjyIAToQ82mp.jpeg,1R87oOG6AJ6RhWtoMaSuDPjyIAToQ82mp.jpeg,True,888,1280,JPEG,14c27cd49beea879ed07e7b68c1fd41d89135e6a17ed4ab57b4041cc7aa8f2c9,,False,,,,,
meme_007360,ukr,data/raw/ukr/14fGN4wHCrERM7TCvdHwXAeqR_GTIcO-Y.jpeg,14fGN4wHCrERM7TCvdHwXAeqR_GTIcO-Y.jpeg,True,1005,1280,JPEG,9fd78a769f5a98d7846730c8fe71c6bf2edd33314871b2da4cd97948654d63dd,,False,,,,,
meme_013304,ukr,data/raw/ukr/1gg3PoV-MPa2Jgido_r1ENfl1s628hqFS.jpeg,1gg3PoV-MPa2Jgido_r1ENfl1s628hqFS.jpeg,True,454,453,JPEG,aaa60314b3965f2c5f943b035909a7cb987e81d2013cf95fd06d06041d7721b1,,False,,,,,
meme_004867,rus,data/raw/rus/5378.jpg,5378.jpg,True,1000,353,JPEG,774dd59a776eea32452d3bcbea052dff3c45fc8828245de7f5fc01ace70ae850,,False,,,,,
meme_000922,rus,data/raw/rus/1827.jpg,1827.jpg,True,1024,768,JPEG,786c03df793c50053061faf25af1dc47adf657d626439d3f2fc4ce02d6d22dc4,,False,,,,,
meme_010213,ukr,data/raw/ukr/1NYt30Xi9QqiFQzwR6VFpXYa0vXN8Cw5Z.jpeg,1NYt30Xi9QqiFQzwR6VFpXYa0vXN8Cw5Z.jpeg,True,773,1280,JPEG,b6abf9520a66c35a15732598e14d02af16760ad5d49be9eede8a54feb121030f,,False,,,,,
meme_001183,rus,data/raw/rus/2061.jpg,2061.jpg,True,600,398,JPEG,cdac8661769b83aca8bb26034436c8a3af5cb845852c36dec4ec597625559381,,False,,,,,
meme_004149,rus,data/raw/rus/4731.jpg,4731.jpg,True,325,604,JPEG,7fecb96e3794fe9d3371c1cb8b08ffe4cd09128134ba8e4cbdc7e9b78bd12eb8,,False,,,,,
meme_015754,ukr,data/raw/ukr/1wk-S8s6HU7JF0btK_hqPOSYA10A59VaZ.jpeg,1wk-S8s6HU7JF0btK_hqPOSYA10A59VaZ.jpeg,True,1080,1080,JPEG,1b2b5154e39e0d338568dcf2dcf70d6ad744f756e20689df8f9359039633ad17,,False,,,,,
meme_011831,ukr,data/raw/ukr/1YPaFCqfldRNsiaE7IheqK1v4y77Qs2xH.png,1YPaFCqfldRNsiaE7IheqK1v4y77Qs2xH.png,True,402,448,PNG,d6d3165d093d46786a7b0e5078bae4815e88905cd96edc6329f2da6441c0a390,,False,,,,,
meme_000222,rus,data/raw/rus/1197.jpg,1197.jpg,True,674,743,JPEG,3e8b4bc85cbf5e44aa07cf705eb446648d4d715fa2031dacb5439f4fcf95c91e,,False,,,,,
meme_000559,rus,data/raw/rus/150.jpg,150.jpg,True,792,1080,JPEG,ac51517dedb2367c6aec6061fe14f9bbab86f94efad8961be7302e614350bae7,,False,,,,,
meme_008794,ukr,data/raw/ukr/1EKlUaFrr7ElcXoqdN64I5OGbtl5gzwSH.jpeg,1EKlUaFrr7ElcXoqdN64I5OGbtl5gzwSH.jpeg,True,623,606,JPEG,b9d7a2b3aeffd31177b30de25cd0a359bbd212353ef93173950f9eed4ce48dc5,,True,,,,,
meme_001328,rus,data/raw/rus/2192.jpg,2192.jpg,True,1280,734,JPEG,92a69600404fd553cc58116035fce4091bee0b23afce039a105baa71fdc8a003,,False,,,,,
meme_010933,ukr,data/raw/ukr/1SYeCkahD9TPvpHKLbXbXWE_FrKMQxhVY.jpeg,1SYeCkahD9TPvpHKLbXbXWE_FrKMQxhVY.jpeg,True,837,1200,JPEG,64e9df59c49b360110ced4267afc58ac7cdf91583c6e6b31d1c0506cd6c1e811,,False,,,,,
meme_002457,rus,data/raw/rus/3208.jpg,3208.jpg,True,800,750,JPEG,b8fdaac85a1d153dc92744b73503ffcc18076ffe5dd81f5bea51483acc550fa8,,False,,,,,
meme_000703,rus,data/raw/rus/163.jpg,163.jpg,True,720,720,JPEG,2807edf1e83243d792812b0378ee4d5f057fc8a94dee0cd65127540a0213af9f,,False,,,,,
meme_012695,ukr,data/raw/ukr/1cyIB8_lnxf-7_T8j-oIALFCNXVyskhrN.jpeg,1cyIB8_lnxf-7_T8j-oIALFCNXVyskhrN.jpeg,True,720,914,JPEG,f9f19c88cb6c1da036d76a01c90a98807e3d9c638849a9593a16b292783e9e26,,False,,,,,
meme_001444,rus,data/raw/rus/2297.jpg,2297.jpg,True,590,440,JPEG,68367850a69af11aad9e65a4c50f18754f1090c2734637a6421c759e8ead722d,,False,,,,,
meme_011404,ukr,data/raw/ukr/1VdnHrAEK6oMLa-D3EIDGvpfKbrCu7jI0.jpeg,1VdnHrAEK6oMLa-D3EIDGvpfKbrCu7jI0.jpeg,True,1519,2040,JPEG,519e4e94778c97cc11c40f9efd0d8d9df122201ea5cf5872842f9704ed27b5eb,,False,,,,,
meme_016000,ukr,data/raw/ukr/1yNAKOfqD7K-rC-y5zsEtYyuB3xMvXbdX.jpeg,1yNAKOfqD7K-rC-y5zsEtYyuB3xMvXbdX.jpeg,True,727,557,JPEG,62be182f435de29591b23c4c46cc8fca06957e49cdaaaa19d80e50d5251a3a84,,False,,,,,
meme_015160,ukr,data/raw/ukr/1slk0kgJgukvzsyw0uvRBmhdwpx67bzW7.jpeg,1slk0kgJgukvzsyw0uvRBmhdwpx67bzW7.jpeg,True,1279,1279,JPEG,184f2431bc5399f168af652f9a14e223131dff354b809b50363d57891cb98a88,,False,,,,,
meme_000475,rus,data/raw/rus/1424.jpg,1424.jpg,True,458,604,JPEG,fb0f3276eff6c8b5e9c9b0435eff8063141d6f9fb8d4f0d9074e24f6d8e8a43d,,False,,,,,
meme_002332,rus,data/raw/rus/3096.jpg,3096.jpg,True,675,677,JPEG,400ea5fba69f9f4deab9472325f206914b8657712ba6ce29bd8f4029bb1997e1,,False,,,,,
meme_005158,rus,data/raw/rus/564.jpg,564.jpg,True,881,975,JPEG,affa78dd3e21396b9722a11a62e2f49fada6b058a2ac4d1cd56809d2276a1c8d,,False,,,,,
meme_012751,ukr,data/raw/ukr/1dJpV7fsY15Tnq9g17ueUJWpa3iQSHhLm.png,1dJpV7fsY15Tnq9g17ueUJWpa3iQSHhLm.png,True,628,411,PNG,ab41b052574de51c7ba4a4fee21c9b3e19eec8700e66f7525277245edacb6805,,False,,,,,
meme_002550,rus,data/raw/rus/3292.jpg,3292.jpg,True,1280,1252,JPEG,3fdbcecc69917fec4a48db8ab80cf74a5a314edc3c9256e57f0815fe69025d5a,,False,,,,,
meme_004258,rus,data/raw/rus/483.jpg,483.jpg,True,1113,999,JPEG,d88e59c145b653f5e62806f5505ea8950ea136ac970651e859c6c971fee73d2f,,False,,,,,
meme_015403,ukr,data/raw/ukr/1uTxEK9waOamybHLStDTE6zNm3YJE1rvx.jpeg,1uTxEK9waOamybHLStDTE6zNm3YJE1rvx.jpeg,True,1280,803,JPEG,537d33a429d01b9806b3787e64b0ddbb05ad55eeaf0722e230832cc8b2cd614c,,False,,,,,
meme_007837,ukr,data/raw/ukr/17p7PTbLFx0_w_zOJZh8UQsRTtViFdxMl.jpeg,17p7PTbLFx0_w_zOJZh8UQsRTtViFdxMl.jpeg,True,736,926,JPEG,97e34332a20c22969761225f88762133ff088150de90da3faa9305ffed63dc3c,,False,,,,,
meme_015907,ukr,data/raw/ukr/1xkXq9YVjzpoV7KidEFPxl-ogRFPBieZP.jpeg,1xkXq9YVjzpoV7KidEFPxl-ogRFPBieZP.jpeg,True,991,1280,JPEG,3bd5072436f80f811549b64c71d2fe480af7c85e881dfd1976e430437f4dd854,,False,,,,,
meme_010816,ukr,data/raw/ukr/1RkCXmA1xU2k0pslgxZrQPMlOwx_TzoO_.jpeg,1RkCXmA1xU2k0pslgxZrQPMlOwx_TzoO_.jpeg,True,970,1280,JPEG,6508ee69df77c2dab8f9c4cacd672f496b60795b326676e6aae09068b3f80835,,False,,,,,
meme_011961,ukr,data/raw/ukr/1ZE8qosIZoxjG_Xr-n7NYJo_qcFQu1R4w.jpeg,1ZE8qosIZoxjG_Xr-n7NYJo_qcFQu1R4w.jpeg,True,1536,1151,JPEG,7fe47ef6a36ee4f81680d4805add0f34fb397e7b0d5c2de42951e3d1c5aefd13,,False,,,,,
meme_000579,rus,data/raw/rus/1518.jpg,1518.jpg,True,714,743,JPEG,adedc6ae5ebb6084fb9b4b26ef8931a7c5a9988ceffba534d9941bb0255133b1,,False,,,,,
meme_005479,rus,data/raw/rus/5929.jpg,5929.jpg,True,1170,1244,JPEG,bfaf100784e757d208acb66e4c7fdfaad08e09b81e7ca2b4ea62293fad395d0b,,False,,,,,
meme_008758,ukr,data/raw/ukr/1E8IeZ79nOWOGyTslcBXNS_PaBoiZSth3.jpeg,1E8IeZ79nOWOGyTslcBXNS_PaBoiZSth3.jpeg,True,604,440,JPEG,a2bb8c973fe2b8321ff3e7fbb7f9f57e7c3a1480d6801e1721109d7bdc2495b3,,False,,,,,
meme_014815,ukr,data/raw/ukr/1qm6uD4hKOBM8Y_P0YZaz24rkMPhMrLqB.jpeg,1qm6uD4hKOBM8Y_P0YZaz24rkMPhMrLqB.jpeg,True,1212,1246,JPEG,7e1121abfb2a47d546a3fe7d4b91ec30f45c4df4de9b716738b095c626bc5195,,False,,,,,
meme_003380,rus,data/raw/rus/4039.jpg,4039.jpg,True,535,604,JPEG,657e23681a2f7c258a01a5483a6fd081d6bb1ffc462508462c2286edab97b628,,False,,,,,
meme_006163,rus,data/raw/rus/689.jpg,689.jpg,True,590,800,JPEG,ba0850d4ca690a4639d4fbf5b309f7fad4a97dbc3b52fa798b65b1dbd0bc8f37,,False,,,,,
meme_002880,rus,data/raw/rus/359.jpg,359.jpg,True,735,717,JPEG,35fa50e04ee16284262efa57caf6f770144a7111255c04b5d89cb0060874d0f2,,False,,,,,
meme_012423,ukr,data/raw/ukr/1bPaKJTARC1GygVmdfb5I2fNo8t3LTpWd.jpeg,1bPaKJTARC1GygVmdfb5I2fNo8t3LTpWd.jpeg,True,1080,1080,JPEG,f6994e82af35fc016ca866e6f69fce97a4333a03f4b78c22ccbd87cb1c6b9980,,False,,,,,
meme_010576,ukr,data/raw/ukr/1Q9CiwnnjawyYCa8sknbCxO4UtIRnS0yv.jpeg,1Q9CiwnnjawyYCa8sknbCxO4UtIRnS0yv.jpeg,True,638,843,JPEG,58a4cc02d85638c39d5ac2b63bae715d54a98537705b623532a15acb8d8586e4,,False,,,,,
meme_001666,rus,data/raw/rus/2497.jpg,2497.jpg,True,736,750,JPEG,77bf1748f532ce6f42f423962a9b038570f79ca0d37b1c8ff276b564cb59bf50,,False,,,,,
meme_015402,ukr,data/raw/ukr/1uTwzRiHdUH_6bNcBSPKZI2JnIwb3Koo0.jpeg,1uTwzRiHdUH_6bNcBSPKZI2JnIwb3Koo0.jpeg,True,1280,890,JPEG,b5adcf6f0637a082c3b4e17c81c059cf80b9b806a039e89ecfdc42ae003cd8ea,,False,,,,,
meme_010646,ukr,data/raw/ukr/1QXAvQlilmpg9DujnYPXk6ga_k7RmdxJx.jpeg,1QXAvQlilmpg9DujnYPXk6ga_k7RmdxJx.jpeg,True,854,1280,JPEG,4e2ae7f7d92d9fd4adfb52887ef2adbad2691051f5c9c3a87d69c4e4b6eec6e6,,False,,,,,
meme_002583,rus,data/raw/rus/3321.jpg,3321.jpg,True,720,1025,JPEG,63fc7248eb22bf71c7459ebc85912e161f814bafbfd201710e4537e8bf4adcff,,False,,,,,
meme_004016,rus,data/raw/rus/4611.jpg,4611.jpg,True,479,480,JPEG,25411e83d261ce34fcb3682b93a7513c540a21f696e5aacfe9636efec874a9b2,,False,,,,,
meme_012218,ukr,data/raw/ukr/1a-2oIoxT6ph0GP32sQli6SrwwPpmsCWQ.jpeg,1a-2oIoxT6ph0GP32sQli6SrwwPpmsCWQ.jpeg,True,1080,715,JPEG,372b6d37df75522c5405785e64de7554482e39e51b7898dd711ccec538a87577,,False,,,,,
meme_004607,rus,data/raw/rus/5143.jpg,5143.jpg,True,905,1092,JPEG,a563ee82d63e573bfd8d1a33e8a6c2721c4de3af7480a0744c7fb6991910a20f,,False,,,,,
meme_000725,rus,data/raw/rus/165.jpg,165.jpg,True,1280,1240,JPEG,e61f6a7bc4f1a40fd8560b1e9fccaf613d96252408d1510125edde15f29d8138,,False,,,,,
meme_005016,rus,data/raw/rus/5511.jpg,5511.jpg,True,547,800,JPEG,af5b3542e8e029f8c62cc2d90f826e3178b134634f0b09bf72bae91e0c043d22,,False,,,,,
meme_008160,ukr,data/raw/ukr/1A7b_v6kVaL7lwsx013NHBlwGz0Yag1gA.jpeg,1A7b_v6kVaL7lwsx013NHBlwGz0Yag1gA.jpeg,True,576,1280,JPEG,35a58823357b44ce8ad7a4513e615b3b05cbca0a8862b423abd64d4324414af6,,False,,,,,
meme_012633,ukr,data/raw/ukr/1ca5_WtAAekKYiSwayWb5hqI-Qr3Q0LPj.jpeg,1ca5_WtAAekKYiSwayWb5hqI-Qr3Q0LPj.jpeg,True,929,1280,JPEG,d0ed944a42f282b7efc60220429f15e8981edd0625a6cf47c3a91f40195c60fc,,False,,,,,
meme_012332,ukr,data/raw/ukr/1ajB2cYWUXbPUwObxS8I6Jvfju2sddoY-.jpeg,1ajB2cYWUXbPUwObxS8I6Jvfju2sddoY-.jpeg,True,1200,677,JPEG,ae4cc24a1c85a58bc2f3b881fd688ad0097711844a4bb9bccf36e1ea8e0558a5,,False,,,,,
meme_001154,rus,data/raw/rus/2035.jpg,2035.jpg,True,501,495,JPEG,dd8f36f4500830c167f884d221ba166c0d011e50fba2b4cf2304d2332301baa4,,False,,,,,
meme_011371,ukr,data/raw/ukr/1VOXIS73zowKr-yZR14a8AH-8f7ppk1kf.jpeg,1VOXIS73zowKr-yZR14a8AH-8f7ppk1kf.jpeg,True,1440,1440,JPEG,6fe5036c56fd82358513758be3bd8f7a036c5dd45153e9f5a6aba9c555a3533b,,False,,,,,
meme_010497,ukr,data/raw/ukr/1PbnBiTWAOKkZF-hC3hsk2rrBh-v67mm8.jpeg,1PbnBiTWAOKkZF-hC3hsk2rrBh-v67mm8.jpeg,True,973,664,JPEG,ce97eece66ca3248d6e350e101a14e14465b5e998da60848a26349dfb2e0a676,,False,,,,,
meme_005237,rus,data/raw/rus/5710.jpg,5710.jpg,True,587,313,JPEG,e7e5cc96e9eaf4a0733e55cef003dfe8d00abe9bbd09e56372051a1d2883fd95,,False,,,,,
meme_011011,ukr,data/raw/ukr/1T5SylXqU9P1ijJUvLNsEiPZOPuu1ER4Y.jpeg,1T5SylXqU9P1ijJUvLNsEiPZOPuu1ER4Y.jpeg,True,690,523,JPEG,73d2aff92411bb3d550164b3dc29318fd26ee7a910aa03f884331a526bbf0abe,,False,,,,,
meme_000448,rus,data/raw/rus/140.jpg,140.jpg,True,800,761,JPEG,39f280f909fc03b349448c92cfe64a809e07f66a236e13470bc6edd904a1cbf0,,False,,,,,
meme_001792,rus,data/raw/rus/261.jpg,261.jpg,True,640,606,JPEG,a9fe48a650aa99b8128380443dc99df41614e161e61e368e96325c616a591dc0,,False,,,,,
meme_013863,ukr,data/raw/ukr/1kJ5-o4osEyvFfPoauQBV1erB9d3b6PwL.jpeg,1kJ5-o4osEyvFfPoauQBV1erB9d3b6PwL.jpeg,True,640,603,JPEG,f369a898b6732bdabc69441267d73b9ce00b728efdb6b02d4ea42888ed2f6339,,False,,,,,
meme_008092,ukr,data/raw/ukr/19gFOAo-o6LpIv0oYAB2V8rkSIfIj9LWQ.jpeg,19gFOAo-o6LpIv0oYAB2V8rkSIfIj9LWQ.jpeg,True,1080,1080,JPEG,18e0cc9c6e17be8cd5198f86657aec22a2eb81b4e7ccf82f4dd276dff873e6d4,,False,,,,,
meme_011061,ukr,data/raw/ukr/1TOtIdryQU4hJxyTvPu_j1lUnp0-Yi2g4.jpeg,1TOtIdryQU4hJxyTvPu_j1lUnp0-Yi2g4.jpeg,True,1080,812,JPEG,3383ae0af605a2a72f08866f388409c8cd8909059b4cccc6fdc6a6047e4864f0,,False,,,,,
meme_005752,rus,data/raw/rus/6174.jpg,6174.jpg,True,586,351,JPEG,5df13f72d84a9542cb0a6fc9ef8e5f8f3d5cd72b4f7f7e9bc62d6e2dcc6fbf43,,False,,,,,
meme_014688,ukr,data/raw/ukr/1pp2QSf-FXSCZPOZw2lgCR_UpMrbbSp2_.jpeg,1pp2QSf-FXSCZPOZw2lgCR_UpMrbbSp2_.jpeg,True,1034,1280,JPEG,a1d7e8e02453173e5c8535f017b20ab6cabb7236a0d2c4d04736d7219a727670,,False,,,,,
meme_013468,ukr,data/raw/ukr/1hoUssTjZ5aYt5JEZqsCdZ77qkrl2IxRf.jpeg,1hoUssTjZ5aYt5JEZqsCdZ77qkrl2IxRf.jpeg,True,1440,1800,JPEG,cbd68d5a7624b88a7c5d36fbda9e970a77e0743336e0597cb486cbdb84de7077,,False,,,,,
meme_011711,ukr,data/raw/ukr/1Xjy3SKh4-LBSQs8YXhZsnMWf71s3d-WL.jpeg,1Xjy3SKh4-LBSQs8YXhZsnMWf71s3d-WL.jpeg,True,1280,858,JPEG,9a583445b138266e7324f6e6e41628f4d8b63a9dd2f87408679bffcee7d97fe6,,False,,,,,
meme_000945,rus,data/raw/rus/1848.jpg,1848.jpg,True,604,533,JPEG,b1d551efd065df90e669c27f766720a8acc2001d97eb6fcdd160d1ddeb0e28a7,,False,,,,,
meme_002169,rus,data/raw/rus/295.jpg,295.jpg,True,724,720,JPEG,bda4fee6af138498e8d3a3e2773e5fdd141553848a89a2d4616b81a87c98d1f2,,False,,,,,
meme_013200,ukr,data/raw/ukr/1g4OT907Cp0q0z9kdkhwR8soi3_NHnVgL.jpeg,1g4OT907Cp0q0z9kdkhwR8soi3_NHnVgL.jpeg,True,720,599,JPEG,3200301e56a984541fbf0b1cf4c370b60ca45712716e269e09384f9deaaa5d7e,,False,,,,,
meme_007857,ukr,data/raw/ukr/18-5KfHEkvrqA8skRcHEw0iuB_e3LzFJm.jpeg,18-5KfHEkvrqA8skRcHEw0iuB_e3LzFJm.jpeg,True,720,560,JPEG,f20ce80388b172fe2acfe0816b7e38b04404bcb3f2a8d7d9d201c84930d67293,,False,,,,,
meme_003276,rus,data/raw/rus/3946.jpg,3946.jpg,True,637,621,JPEG,ff3748d86587f55d8e8cd440c2dbacf0b4d5501966970d7725164f0cd44103eb,,False,,,,,
meme_002334,rus,data/raw/rus/3098.jpg,3098.jpg,True,1122,1280,JPEG,e6ae4ce691df9df26e452a93581877fe0c689f496c6e646556545fb15039643a,,False,,,,,
meme_006779,ukr,data/raw/ukr/10xaq1zKu1GkhGekTNnWAd3VXGtRM-eE6.jpeg,10xaq1zKu1GkhGekTNnWAd3VXGtRM-eE6.jpeg,True,1080,680,JPEG,d62d344d9289ed9415b7d3262be0901534631b7c04f5d8a5126c89a52fe5b0d3,,False,,,,,
meme_000876,rus,data/raw/rus/1786.jpg,1786.jpg,True,1080,1280,JPEG,c97ea1f36db22e0249195cc892667632b3c1755a150f2582d9b4b188898e27b6,,False,,,,,
meme_005095,rus,data/raw/rus/5583.jpg,5583.jpg,True,604,488,JPEG,7175ac5041e731e81d0c1bc30eed865edca3999471b5b07cb37f3556fee03cb8,,False,,,,,
meme_002946,rus,data/raw/rus/3649.jpg,3649.jpg,True,800,773,JPEG,7503af5666cc41c7033de2c605da0c300342cb9009b4ff1ebefd257bc4a5be79,,False,,,,,
meme_013337,ukr,data/raw/ukr/1gxNPtFQzTvCOhaGctTWYl3l3havBuWRP.jpeg,1gxNPtFQzTvCOhaGctTWYl3l3havBuWRP.jpeg,True,796,581,JPEG,b1a454d49a9276f8afdaf94f44ca20b4ddac092247455da24addfbb9afc8658d,,False,,,,,
meme_005546,rus,data/raw/rus/599.jpg,599.jpg,True,800,695,JPEG,f506d6e72447786b409b9acd5841c88d080ff223ca3769abb6b05c4a3abbf88d,,False,,,,,
meme_008432,ukr,data/raw/ukr/1Bvty_u3ErGWwfehpjCRn-Fxyd075Cr1i.jpeg,1Bvty_u3ErGWwfehpjCRn-Fxyd075Cr1i.jpeg,True,933,1162,JPEG,9bff40a0a323208b598366bfe96fc955c54751c15de5805793c38f5c3392324a,,False,,,,,
meme_001316,rus,data/raw/rus/2181.jpg,2181.jpg,True,745,800,JPEG,79e79b265f2f522746d9004ae1c27d20e0aee2a0bf811aa5fcec9905228ad5b8,,False,,,,,
meme_006342,rus,data/raw/rus/85.jpg,85.jpg,True,491,298,JPEG,cf7a80498357c9e56712e068b3acc875e1faae7f63679528f6feeaf2b9dc8184,,False,,,,,
meme_004314,rus,data/raw/rus/4880.jpg,4880.jpg,True,527,436,JPEG,ee00a9e1f8fd0e99512091ddd6e07750740558066f170ed3d7668205fc8d4fa6,,False,,,,,
meme_007094,ukr,data/raw/ukr/136E9Gn11UB4PltxGeLvchpmQ_SBoGi7g.jpeg,136E9Gn11UB4PltxGeLvchpmQ_SBoGi7g.jpeg,True,720,629,JPEG,cd2aa968abefddda5f302eff5d397227da2b22de6a525b09d6624e4336bd16ee,,False,,,,,
meme_011200,ukr,data/raw/ukr/1UIdziwyFbWKSwLOzrTYnyj4g6RRnyJ5I.jpeg,1UIdziwyFbWKSwLOzrTYnyj4g6RRnyJ5I.jpeg,True,275,183,JPEG,b75449f95fe17f037bc89ceb8daf1773a399ddfe444a514b64d4252bb126adf1,,False,,,,,
meme_011162,ukr,data/raw/ukr/1U4NIj-nUsnl3nzFm_nM_XBrUUKf4c3FE.jpeg,1U4NIj-nUsnl3nzFm_nM_XBrUUKf4c3FE.jpeg,True,1008,1033,JPEG,57f34ba7effc4edd075df2b83f1ad015ef25d77138cc2df8b526b154623fd410,,False,,,,,
meme_006742,ukr,data/raw/ukr/10mTrlYvAaBagQHnjZNVw8fO8Bnco2JYP.jpeg,10mTrlYvAaBagQHnjZNVw8fO8Bnco2JYP.jpeg,True,445,288,JPEG,9cc3be973d748ae3efb3aff7ae24621db593c33f96dfb367364fbed51660d3e7,,False,,,,,
meme_015492,ukr,data/raw/ukr/1utiY2PmUicJComkDB3bqq30PJBuZKeQw.jpeg,1utiY2PmUicJComkDB3bqq30PJBuZKeQw.jpeg,True,1080,867,JPEG,19962cafe78e6e7db962b17b5871f430cb31e2db78f54b730e708f5ca18dd7c8,,False,,,,,
meme_003692,rus,data/raw/rus/432.jpg,432.jpg,True,475,495,JPEG,3d29bbba6ab020233368c32f3c0bf93545f4976e4a4f3a4d734db1fc8da6e70c,,False,,,,,
meme_015218,ukr,data/raw/ukr/1tD9uECXlLJSyfdguHRD6_57eJEJQNgn7.jpeg,1tD9uECXlLJSyfdguHRD6_57eJEJQNgn7.jpeg,True,1000,681,JPEG,0675155850429b5dcca5ce0c6b82da3733fef287d46f7b949a1ebdede78720f7,,False,,,,,
meme_005660,rus,data/raw/rus/6091.jpg,6091.jpg,True,1080,944,JPEG,066fd54d41353f397b4164eb7b83a5cc12fa29b2fe9f214edbbc8f4153edb82d,,False,,,,,
meme_013901,ukr,data/raw/ukr/1kXaTzNmjAF-dIfcWI-lpMxJDBzR2SVQx.jpeg,1kXaTzNmjAF-dIfcWI-lpMxJDBzR2SVQx.jpeg,True,1040,783,JPEG,825639d756824550dab24099e9291d09c86a3ea9159273db5ddf8f3e2baf065a,,False,,,,,
meme_008507,ukr,data/raw/ukr/1CP5LIfqoLyaZ2I76KwewsBGElW9iT9Kg.jpeg,1CP5LIfqoLyaZ2I76KwewsBGElW9iT9Kg.jpeg,True,1080,1162,JPEG,d1ed703f5402b074176524caa1896639df43ecc78304d1e3ff44255eb814d2dd,,False,,,,,
meme_010298,ukr,data/raw/ukr/1OCi0wSPMbsshVkmgy9xauFuboghDxOhv.jpeg,1OCi0wSPMbsshVkmgy9xauFuboghDxOhv.jpeg,True,1080,1218,JPEG,3433a92ed5502825fa06b38c43077ed3d13b2a5dda4d7366d70b53a659e226b7,,False,,,,,
meme_005459,rus,data/raw/rus/5910.jpg,5910.jpg,True,609,625,JPEG,690692f74f98f388bbe773a36ea5a2c0411b6d3794dae210873e69125332bf51,,False,,,,,
meme_006374,rus,data/raw/rus/879.jpg,879.jpg,True,800,789,JPEG,ddc8f87ea6b4043b236c3cfe42f28ba9597642edfe595ec29d85947b8f74e930,,False,,,,,
meme_007249,ukr,data/raw/ukr/13yEPDaGE78RpdknHERb9IfATMtnav2bS.jpeg,13yEPDaGE78RpdknHERb9IfATMtnav2bS.jpeg,True,1028,1280,JPEG,203cd3a9fc88d3ef871fb23bfb0d47bcaf285f57578c65e74926cf198ab055ab,,False,,,,,
meme_009016,ukr,data/raw/ukr/1FlObe4Qe9BhNBMGEUUFZdTzgfupDdauf.jpeg,1FlObe4Qe9BhNBMGEUUFZdTzgfupDdauf.jpeg,True,1709,2136,JPEG,6d7e664935bd7ac604b722c25558ab892fbfc1efa6c42bd6efe1d7a19a84e5cd,,False,,,,,
meme_012808,ukr,data/raw/ukr/1dfYltWV05ez-zKTGbY9e1cjn3X8Pjnk0.jpeg,1dfYltWV05ez-zKTGbY9e1cjn3X8Pjnk0.jpeg,True,621,402,JPEG,71178520c0f369cc2c4afed9feb8759be3fcd153bec7716bb4817947b69217df,,False,,,,,
meme_002134,rus,data/raw/rus/2918.jpg,2918.jpg,True,800,662,JPEG,865a383d68409360477cd43c60e7f12e0787af7033c70822f9ca636e6add6975,,False,,,,,
meme_010847,ukr,data/raw/ukr/1S-2wvnYaPasGEQzYbn2_ileVQRYGHxiy.jpeg,1S-2wvnYaPasGEQzYbn2_ileVQRYGHxiy.jpeg,True,864,643,JPEG,df0001515a626efcddd10f6ef317cb32b6fc9747fe19f3c8a8251ef908845a14,,False,,,,,
meme_014453,ukr,data/raw/ukr/1oDqnl1IbvL-p3LiZWAnKhCwQSp4TySWw.jpeg,1oDqnl1IbvL-p3LiZWAnKhCwQSp4TySWw.jpeg,True,720,703,JPEG,f24682b3d41023c041e4c8d91d42485c2e1efe233adf41dc95cc554f1eca300c,,False,,,,,
meme_001627,rus,data/raw/rus/2461.jpg,2461.jpg,True,511,604,JPEG,b42eb9664379073eb5cff3c791a27494cab960f5a94df7d90d47444bfaa47c65,,False,,,,,
meme_005965,rus,data/raw/rus/6366.jpg,6366.jpg,True,604,604,JPEG,966a84cd63c55e7a91dee4995e1ce197aabb89507461587791a1e5ad186e26d5,,False,,,,,
meme_015461,ukr,data/raw/ukr/1ujINosmZ1zHtIGZHqi-5aHpCEyLbC5fd.jpeg,1ujINosmZ1zHtIGZHqi-5aHpCEyLbC5fd.jpeg,True,959,1280,JPEG,2d4ed4041070b1567966e5fbaf7243f9a70e12d41f3f301518d1b6e05cdba95f,,False,,,,,
meme_004167,rus,data/raw/rus/4748.jpg,4748.jpg,True,501,630,JPEG,5c7b5f59d7985cbdf4035faf56740b98d08b8896c8b49f8f22f0f515fc3f65ac,,False,,,,,
meme_001238,rus,data/raw/rus/2110.jpg,2110.jpg,True,1280,1232,JPEG,11bcf7a42c70d24a449c4565317ff83a2e4e31d24aa5b684c2b4cea381d2a8a8,,False,,,,,
meme_004747,rus,data/raw/rus/527.jpg,527.jpg,True,996,1120,JPEG,6bda839f68f850993a8b4bd9c401f08cec503e23cf49facbb75129e740d7aa80,,False,,,,,
meme_009245,ukr,data/raw/ukr/1HEakYCfp44A1iLIUMELHg22YojOuy3RS.jpeg,1HEakYCfp44A1iLIUMELHg22YojOuy3RS.jpeg,True,1035,1382,JPEG,0abcfe74c5b6545f5a9c994fb17d34e509496bd82437ce699b8c67c7865cc52a,,False,,,,,
meme_007776,ukr,data/raw/ukr/17Vy6iqxaqVAxqhFV5PD7wrKqfvznWVLX.jpeg,17Vy6iqxaqVAxqhFV5PD7wrKqfvznWVLX.jpeg,True,1280,853,JPEG,d8af9536497ec46f146ba94dbfef75bdeaf0f4a3e07921776c6d9bc09152231f,,False,,,,,
meme_007445,ukr,data/raw/ukr/15IEa15aqwoP3ufFPlfWk28JWvc7BWWCH.jpeg,15IEa15aqwoP3ufFPlfWk28JWvc7BWWCH.jpeg,True,1279,995,JPEG,d43a2bfdc923594254497ccc4071528f864e27f064a2cbda70966c1e0a3e0f9d,,False,,,,,
meme_001802,rus,data/raw/rus/2619.jpg,2619.jpg,True,800,800,JPEG,d421aa5a927b380200dd062bb01eca71e36e9ac89270d4b8410175a99b9fb7a0,,False,,,,,
meme_006763,ukr,data/raw/ukr/10tBbRiLLXmsgEo2UhUWPsQhQoAcpP2Ww.jpeg,10tBbRiLLXmsgEo2UhUWPsQhQoAcpP2Ww.jpeg,True,1023,1280,JPEG,bedc0b8c1b8b68cdcc07072d1710885ccc9dc2a0e5ba916f2d7b3ac121476cdd,,False,,,,,
meme_009892,ukr,data/raw/ukr/1L_jnzJhzCk_51bQ_2cRcAYJySaBYSYNy.png,1L_jnzJhzCk_51bQ_2cRcAYJySaBYSYNy.png,True,764,1030,PNG,1920596829d0b5c855cf89e71e9393ca343c7a3aabd1d6bf83c8238c15388874,,False,,,,,
meme_010261,ukr,data/raw/ukr/1NvB55PZeDP_F3i8pD22lk8R38WZ2WJry.jpeg,1NvB55PZeDP_F3i8pD22lk8R38WZ2WJry.jpeg,True,1080,768,JPEG,284f4f21d8f5af57220a45b17a3e2ff6f7cd7b0aa03b24cf95ba2537a5113da0,,False,,,,,
meme_014077,ukr,data/raw/ukr/1ljcDrepA6KbIyy-M14MyLLyVAe1U8bTS.jpeg,1ljcDrepA6KbIyy-M14MyLLyVAe1U8bTS.jpeg,True,574,1007,JPEG,8f55a9a3f20caf14c84e08fea2ab818a6c85e5d75eec0256eb89e49983a719ec,,False,,,,,
meme_001356,rus,data/raw/rus/2217.jpg,2217.jpg,True,608,800,JPEG,1f66989c9f2099012f31438bfe36df2eb24f52b0018814fe06f1e3ddeb38b544,,False,,,,,
meme_000980,rus,data/raw/rus/188.jpg,188.jpg,True,493,605,JPEG,bc1760cf6dd6955500deb1a04892491da6a27ca7a0f965f6aa10ea8ccb5be37f,,False,,,,,
meme_011079,ukr,data/raw/ukr/1TV1qM0F4olyPJ1GH3KUYFAUktxARiwYv.jpeg,1TV1qM0F4olyPJ1GH3KUYFAUktxARiwYv.jpeg,True,1279,1279,JPEG,dbcdf06858e7fb3f37070a0f2fab9ec5f3dfa4a2d724de0fdc6cdf235964690f,,False,,,,,
meme_008590,ukr,data/raw/ukr/1Cy0fsL6dRhAe-ox8cYMy9N9CAcy1oQji.jpeg,1Cy0fsL6dRhAe-ox8cYMy9N9CAcy1oQji.jpeg,True,895,1037,JPEG,adec1f70464ed82bf9e11994ef5ae48b0b071311fc9227e7fb960232d81b5aea,,False,,,,,
meme_007308,ukr,data/raw/ukr/14MuUKC2DU4i_1_jYG4DAIwZ_-8t8gmM7.jpeg,14MuUKC2DU4i_1_jYG4DAIwZ_-8t8gmM7.jpeg,True,1279,1279,JPEG,61385909886358c0a8086a654a7f9e70c29161d647ee7404a220f385ee8f42d5,,False,,,,,
meme_011958,ukr,data/raw/ukr/1ZDdUtYGa4bahWUH4qoUQ-Ll1POvKxgMh.png,1ZDdUtYGa4bahWUH4qoUQ-Ll1POvKxgMh.png,True,1280,942,PNG,c361f291a8dfb8d14d1bdcb2a627d4e14b42f5538d811b648ac1ba47b81a89f3,,False,,,,,
meme_006904,ukr,data/raw/ukr/11otco9jlEqGsbJTPjMdctsiEaHXv6VgU.jpeg,11otco9jlEqGsbJTPjMdctsiEaHXv6VgU.jpeg,True,1697,2040,JPEG,61bec7c601a3a44ee025c6b8994c79cfcc5496813c554c56b799991372d0eb7c,,False,,,,,
meme_001098,rus,data/raw/rus/1986.jpg,1986.jpg,True,660,800,JPEG,6a4392a0b7dfd7f8e44c89d1e338af8af9dfc24b8493672a11d08aabba8d642b,,False,,,,,
meme_008664,ukr,data/raw/ukr/1DWWfJYApLxkfVmCbN2HfJnDZK3sIYsXm.jpeg,1DWWfJYApLxkfVmCbN2HfJnDZK3sIYsXm.jpeg,True,1200,672,JPEG,4e95e870620fcf838012d474a304c3b9dd1e36006508a7ceb43cc529de2145e8,,False,,,,,
meme_001019,rus,data/raw/rus/1914.jpg,1914.jpg,True,567,567,JPEG,8b215195c4e9b39ce66329c4f000319d1dd7593079f127a0d80e46c7af64c2d0,,False,,,,,
meme_016186,ukr,data/raw/ukr/1zk_gC9mfJwX2SNY0IqtvlV8lIRsXAJGm.jpeg,1zk_gC9mfJwX2SNY0IqtvlV8lIRsXAJGm.jpeg,True,1056,1280,JPEG,b6c5f45912ffab726cda0d4c3c5cd8ccd961b9ce7e575d34d8be478f0deedecf,,False,,,,,
meme_002956,rus,data/raw/rus/3658.jpg,3658.jpg,True,604,483,JPEG,247b952db1c505e5a14fde998327b96bdb8302acb7637e7134ad7ed44d3e5982,,False,,,,,
meme_005577,rus,data/raw/rus/6016.jpg,6016.jpg,True,700,525,JPEG,096383033c7ccd6daed448a6b4a3f549d236dbc89d2ca10ec82f3f5ffb56484d,,False,,,,,
meme_014378,ukr,data/raw/ukr/1nkyxioBbUfDGaX4TWNIHL88dYpCBsdcn.jpeg,1nkyxioBbUfDGaX4TWNIHL88dYpCBsdcn.jpeg,True,828,766,JPEG,a4cad51f5775a8112d03ba34f6b5040a975057e7a14b003b9a0f6f5795f3291c,,False,,,,,
meme_001706,rus,data/raw/rus/2532.jpg,2532.jpg,True,800,420,JPEG,eff82261c37eedd7fa3a043fd7dd91d7c83f8bde946e307def4bba881ea13177,,False,,,,,
meme_003372,rus,data/raw/rus/4031.jpg,4031.jpg,True,800,746,JPEG,554c55df7ba01673bafd7b1aadb6990290f491ddf56c0669b36980d6deeeafb4,,False,,,,,
meme_002401,rus,data/raw/rus/3158.jpg,3158.jpg,True,539,521,JPEG,87e311cb7083ced35292a3d5f4518134c33584102d3823d3e4e7b95a9446bf8b,,False,,,,,
meme_005138,rus,data/raw/rus/5621.jpg,5621.jpg,True,599,588,JPEG,e1562a83106cba76f97eee3b38667103111064e49e782137e064161da34b85fd,,False,,,,,
meme_009226,ukr,data/raw/ukr/1H8lOuvprv4Dt12xEaqsvHdQeqExf7ubT.jpeg,1H8lOuvprv4Dt12xEaqsvHdQeqExf7ubT.jpeg,True,1071,673,JPEG,d04b545917047629c5ad5a2766b8ee40aef379ed93e5661b90c98e65561493df,,False,,,,,
meme_010363,ukr,data/raw/ukr/1OfsEt5Cbcx4lcSLvViguwjpD7jU9PfqD.jpeg,1OfsEt5Cbcx4lcSLvViguwjpD7jU9PfqD.jpeg,True,1279,1170,JPEG,cbab6626ee0fba738a291b5f0d8d342d20472e7514fbb41968f352b203de4f0b,,False,,,,,
meme_010150,ukr,data/raw/ukr/1NEA2_W7eprHRIVO3irqeeL6sD5WUyukw.jpeg,1NEA2_W7eprHRIVO3irqeeL6sD5WUyukw.jpeg,True,1280,1199,JPEG,b03a7076eb10a52165edf9ec9fadd60da505676ae4d7cacc83da35ee56955194,,False,,,,,
meme_003030,rus,data/raw/rus/3724.jpg,3724.jpg,True,600,800,JPEG,03e68b320539faa42c7006516eaa8115b1e7550a8bd0b56fa385e651c6b96714,,False,,,,,
meme_015710,ukr,data/raw/ukr/1wQhT9Ey1Nej4vy1nennY3p0w56YEv2lA.jpeg,1wQhT9Ey1Nej4vy1nennY3p0w56YEv2lA.jpeg,True,500,451,JPEG,dba9003937086b2311a85f2b8e2e022fbfaa44a7a2b60f3114b1f41bcc2ff419,,False,,,,,
meme_004773,rus,data/raw/rus/5293.jpg,5293.jpg,True,397,604,JPEG,dc7cdb1f8385ad6a36404985fcf037bf1dfe4f4df247116ce75c048a549e2d79,,False,,,,,
meme_002076,rus,data/raw/rus/2866.jpg,2866.jpg,True,800,741,JPEG,8172aa417b8895bd05f7ea76a8551c0e65c790140fa325c20a41ae13a88784b0,,False,,,,,
meme_005352,rus,data/raw/rus/5814.jpg,5814.jpg,True,759,728,JPEG,5bcecb09b480c53905887f6dec13094c4ee72ba9c72ac660bfa5d5680b85824c,,False,,,,,
meme_000950,rus,data/raw/rus/1852.jpg,1852.jpg,True,1080,1250,JPEG,ace61cfbc9c34d329a85fe2a6035eb85341c2d5296ef6f071f6aa2c41c554038,,False,,,,,
meme_005480,rus,data/raw/rus/593.jpg,593.jpg,True,1242,1230,JPEG,bbec93da1ac1493084c58ae8edf7736be9ba41ea697d94b922df50c02a10f7fa,,False,,,,,
meme_010422,ukr,data/raw/ukr/1OzZqIb9Jomb25f-_nC8gHlC3UVfHDBGd.jpeg,1OzZqIb9Jomb25f-_nC8gHlC3UVfHDBGd.jpeg,True,1280,960,JPEG,5943a8ee0def1706a6c4199a1078f4f231d88dd1f553d073dd76cb06e13c0921,,False,,,,,
meme_002992,rus,data/raw/rus/3690.jpg,3690.jpg,True,552,552,JPEG,aa4159ce4534e1856d0a33ea6b3057525a70253323e7c4253150f4d3ea090c1b,,False,,,,,
meme_015458,ukr,data/raw/ukr/1uhWVxHoMZxXd_H6qFgE_wQItquuFPVwc.jpeg,1uhWVxHoMZxXd_H6qFgE_wQItquuFPVwc.jpeg,True,811,608,JPEG,9d57bd8fc519ba0442707ba4739a047d9a7436fb2e6e1181c703ab65d5c136ac,,False,,,,,
meme_005307,rus,data/raw/rus/5774.jpg,5774.jpg,True,825,1080,JPEG,49ecf64aa4f182bc0da41f4999dd73760201633936ad8c5a56d5f6b2c230b14a,,False,,,,,
meme_013154,ukr,data/raw/ukr/1fnmqxtWO83z5Cj6VC6AgYMTeiMAJQ86-.jpeg,1fnmqxtWO83z5Cj6VC6AgYMTeiMAJQ86-.jpeg,True,1080,921,JPEG,3d1de418eafce406530cf54fb48cb64fb7ce77a174f4f8f63d2a6eee33346046,,False,,,,,
meme_004961,rus,data/raw/rus/5462.jpg,5462.jpg,True,1280,1280,JPEG,ac40a401ac8be7edbec304817a7e9b6f9a23e74c34baf7b42d1368ed3a1b8224,,False,,,,,
meme_002068,rus,data/raw/rus/2859.jpg,2859.jpg,True,604,437,JPEG,ec43fcd883e2a6edc0e8df1add1acda92899d96123d7b43a31a0baf954f051b3,,False,,,,,
meme_013249,ukr,data/raw/ukr/1gMgB_v1ZEdrrFqT2a6fvoMCuUUyuK3hw.jpeg,1gMgB_v1ZEdrrFqT2a6fvoMCuUUyuK3hw.jpeg,True,1080,1250,JPEG,50bf0c73637e3ca3a486085e1b44059b0462ce9f48ea7ea775b84d9c13ee555a,,False,,,,,
meme_001509,rus,data/raw/rus/2355.jpg,2355.jpg,True,664,800,JPEG,08314e30701ffe414a6a614ce58b3c66b3195a98429846f0b410c61c8c32cf19,,False,,,,,
meme_006014,rus,data/raw/rus/641.jpg,641.jpg,True,1135,1014,JPEG,74ea92f78886b5488c0a3d8e34578546ddaa86053d9b4037957c348befba2cf4,,False,,,,,
meme_002716,rus,data/raw/rus/3441.jpg,3441.jpg,True,1003,1080,JPEG,d184b0895fbac8d032b0d24758c3a01df5f89e2d3f64e60be446d646936de22c,,False,,,,,
meme_007066,ukr,data/raw/ukr/12r7Ye04Ga6Q4qDgnd0oHUH5DStk5zSFD.jpeg,12r7Ye04Ga6Q4qDgnd0oHUH5DStk5zSFD.jpeg,True,1021,877,JPEG,05c422297e43e8a3163db869b2cf7283163eb1b577fb030a1addf1de382dac25,,False,,,,,
meme_010839,ukr,data/raw/ukr/1RuDeLau50zG5Mb5td-V-eyczY_hJrFgP.jpeg,1RuDeLau50zG5Mb5td-V-eyczY_hJrFgP.jpeg,True,1000,525,JPEG,e42ff02745899217500c3e0b3fe5cbff6925a3b59b4988de0ec82d5c86124db9,,False,,,,,
meme_011627,ukr,data/raw/ukr/1X1gZyMLc3TscSbMPVJz9yKJBuVMTMp4E.jpeg,1X1gZyMLc3TscSbMPVJz9yKJBuVMTMp4E.jpeg,True,720,740,JPEG,845c7b98173706af90163830ab5a7b62a84cf2dd7b4e45ae2028db0daf03dcc5,,False,,,,,
meme_010039,ukr,data/raw/ukr/1MXUwBU23yENYLrtqVve2WIVvJjuIBITw.jpeg,1MXUwBU23yENYLrtqVve2WIVvJjuIBITw.jpeg,True,964,1280,JPEG,972383cd10e6a09116a8a56de7fa48ab0a8bdfd7fd8083f92028af9dfd707c77,,False,,,,,
meme_001567,rus,data/raw/rus/2407.jpg,2407.jpg,True,738,800,JPEG,73a103297958cea9beb95e4b9b27226f137afadd81c6adeff0df548ccc025481,,False,,,,,
meme_015781,ukr,data/raw/ukr/1wyujNtKsKH0zwoc27oaTO9fXPVtXvTGp.jpeg,1wyujNtKsKH0zwoc27oaTO9fXPVtXvTGp.jpeg,True,1080,887,JPEG,762da620a21b75a216d0fcfe17b6ff4ab96e6d43a6a2047cf25c9acf2cac12a3,,False,,,,,
meme_010932,ukr,data/raw/ukr/1SWX33UmoMsI5Mw4OuRC0RTs4BTb2ynzf.jpeg,1SWX33UmoMsI5Mw4OuRC0RTs4BTb2ynzf.jpeg,True,961,1172,JPEG,d61e1d0e1339df699ed29f9e132024e7cf1eecda92a4165866489d126846c8ca,,False,,,,,
meme_001603,rus,data/raw/rus/244.jpg,244.jpg,True,1280,1202,JPEG,cd0acd3742e99b5a685c675a6d834fe77c64a7f572ccc217844b4055d7b6f5dd,,False,,,,,
meme_000322,rus,data/raw/rus/1287.jpg,1287.jpg,True,750,566,JPEG,22ffee07a95079eac2dfa8bbc6bee9aadeb641385683897657b9c528a166e402,,False,,,,,
meme_015262,ukr,data/raw/ukr/1tX01JGNVKV8r_y5JfysUFBRZ75CbbZKj.jpeg,1tX01JGNVKV8r_y5JfysUFBRZ75CbbZKj.jpeg,True,1080,798,JPEG,0af0ee604beab20a3b5d5f86882feba214cee0edd6519a4d47073bcc29ad7b4f,,False,,,,,
meme_013097,ukr,data/raw/ukr/1fYxO41RbWeHPL0X1K6uUGZaBXBqi0g1y.png,1fYxO41RbWeHPL0X1K6uUGZaBXBqi0g1y.png,True,600,663,PNG,5e6d31b043ac0b50625cc7518b0c30c5520db2416a9c984cbc3dd569cdf53cb6,,False,,,,,
meme_015808,ukr,data/raw/ukr/1x6u_30I9lOrHnPy66K7dsNPY8OzNcQjt.jpeg,1x6u_30I9lOrHnPy66K7dsNPY8OzNcQjt.jpeg,True,1279,1279,JPEG,765c138ad107675b8b38df00127dfd41fce318b2803a50909f9bb9aeee9d2f11,,False,,,,,
meme_003740,rus,data/raw/rus/4363.jpg,4363.jpg,True,439,100,JPEG,7f11b64fc10ee140ad35909455812a885f85a5b94d75e38ab407ed2f78ca9cd4,,False,,,,,
meme_005528,rus,data/raw/rus/5973.jpg,5973.jpg,True,500,457,JPEG,998b59b4caf0d52ae077c869633549be5decafe4f36369e91ab4f0f00b4a6936,,False,,,,,
meme_007442,ukr,data/raw/ukr/15H_h0GAu2LYIV6X1tyDP4XOKL50nBIwH.jpeg,15H_h0GAu2LYIV6X1tyDP4XOKL50nBIwH.jpeg,True,800,533,JPEG,8030f9fdb33593a75d4158a3215fd0eef6698d3a8729f30fdd8cf37a9351aee5,,False,,,,,
meme_005769,rus,data/raw/rus/619.jpg,619.jpg,True,700,747,JPEG,60ffa7cef8906c7ea350a94d510d85bb3442938809f1f6ca657d181660b59f21,,False,,,,,
meme_011127,ukr,data/raw/ukr/1Tpbb18oQdREc9lp9j20YNLfKubfxXuU6.jpeg,1Tpbb18oQdREc9lp9j20YNLfKubfxXuU6.jpeg,True,828,758,JPEG,2969e6af4c98d3dd9bf225284c4bda477ab2841b9c852b2ffd5e4577601e09f3,,False,,,,,
meme_004897,rus,data/raw/rus/5404.jpg,5404.jpg,True,806,1058,JPEG,9fcc4c09bf5f228e292eeb73f465b0ce81f32fd5daecc87a486daeb9082503ed,,False,,,,,
meme_010052,ukr,data/raw/ukr/1Mdvr13ZfgDIM4SEcOPou17Jaq4u97GtL.jpeg,1Mdvr13ZfgDIM4SEcOPou17Jaq4u97GtL.jpeg,True,1080,609,JPEG,9de328b6f979d396e10c73e1f9b7e6a1edff871bd74eeec1bfaf59edfd180904,,False,,,,,
meme_015543,ukr,data/raw/ukr/1vG2CTIR8lGelTva5zWddeDzcuUKNbUjF.jpeg,1vG2CTIR8lGelTva5zWddeDzcuUKNbUjF.jpeg,True,720,626,JPEG,686889b4549b80a9e2385d814da9d7aea0f38d145f21f8eef103e814e01875a6,,False,,,,,
meme_013228,ukr,data/raw/ukr/1gFCaArd6KwsYHQEJJCAgfG0OZjOMuJmN.jpeg,1gFCaArd6KwsYHQEJJCAgfG0OZjOMuJmN.jpeg,True,828,959,JPEG,666903670591bdebaa1a98c6d1bccb3773c8bb652fd504c5ce638ccaa46beca9,,False,,,,,
meme_016147,ukr,data/raw/ukr/1zRbHTcxf_IDSkJAqiE-M0Iv8ARc8fQFc.jpeg,1zRbHTcxf_IDSkJAqiE-M0Iv8ARc8fQFc.jpeg,True,1179,1113,JPEG,b2892b312e76d4391e7d6a40bbdfce77a3e8baf2f26ab6c2c7593bf5f16686a6,,False,,,,,
meme_012960,ukr,data/raw/ukr/1ejvAWEs25oc-S4oRKfNBeaL8jLg_8fPJ.jpeg,1ejvAWEs25oc-S4oRKfNBeaL8jLg_8fPJ.jpeg,True,1279,1279,JPEG,645f1655d0ea051aedd03e1146db965f429a48a9fc0ac221e5b58b70e39a8193,,False,,,,,
meme_012948,ukr,data/raw/ukr/1eebkg9BKLKT4go_V8vjgoWcr5d3dVaU1.jpeg,1eebkg9BKLKT4go_V8vjgoWcr5d3dVaU1.jpeg,True,1022,747,JPEG,3669a5a9f9b121bbe3143037efd631d8b278f93fa91cd235a6651e4845a2823a,,False,,,,,
meme_010149,ukr,data/raw/ukr/1NE7nLwvxPL497YaZj81IfOInQDKYs73S.jpeg,1NE7nLwvxPL497YaZj81IfOInQDKYs73S.jpeg,True,807,794,JPEG,6ac4283395cc23531bf89389af33ff1debc94b0a778a701b90a7ec9cedb51850,,False,,,,,
meme_000264,rus,data/raw/rus/1234.jpg,1234.jpg,True,1280,1153,JPEG,45c40f86c3dc6af7d48509c764275f3a0a1fec82b1c79fd235a869a8722591ff,,False,,,,,
meme_007536,ukr,data/raw/ukr/15tb3Cct-8U5nU12hB-qbn3MaeR9lwYCf.jpeg,15tb3Cct-8U5nU12hB-qbn3MaeR9lwYCf.jpeg,True,1292,952,JPEG,9c15d01468622da92bece95743f88e4ebddbe7b2a2c9d4b6940bb64ed104163d,,False,,,,,
meme_011243,ukr,data/raw/ukr/1UZzxoJvqBlZexCV8jeq1UcE0y6PLJwsJ.jpeg,1UZzxoJvqBlZexCV8jeq1UcE0y6PLJwsJ.jpeg,True,1182,1280,JPEG,f4b78fb534f50f63af83f819e12ae6269c6ba2aa24a6ff9f611c9244d9cc5126,,False,,,,,
meme_007140,ukr,data/raw/ukr/13MJUmPp9U60KICTh2EsAGOLxAvGztBQ5.jpeg,13MJUmPp9U60KICTh2EsAGOLxAvGztBQ5.jpeg,True,452,421,JPEG,939c9c7b5ba009d4425cce012e6756b58478ad6d0dcdb6fbf8fca40d01565267,,False,,,,,
meme_004677,rus,data/raw/rus/5206.jpg,5206.jpg,True,1262,1280,JPEG,7f482ad6d2203c175908a78fbaabca65bd79a6478e2ef0c8e67973737a85e8b7,,False,,,,,
meme_010802,ukr,data/raw/ukr/1RdfofFt7gFrm4V5Z0vlZdmxpPsIpD9FY.jpeg,1RdfofFt7gFrm4V5Z0vlZdmxpPsIpD9FY.jpeg,True,969,1280,JPEG,fe41676b4a7241772ba3c7af2b6e37529023c3978e1bdb9d3d4c85e68f0519d0,,False,,,,,
meme_007177,ukr,data/raw/ukr/13atUobtXX9NzmLE8UHpYLsFAKR_TgIjy.jpeg,13atUobtXX9NzmLE8UHpYLsFAKR_TgIjy.jpeg,True,1360,765,JPEG,810a5cc9c395ede5531c1355f24d6c6e3a06bd9ff0f30620f9489065f063ebe5,,False,,,,,
meme_009364,ukr,data/raw/ukr/1I7eTpyKKxiR6SMs0DlB-5cO5Pg9pg4LP.jpeg,1I7eTpyKKxiR6SMs0DlB-5cO5Pg9pg4LP.jpeg,True,720,1000,JPEG,7031b694cd8837454db6423fd2caf24d3af252bf7e95d39fecf068b87fdccee6,,False,,,,,
meme_002754,rus,data/raw/rus/3476.jpg,3476.jpg,True,1024,1280,JPEG,905f171a2b340f29aa61676e5090330ac7d45fd23b961e586dac6f136b3413d0,,False,,,,,
meme_015724,ukr,data/raw/ukr/1wXryNUuJsOn7Q-20msGz2DllRYGCTnlJ.jpeg,1wXryNUuJsOn7Q-20msGz2DllRYGCTnlJ.jpeg,True,949,1279,JPEG,c71d0a357a9e4752f1cb06e767ee9eb5119c77c43ebea4ab7c2ed74f9aea2d6d,,False,,,,,
meme_013275,ukr,data/raw/ukr/1gVKiWBVwHBav4d3sFdJFshm-A-mBu8AW.jpeg,1gVKiWBVwHBav4d3sFdJFshm-A-mBu8AW.jpeg,True,726,755,JPEG,44af1a50f08f744e4a5aec9a6b972abbc431639a482c234b6ab93e7974172c67,,False,,,,,
meme_009076,ukr,data/raw/ukr/1G7JgWvtQRP0xisCeATC1zkT4IsmoEe_x.jpeg,1G7JgWvtQRP0xisCeATC1zkT4IsmoEe_x.jpeg,True,598,598,JPEG,290c504f7bf10220b4445d3607a15d44eeb8706e4fdc8e51ad9e047ba8e2815f,,False,,,,,
meme_009469,ukr,data/raw/ukr/1IoTxJh_n7hXAqxWJXvl2vi7N6T1pzTU3.jpeg,1IoTxJh_n7hXAqxWJXvl2vi7N6T1pzTU3.jpeg,True,720,502,JPEG,b032a5e1b2b34c71d13e69edcec8fad17bacea8cd840a0eb281ca44115cfad28,,False,,,,,
meme_010973,ukr,data/raw/ukr/1SnYbjtYGtncaYXt6pSgffVtMI1yU2hZj.jpeg,1SnYbjtYGtncaYXt6pSgffVtMI1yU2hZj.jpeg,True,823,531,JPEG,a4d95946817a6a909ad80ec0fd856cdc710f3345430ee736decbc4e1e252b141,,True,,,,,
meme_003520,rus,data/raw/rus/4165.jpg,4165.jpg,True,750,518,JPEG,ce6406d0da6298136eebd1cce26e2cc9bc910d1ec2eedb21ac12fbf32076f193,,False,,,,,
meme_000132,rus,data/raw/rus/1115.jpg,1115.jpg,True,603,800,JPEG,24682f976582e5fd6d73bafef7334aa257f84d65928eb0c7c7250bc6e48232d8,,False,,,,,
meme_005922,rus,data/raw/rus/6327.jpg,6327.jpg,True,599,800,JPEG,198b02ad7540a4b813834d43a75ca60d211fc3d0ce44a1b623419ca4f5645e5c,,False,,,,,
meme_015726,ukr,data/raw/ukr/1wYrIl0AAGwIQuYx5SM5nT-VcOgQy9Ri_.jpeg,1wYrIl0AAGwIQuYx5SM5nT-VcOgQy9Ri_.jpeg,True,225,225,JPEG,82af66d660079ff40ae59705402efad7a54880ecf97e1e641e0b77ac8956bb87,,False,,,,,
meme_002210,rus,data/raw/rus/2987.jpg,2987.jpg,True,715,800,JPEG,f6b8f25e1517cfc018a37c3cfe8795a136af5cbcbeb4189a5c6fd8e941428513,,False,,,,,
meme_003298,rus,data/raw/rus/3966.jpg,3966.jpg,True,1079,535,JPEG,d644a378aee27b2f80f0c08c5d6593d8ddbc56bf5c85878f03a93eabfb3749b0,,False,,,,,
meme_008484,ukr,data/raw/ukr/1CEAEC2XjcetNmkCJVYpb619Jw2hrGb0z.jpeg,1CEAEC2XjcetNmkCJVYpb619Jw2hrGb0z.jpeg,True,1080,1072,JPEG,e060350eda5d24bf9627ddddd06b33892b32d649c3c566c41b640151ec0c8c63,,False,,,,,
meme_006593,ukr,data/raw/ukr/1-iaM_4Muz4v_40EHSn0cRr6Cjkkg7F1E.png,1-iaM_4Muz4v_40EHSn0cRr6Cjkkg7F1E.png,True,644,742,PNG,63c80ee3eee96f9ad3d967fe58f636f51a20a35f9801e5bb4fb07208691f767c,,False,,,,,
meme_014691,ukr,data/raw/ukr/1prEQCeatKiI60nJmOnwNx6cpyt4fHDIf.jpeg,1prEQCeatKiI60nJmOnwNx6cpyt4fHDIf.jpeg,True,1280,1280,JPEG,6dce5313b446397c4588510266e1952a7720d04c5409b58e6aaa56a9367f6e25,,False,,,,,
meme_008867,ukr,data/raw/ukr/1EmPvWH0MhOo6LcJ0p9fVgsGfCL9Su7Nn.jpeg,1EmPvWH0MhOo6LcJ0p9fVgsGfCL9Su7Nn.jpeg,True,700,704,JPEG,8889b309d2870050e6c32bda6d56f22dc8c00d50954885881e8a6e7ffc9e7ec0,,False,,,,,
meme_002092,rus,data/raw/rus/2880.jpg,2880.jpg,True,1139,1280,JPEG,67b7b4344fb3e8680a0c62b5621a4f3f9d8876314e9db7d474584300de35a06e,,False,,,,,
meme_012483,ukr,data/raw/ukr/1bh98nurVZJYixo0csarojyPJOMJY4_7_.jpeg,1bh98nurVZJYixo0csarojyPJOMJY4_7_.jpeg,True,1110,1280,JPEG,e5224eda293374b3dd06b2b8ab743380b57c5b3c00758f72aa4d739db2da31bb,,False,,,,,
meme_008982,ukr,data/raw/ukr/1FXFQnBi6X2iT5UG3r74DwM5e6-h0H9eL.jpeg,1FXFQnBi6X2iT5UG3r74DwM5e6-h0H9eL.jpeg,True,690,811,JPEG,1e0ee4677fd2c3aa6efb71ce635b86c647ad98f7083a1350a88a346fd0bcbeef,,False,,,,,
meme_000652,rus,data/raw/rus/1584.jpg,1584.jpg,True,528,731,JPEG,56901ba386db5f1ca7e0f83089a6184fd0317fe2cbd872fffdc35b39be5939a7,,False,,,,,
meme_012680,ukr,data/raw/ukr/1cqob001FfLmz70GdElGgArnE2vgY6q4o.jpeg,1cqob001FfLmz70GdElGgArnE2vgY6q4o.jpeg,True,1280,898,JPEG,0fee8e14b49e882f5463eaca8d382f3c2733317fb05b391a981a86b2868e7d73,,False,,,,,
meme_002620,rus,data/raw/rus/3355.jpg,3355.jpg,True,604,598,JPEG,f08b3d97ff806966c5b6410393b3a7edddc59f47acd927aa6c6ce1d11e01cb74,,False,,,,,
meme_001025,rus,data/raw/rus/192.jpg,192.jpg,True,800,509,JPEG,6a3b46cf60e9025eda8ce4b5688b2b79e16938d2da4a287ef4835b1c725aa4fd,,False,,,,,
meme_009444,ukr,data/raw/ukr/1IfFcM6fwKYB8_0XbwjGT46zc7wsuqijc.jpeg,1IfFcM6fwKYB8_0XbwjGT46zc7wsuqijc.jpeg,True,690,370,JPEG,9ef0fca7e7ea770ef4285e40dcc0c4f21237d8c0930ce20926d700ba4447d57f,,False,,,,,
meme_001840,rus,data/raw/rus/2653.jpg,2653.jpg,True,735,728,JPEG,14a9edceaa45c28c500247eb07477ed8966bbe3089333e06caca219e299a9dd2,,False,,,,,
meme_007734,ukr,data/raw/ukr/17BrDAawMV4L6E8JDIDsmyvNKHNMqtoLX.jpeg,17BrDAawMV4L6E8JDIDsmyvNKHNMqtoLX.jpeg,True,941,1163,JPEG,19896e89a2989bfbc125519d62fcfb31c2a3402c6c4f95d3172a3f00d54fa080,,False,,,,,
meme_001144,rus,data/raw/rus/2026.jpg,2026.jpg,True,700,864,JPEG,04f3c40ecb94b5786ce55e3fa4b4bd1f16b57dbe6ca66ecb756344f4e3572e61,,False,,,,,
meme_012619,ukr,data/raw/ukr/1cVW9vBE2djWDRA6cXtyj2ABEOZtm4LNz.jpeg,1cVW9vBE2djWDRA6cXtyj2ABEOZtm4LNz.jpeg,True,1456,1455,JPEG,554fe9247624ce5fa9c7acb421be5fd141e10b4e354fd2c943c3684e585641cc,,False,,,,,
meme_003704,rus,data/raw/rus/4330.jpg,4330.jpg,True,1080,777,JPEG,6ba46046b81ade77bb9a77b51868c3272b813150d08f799c5020d4c525065cdf,,False,,,,,
meme_010211,ukr,data/raw/ukr/1NYMRn802T-e_GlZaOqFRW7hIYX3CobwU.jpeg,1NYMRn802T-e_GlZaOqFRW7hIYX3CobwU.jpeg,True,1022,1078,JPEG,1c91a9a974b50a8812c1acb0fa607674a384d938f41fe76b313320f86152f27d,,False,,,,,
meme_005713,rus,data/raw/rus/6139.jpg,6139.jpg,True,600,700,JPEG,a57d9839521b0a48a78e53434f61d7b365c833d3d0ea83a2a4efb0ce42393242,,False,,,,,
meme_005002,rus,data/raw/rus/55.jpg,55.jpg,True,1280,944,JPEG,2b4ac7a1d156f94b892cbfa0a8b924c831e812a774903ff8e46f56946043a844,,False,,,,,
meme_012755,ukr,data/raw/ukr/1dKgh67JoKZPgX0dM5qI0AnF3RCpqObCP.jpeg,1dKgh67JoKZPgX0dM5qI0AnF3RCpqObCP.jpeg,True,818,1279,JPEG,0556e6fe773bd1d88ec1da5770a7b3a042b2b7fa38d55587aaa04ae308bd4c0f,,False,,,,,
meme_003296,rus,data/raw/rus/3964.jpg,3964.jpg,True,782,800,JPEG,876d31d35ac5c373e78ce1caec7eef94875a06a873adb40ade5df030327dffc9,,False,,,,,
meme_008560,ukr,data/raw/ukr/1Cnssh8qkCX5W_PVHdcDydX8IujA7Qw80.jpeg,1Cnssh8qkCX5W_PVHdcDydX8IujA7Qw80.jpeg,True,1089,1105,JPEG,b6b50571dbdfdb3f00a18bac60c528e497d6c8ddeaea521dec0e00e3c77354b3,,False,,,,,
meme_001304,rus,data/raw/rus/2170.jpg,2170.jpg,True,1280,1030,JPEG,debeb190e6d5f3f43efb7387963210e3980bcc173a378d7daa6c1949a73f4583,,False,,,,,
meme_000763,rus,data/raw/rus/1684.jpg,1684.jpg,True,968,1080,JPEG,5fd0e6e6d35a97e28a95c0660253ee891e22bc22b46c6cbb97686b22de8c5584,,False,,,,,
meme_006766,ukr,data/raw/ukr/10uRMvulET3qxaCQB-rTipvVyONuNZk0z.jpeg,10uRMvulET3qxaCQB-rTipvVyONuNZk0z.jpeg,True,1080,1438,JPEG,cadddcc1b6c40fe195197688c1a47d6a09e12caf3a62a555bae83c401f1ef589,,False,,,,,
meme_000111,rus,data/raw/rus/1097.jpg,1097.jpg,True,832,1280,JPEG,1c62fbb61f45b03ee1819d085a150b47713970c80d0377f7eaba832e3852cd82,,False,,,,,
meme_002443,rus,data/raw/rus/3196.jpg,3196.jpg,True,604,509,JPEG,2f5c278fb2db0c30cf8b87dac09a404a2ef3b17e1f32569ea19e8e9fb0a62378,,False,,,,,
meme_004430,rus,data/raw/rus/4985.jpg,4985.jpg,True,1280,1023,JPEG,5d83921c984cfdc37d22af327b26fd15e8c66a8e2c972a050a9f7564d7ea9281,,False,,,,,
meme_002523,rus,data/raw/rus/3268.jpg,3268.jpg,True,800,573,JPEG,1ee64423e2b249d61be1de079c2b986da050a9fc24acbe4fb11bd8b33c62ef63,,False,,,,,
meme_004334,rus,data/raw/rus/4899.jpg,4899.jpg,True,1114,1280,JPEG,9dbf252d8569cf7e0d105b4baf456c09e79907f4526f98dbc3b5f8838b890057,,False,,,,,
meme_014825,ukr,data/raw/ukr/1qpQNkSBchxMHv9GXGnaxOOx_0sJKHsuU.jpeg,1qpQNkSBchxMHv9GXGnaxOOx_0sJKHsuU.jpeg,True,610,680,JPEG,c8b70f66f9644cdcc5a5f1dffe85c64d8bf0575dec1d152429df53a3e9df35dc,,False,,,,,
meme_002755,rus,data/raw/rus/3477.jpg,3477.jpg,True,679,680,JPEG,ef0fc9f10030abe85b090ce5b571f1d396090321c44274bf310f1c71eea72e60,,False,,,,,
meme_012878,ukr,data/raw/ukr/1eAJpR2nvmWfgU04m55vDZu8ynb5hZI0P.jpeg,1eAJpR2nvmWfgU04m55vDZu8ynb5hZI0P.jpeg,True,1179,1115,JPEG,ee73d1f2ea11bf95178b07d9801b5b2b947d64d2adf9d9ff4b7c6f2b57af9dbb,,False,,,,,
meme_010726,ukr,data/raw/ukr/1R5GbaKZNUFTeUUp3zgL_K6mb0cBNzALB.jpeg,1R5GbaKZNUFTeUUp3zgL_K6mb0cBNzALB.jpeg,True,736,981,JPEG,be27b0a74d9dcbb3119e02dce79a5e018832901052a29459b63d417b35cd8c3d,,False,,,,,
meme_006196,rus,data/raw/rus/718.jpg,718.jpg,True,563,570,JPEG,04d499454f357c5fded86e5517f641689a299de19b0c4435a2d64047fcefcf7f,,False,,,,,
meme_009856,ukr,data/raw/ukr/1LIac32Du_2hcTjF3mbHXva63Y1RrR-lR.jpeg,1LIac32Du_2hcTjF3mbHXva63Y1RrR-lR.jpeg,True,556,450,JPEG,3809505acc236ccce8942112ad57f57fd6254328cc94a744b9f4e3010e7575b5,,False,,,,,
meme_004253,rus,data/raw/rus/4825.jpg,4825.jpg,True,750,1080,JPEG,459085cd755dee2a8135cec4ba463a4916107b7a9afa342d24b18797773fad64,,False,,,,,
meme_010762,ukr,data/raw/ukr/1RLaxDDPV0IGALLPHnKoyvxSU1Z_-Dcpq.jpeg,1RLaxDDPV0IGALLPHnKoyvxSU1Z_-Dcpq.jpeg,True,455,464,JPEG,5d1a9edfd3950c161285a79174efb6c25cbe2cc795c874de882051b2f0ec1a41,,False,,,,,
meme_005181,rus,data/raw/rus/5660.jpg,5660.jpg,True,1170,1174,JPEG,ebc001cb5b19d8456cbaebd854d8c9f1a50bd2fa86b29ffcfdba2c041d239419,,False,,,,,
meme_004013,rus,data/raw/rus/4609.jpg,4609.jpg,True,1263,1280,JPEG,cc8017c7e3f4ae196338a2922a34d619ebdc5234d1a3e609cd32bd2bfc31f66c,,False,,,,,
meme_011365,ukr,data/raw/ukr/1VLl4r3WT50OUrGStcaCmr0Iw6ytYZYX4.jpeg,1VLl4r3WT50OUrGStcaCmr0Iw6ytYZYX4.jpeg,True,1062,913,JPEG,01ef134f02f39716af494df61ffdd2696d2d7ac73cca7f03bf4a6d0f913efb92,,False,,,,,
meme_003827,rus,data/raw/rus/4441.jpg,4441.jpg,True,719,960,JPEG,3c6ee420bf3acd3905a58aa1189e642e8bb1c0c69f461bf67772c1b96c0de3f9,,False,,,,,
meme_005767,rus,data/raw/rus/6188.jpg,6188.jpg,True,604,534,JPEG,ac72071f1068a8115c090d6272eb3e69712cd3fc4bbb0f77e966a52455c594a3,,False,,,,,
meme_004449,rus,data/raw/rus/5000.jpg,5000.jpg,True,579,423,JPEG,d9e9378bd55724d3c5d8331f2888b6819726c8f55ade8a9f8dd5ae8ca7226461,,False,,,,,
meme_015197,ukr,data/raw/ukr/1t5-MrJX5d1H43KMFcU6RL5BxzivEaXs3.jpeg,1t5-MrJX5d1H43KMFcU6RL5BxzivEaXs3.jpeg,True,1610,1337,JPEG,d8275bafeecf6787b1490b50a4060a64399742ab027a61ce86d90be0c928e38a,,False,,,,,
meme_000968,rus,data/raw/rus/1869.jpg,1869.jpg,True,736,663,JPEG,f37b167c51f1bfaff502143b829142e28ee0777864521c51a939a8c4d340ea63,,False,,,,,
meme_013954,ukr,data/raw/ukr/1kskzRFNTpyehhnCGIH2pqfVQPWMdRVXs.jpeg,1kskzRFNTpyehhnCGIH2pqfVQPWMdRVXs.jpeg,True,1600,1568,JPEG,417feded94c10ff9f92c1feebfe74c2ad3983db96cccabf85641d0529c3c160e,,False,,,,,
meme_001946,rus,data/raw/rus/2749.jpg,2749.jpg,True,726,800,JPEG,5da073d243382e013bfa2c11a4007928a6ec6976dc58b52f6abb010f3239f7db,,False,,,,,
meme_013450,ukr,data/raw/ukr/1hgztlCJWM-t_-6NvsCFV_yi2XsBzVs-n.jpeg,1hgztlCJWM-t_-6NvsCFV_yi2XsBzVs-n.jpeg,True,1200,800,JPEG,103549a4ae2dfab4cd7e994ddd1a6c843f8e4ef3ea3f4c9670b6d2465116eec8,,False,,,,,
meme_006088,rus,data/raw/rus/6477.jpg,6477.jpg,True,449,339,JPEG,9c505c2408477ac2a1ec37d4c73a98b19129b78031c40e14332ad20525abfe58,,False,,,,,
meme_006073,rus,data/raw/rus/6463.jpg,6463.jpg,True,617,800,JPEG,845c9c8eb465e21ae38c97b59de821a730996b2bedf51c765e83fe595256a67c,,False,,,,,
meme_000096,rus,data/raw/rus/1083.jpg,1083.jpg,True,800,581,JPEG,1c5f32a6f80ad20a7d7d127a0472b4654f111e4e8d3b3552172b3f09778cded5,,False,,,,,
meme_003860,rus,data/raw/rus/4471.jpg,4471.jpg,True,591,404,JPEG,d27bcc13f9ca306b933a5319179f32638f762c762281fd7e1d76ff9ecaed0809,,False,,,,,
meme_013383,ukr,data/raw/ukr/1hFsxGL5RHcMTOj6IQfhJwpOtKDiNronF.jpeg,1hFsxGL5RHcMTOj6IQfhJwpOtKDiNronF.jpeg,True,906,355,JPEG,249627753b147ac01df0afe79fe84792a3b780758c11033bfd3b242df0beab81,,False,,,,,
meme_002612,rus,data/raw/rus/3348.jpg,3348.jpg,True,800,667,JPEG,fc415c91ce328dffe2f4a0ddd394b9be2bda96691726b7dce6a179aefa3e6ffe,,False,,,,,
meme_007467,ukr,data/raw/ukr/15QIjvIU8UYH22Ay8b_BqkObcq00w6DJR.jpeg,15QIjvIU8UYH22Ay8b_BqkObcq00w6DJR.jpeg,True,954,1280,JPEG,a038816be0dade518e4d4abd32fd96e559ba06016f9c40303f33e01622a9b5c4,,False,,,,,
meme_002819,rus,data/raw/rus/3534.jpg,3534.jpg,True,1280,960,JPEG,253562728a4842bb8161fa82ab55e4a8cc44a54bfe0fefbf32a91a68d0fea7da,,False,,,,,
meme_009645,ukr,data/raw/ukr/1K2JI6dDBhrCLRLdws9iueVMauQCD71Ur.jpeg,1K2JI6dDBhrCLRLdws9iueVMauQCD71Ur.jpeg,True,1179,1169,JPEG,551bf2d2c978d3e76725c00aabcd579706dfa0709053df5ab96e1138868b61e6,,False,,,,,
meme_000220,rus,data/raw/rus/1195.jpg,1195.jpg,True,416,604,JPEG,d501e06140be7f9c07e59672090cf2c4c69884db3cb2fe8e4e07a8c17e7d1faf,,False,,,,,
meme_012148,ukr,data/raw/ukr/1_W7xok3tYMEyc6bzd0wAZ1lY-06uegfI.jpeg,1_W7xok3tYMEyc6bzd0wAZ1lY-06uegfI.jpeg,True,526,526,JPEG,0331d20e8028651b422723981a4b751cbc4cc38eeaeea1f0224a13a495cf8ace,,False,,,,,
meme_000060,rus,data/raw/rus/1050.jpg,1050.jpg,True,1125,911,JPEG,7ea2af7c9fb65922703aff7acbfeced20563004c28e165a7f415b9cdb6f80ae1,,False,,,,,
meme_015206,ukr,data/raw/ukr/1t9ETFVW5r7-Tyvu37istqft3pCT2MazJ.jpeg,1t9ETFVW5r7-Tyvu37istqft3pCT2MazJ.jpeg,True,758,567,JPEG,17141f3ef4b71314af6a173fbaea6f6976a2241a5efa2c293560aa8b7a2d0753,,False,,,,,
meme_004329,rus,data/raw/rus/4894.jpg,4894.jpg,True,1280,1027,JPEG,59ab201aafc6cc56bca555e36ac901d2f626d3c6861658257cc1200fed788cdb,,False,,,,,
meme_002549,rus,data/raw/rus/3291.jpg,3291.jpg,True,595,559,JPEG,6e9381c105ac23d0bdd419e057beb23d41aa31c0e7e630a5f5db8ba556490c79,,False,,,,,
meme_015720,ukr,data/raw/ukr/1wWT5y0gMDmHwyNqEZrzigm1x1xdTdHbI.jpeg,1wWT5y0gMDmHwyNqEZrzigm1x1xdTdHbI.jpeg,True,872,1279,JPEG,10def140354e83625d0e9e6fbc0eae573c048138f905f0fb9b3c2765238f4bf0,,False,,,,,
meme_005569,rus,data/raw/rus/6009.jpg,6009.jpg,True,622,561,JPEG,429892b850c4d5eabed8e026b7ca4595e234b8e802d2aba332ec74eb2051dd8f,,False,,,,,
meme_004949,rus,data/raw/rus/5451.jpg,5451.jpg,True,612,800,JPEG,66c34138e917d1d876971e4c4450f041bb50fe8e2a92a680c05ba56c4e033034,,False,,,,,
meme_014442,ukr,data/raw/ukr/1o8FhvZNNyDNtYzwXpPFrcQNkTnQmugwF.jpeg,1o8FhvZNNyDNtYzwXpPFrcQNkTnQmugwF.jpeg,True,1024,1132,JPEG,add2e3ed3a68ec1a6857b9bc0b941e6c2dfa1ccf485308fda3094dafc067695d,,False,,,,,
meme_002458,rus,data/raw/rus/3209.jpg,3209.jpg,True,750,771,JPEG,dc2dee15fc9e11366329aa59f6cee1ac235a6f28b6b0546ccd2dd31b66a4706a,,False,,,,,
meme_015612,ukr,data/raw/ukr/1vjwoy3F8Jfpt2rpUeLKyKkROPrANoUyl.jpeg,1vjwoy3F8Jfpt2rpUeLKyKkROPrANoUyl.jpeg,True,1223,1280,JPEG,c51285424307c1093a4a2c0c8062e6133b10bcbcac52fb2a61073e5e5bc202a5,,False,,,,,
meme_004005,rus,data/raw/rus/4601.jpg,4601.jpg,True,640,586,JPEG,59f0e7ec9c8775653c642cb07c973561f6aa3e5cbd81c6ac87c95968faaf1f4e,,False,,,,,
meme_008130,ukr,data/raw/ukr/19z4bnfpkKjtAN0wd8mf-6NIrPhgERffk.jpeg,19z4bnfpkKjtAN0wd8mf-6NIrPhgERffk.jpeg,True,1224,1680,JPEG,8b432d33da896b2af9d90ff7f6fde0af74b0467f0925bba04e9c4ed7990fa724,,False,,,,,
meme_000462,rus,data/raw/rus/1412.jpg,1412.jpg,True,674,1080,JPEG,97aa481856bd9f5a17417afd6929b01c37dc04aea2c29708292e1961333f384c,,False,,,,,
meme_007022,ukr,data/raw/ukr/12YKAosxVFneKEFZcIuIqiu9n8r_yFkse.jpeg,12YKAosxVFneKEFZcIuIqiu9n8r_yFkse.jpeg,True,619,418,JPEG,1e8a5e37e6c5676352e08d6279974cdf6447cac91759a4ed9a5a01893c658faf,,False,,,,,
meme_012659,ukr,data/raw/ukr/1cgz6JDnKcbug7fJJiXuSBUcLjE8vnmE-.png,1cgz6JDnKcbug7fJJiXuSBUcLjE8vnmE-.png,True,1125,1158,PNG,9f19e559b46cd065c7d9872735623f292dffd8a77e52c2d35989af72eb124fd1,,False,,,,,
meme_012322,ukr,data/raw/ukr/1agew2WV9Sn8lsyINuLrnSGQXH8-u41Qa.jpeg,1agew2WV9Sn8lsyINuLrnSGQXH8-u41Qa.jpeg,True,580,678,JPEG,c915c66a8081fdb9d336e87b061b766046140cfd3841d9880973a3f9eb9bb828,,False,,,,,
meme_004610,rus,data/raw/rus/5146.jpg,5146.jpg,True,1060,700,JPEG,cfa2e9c61325629b43a0b3e4471b7495d9238fcb9c995e9067bd33751500e9d5,,False,,,,,
meme_014472,ukr,data/raw/ukr/1oLlv-uVxcK8SJ7NUvMDiy52AYtmzuPA_.jpeg,1oLlv-uVxcK8SJ7NUvMDiy52AYtmzuPA_.jpeg,True,966,1280,JPEG,8108bcfa23c92507a965f71ad37d042a8da99a5c3f2e8a99fb5f86018f14d397,,False,,,,,
meme_000821,rus,data/raw/rus/1736.jpg,1736.jpg,True,1000,736,JPEG,849dc93b0057bf28eb80205a8f5f2624270113a8d9a8aed54e85db57980e9577,,False,,,,,
meme_013201,ukr,data/raw/ukr/1g4RJ8FTLUJxO9XqwWVRM62lxIQqaguyy.jpeg,1g4RJ8FTLUJxO9XqwWVRM62lxIQqaguyy.jpeg,True,720,598,JPEG,6ed1a71669e55a20b5134d6a7d4fec36c349c268ef5a3d8c2792db8e2f3d7851,,False,,,,,
meme_005475,rus,data/raw/rus/5925.jpg,5925.jpg,True,1280,1280,JPEG,b9a44f8562639622e0bff1eecdac732d44f74f16bc0c14a82965fc314c8f302e,,False,,,,,
meme_012314,ukr,data/raw/ukr/1af-uD_LqWVvvhvB7GMfl0AoStxSI8Bpl.jpeg,1af-uD_LqWVvvhvB7GMfl0AoStxSI8Bpl.jpeg,True,1080,1261,JPEG,da38c0628eacd8205063b1168475c0be6cfcf65352ba4d9817d219237658066a,,False,,,,,
meme_016041,ukr,data/raw/ukr/1ycnmfSP7WyexbwVYDYbptPWD5ybg0du8.jpeg,1ycnmfSP7WyexbwVYDYbptPWD5ybg0du8.jpeg,True,905,851,JPEG,32b61e2f315e6ca1b30e4f23f5f3b8afc207831d31582a8c07e7338ddb15868c,,False,,,,,
meme_014187,ukr,data/raw/ukr/1mPeW9guV7QE0H5rGm5mV7Qayh77LKK16.jpeg,1mPeW9guV7QE0H5rGm5mV7Qayh77LKK16.jpeg,True,432,411,JPEG,e53970a3867ea11818a1a2d1564a79e8624791c6600c11b93f1922b02fa79ce5,,False,,,,,
meme_006148,rus,data/raw/rus/675.jpg,675.jpg,True,794,800,JPEG,4687482c2841138d317625f8a83962562fbe82a6a658bcce6e3d399fa939c4af,,False,,,,,
meme_011913,ukr,data/raw/ukr/1YyFJ8dYQYirAk6_YLJ0FPZV3zoPp2VJW.jpeg,1YyFJ8dYQYirAk6_YLJ0FPZV3zoPp2VJW.jpeg,True,1280,817,JPEG,78081400fda568a87de186a14bc76844d6e2dabb4ee8c8ee8f9e54f8d1ff6ce0,,False,,,,,
meme_010837,ukr,data/raw/ukr/1RsgWGFmd68-jOhHdo6v13vfj_HjaJWh8.jpeg,1RsgWGFmd68-jOhHdo6v13vfj_HjaJWh8.jpeg,True,654,889,JPEG,e7e043afa6f273ccf0ad3e8d83a6cb192f4f26c684a1b4d7c7e639349743f768,,False,,,,,
meme_006932,ukr,data/raw/ukr/11yrWT-gu6YX9GJp3FTv5x4Uz2VyBkwAj.jpeg,11yrWT-gu6YX9GJp3FTv5x4Uz2VyBkwAj.jpeg,True,563,434,JPEG,c5b412294d1ae75dccaed01190e6ecf354a1beed20da1d506097bee3e535bfb3,,False,,,,,
meme_000399,rus,data/raw/rus/1356.jpg,1356.jpg,True,800,755,JPEG,857bbf29ce0987cb4a6ba2ca50af57dead913a327535dd7e05363a80cab2d5c0,,False,,,,,
meme_013196,ukr,data/raw/ukr/1g20phCwRZvxBQn8J-wCPYTA4zolhADst.jpeg,1g20phCwRZvxBQn8J-wCPYTA4zolhADst.jpeg,True,967,1080,JPEG,04d68dac3a1b3ebbbb81385639ead5a063f42c0eacd42ca9d1f43e8e9852a807,,False,,,,,
meme_014375,ukr,data/raw/ukr/1njj2Jt5y6D2oH2d4qOlye42RfStSB35e.jpeg,1njj2Jt5y6D2oH2d4qOlye42RfStSB35e.jpeg,True,1590,900,JPEG,98402428d254a965eac7381396531b4e334e809a29717d15af77e60f9813bf53,,False,,,,,
meme_006322,rus,data/raw/rus/831.jpg,831.jpg,True,612,1080,JPEG,a20652aef992402f160649b79fe9d2474078b3ab5fd1dcf0e12179fa37b4b976,,False,,,,,
meme_002376,rus,data/raw/rus/3135.jpg,3135.jpg,True,604,554,JPEG,6106d0c5d0e573e85999ef7de30bc19af141069ae803060c69a4985886fe9ce4,,False,,,,,
meme_003338,rus,data/raw/rus/4000.jpg,4000.jpg,True,800,720,JPEG,364a3b1b144ce11778023ee38b8db665ffa26449c7ee6005b4e0088f84bb8ab7,,False,,,,,
meme_003102,rus,data/raw/rus/379.jpg,379.jpg,True,1080,1060,JPEG,c8d5cd8b011939c928d8462eddc93a595d88d052771a812592758ef5b6e807d2,,False,,,,,
meme_005827,rus,data/raw/rus/6241.jpg,6241.jpg,True,842,1080,JPEG,d06b497ae2cb2d779454ad8e28c7183a84125ae3a1724b44cd02dd7bcb3c9d64,,False,,,,,
meme_005147,rus,data/raw/rus/563.jpg,563.jpg,True,1080,1027,JPEG,5abca4d6e20bb01d23e51fa87745e852042f31a5e7734a885e182ac5d5f594a8,,False,,,,,
meme_007106,ukr,data/raw/ukr/139tE44tG003Til8c5Dodvx2Dt_3CHXu0.jpeg,139tE44tG003Til8c5Dodvx2Dt_3CHXu0.jpeg,True,1032,872,JPEG,97e8c4f661e361533a728f460b4cfef6f56d7acfc778b2735659765dd0741b51,,False,,,,,
meme_016114,ukr,data/raw/ukr/1z7_uEBBSfdhicNuvkxBukY_OSQuuPgFf.jpeg,1z7_uEBBSfdhicNuvkxBukY_OSQuuPgFf.jpeg,True,960,594,JPEG,655c4d2cd632b713e56350fbc4ebfc13b5bdff0b54802bf6e5974860d73202cb,,False,,,,,
meme_012781,ukr,data/raw/ukr/1dWmGx7LXCbExMj9HBADBaMOg7qsTTa8P.jpeg,1dWmGx7LXCbExMj9HBADBaMOg7qsTTa8P.jpeg,True,500,612,JPEG,314fe6e2071044d6e08c233300c144a382f63e8bb3c49e342df4939fcb397aae,,False,,,,,
meme_013814,ukr,data/raw/ukr/1jyFuwt-xp1U5APmccWYASAqGvK57CzkJ.jpeg,1jyFuwt-xp1U5APmccWYASAqGvK57CzkJ.jpeg,True,1024,1238,JPEG,155072c82f9ac0e1a5481144192f0fbc6267f5e56c16293ce9be7bba3ca4c8fe,,False,,,,,
meme_010520,ukr,data/raw/ukr/1PmsVV5z-KEOlJtjQhsA5xT1m06AX8fzr.png,1PmsVV5z-KEOlJtjQhsA5xT1m06AX8fzr.png,True,800,550,PNG,10b5e7c9f62363279e204d8f680299d28adf1db6ee50871acc582c4f06c80ed0,,False,,,,,
meme_006837,ukr,data/raw/ukr/11KeU5clGL1ThN0I-JMiAD492zU_S6t9q.jpeg,11KeU5clGL1ThN0I-JMiAD492zU_S6t9q.jpeg,True,1280,1280,JPEG,6c380b70f680b790bdb33c6ec555a6fc6ece015d3a2eb49a0e6d738be660c878,,False,,,,,
meme_015113,ukr,data/raw/ukr/1sSoOvOsuu4msEl6yiiS9bt2UMn8pHk6w.jpeg,1sSoOvOsuu4msEl6yiiS9bt2UMn8pHk6w.jpeg,True,1278,1084,JPEG,bac819c6dd6fcf2f2980006839f7ea9d6d866b32b27a6a5e8d15619e36f50214,,False,,,,,
meme_011847,ukr,data/raw/ukr/1YV-E5qHWJfZo4HNNvkF82e5r2e5MbTGu.jpeg,1YV-E5qHWJfZo4HNNvkF82e5r2e5MbTGu.jpeg,True,821,960,JPEG,65d78cf1a6a0fd290139393365eabdd98fc9a14df77dc5387fe35373b39eaf4f,,False,,,,,
meme_013293,ukr,data/raw/ukr/1gcjIYQB17ZGXn7QgWor7kH3MF-dvayEr.jpeg,1gcjIYQB17ZGXn7QgWor7kH3MF-dvayEr.jpeg,True,600,557,JPEG,423d942ff7d7707915bf3a062bc6cba169140bf36c090715730d7edafa1bc929,,False,,,,,
meme_013623,ukr,data/raw/ukr/1ipBmy7_5AGhYhhnPWTbhXbEq6AsJNL2d.jpeg,1ipBmy7_5AGhYhhnPWTbhXbEq6AsJNL2d.jpeg,True,1025,1019,JPEG,d946d8fde29d2d7ce79f08b1cc0b631b6bea01f2853a02e786b59640dda861ee,,False,,,,,
meme_000331,rus,data/raw/rus/1295.jpg,1295.jpg,True,757,638,JPEG,3f11e1c1221cf60cbf1ff36d4beac2634fa97ef9c89d6e016daa4c3ed1d243f4,,False,,,,,
meme_001787,rus,data/raw/rus/2605.jpg,2605.jpg,True,651,800,JPEG,e98c0b0a1b3bffdd7f04c07b75e452400f95122accf669cfaf6378dbb4e9aa56,,False,,,,,
meme_000813,rus,data/raw/rus/1729.jpg,1729.jpg,True,528,598,JPEG,4422bc8dc17b60a970a5a61aa60dcec488a987ea08526345ca962b3fe8dd23cc,,False,,,,,
meme_001979,rus,data/raw/rus/2779.jpg,2779.jpg,True,1080,823,JPEG,df4b8d3e4380109eeb38b85f0bdce552fd38e4f39fe9d296b4dc24f25a25465c,,False,,,,,
meme_003117,rus,data/raw/rus/3802.jpg,3802.jpg,True,317,604,JPEG,10f94dff3e265a0fe7640355380d6df86ebed76c426251725604c1b90e9008cd,,False,,,,,
meme_001695,rus,data/raw/rus/2522.jpg,2522.jpg,True,800,576,JPEG,1415b126bf26871f474908b565bfea609d3b9b2573b867ae14ef55a11dab8062,,False,,,,,
meme_012722,ukr,data/raw/ukr/1d7EcpjcmKRn5VMTEzmDrAMx6Zr7oBlCo.jpeg,1d7EcpjcmKRn5VMTEzmDrAMx6Zr7oBlCo.jpeg,True,1280,889,JPEG,678804775862d7e54734142e7bfe3e621f0f89da6010212715db564f95907c3a,,False,,,,,
meme_000614,rus,data/raw/rus/155.jpg,155.jpg,True,604,337,JPEG,e9af5f2360866f1ded0fd605526d4ea9e599dd659d41921751e4f602dd175213,,False,,,,,
meme_001283,rus,data/raw/rus/2151.jpg,2151.jpg,True,536,604,JPEG,62fb1ddad4e3de6770e994a04d04215f2b2f88dfd90d860aee07b45b59aef076,,False,,,,,
meme_010983,ukr,data/raw/ukr/1StzH3rBL6y91MW4ZtTpiLyCf2AHVO4Tv.jpeg,1StzH3rBL6y91MW4ZtTpiLyCf2AHVO4Tv.jpeg,True,1044,915,JPEG,d3c08685337b5a19cd2a5601b89361ad31fd298a07bbe0424c40187a48c1870b,,False,,,,,
meme_008405,ukr,data/raw/ukr/1BlgGOiKS0I3mjXX6dL2F2v0OiGP9yvzG.jpeg,1BlgGOiKS0I3mjXX6dL2F2v0OiGP9yvzG.jpeg,True,415,619,JPEG,959e334e5b0e4b35d07e312a64c60d02118f4166c3b01ae102c244c230deeb91,,False,,,,,
meme_009234,ukr,data/raw/ukr/1HA_KWJL9xrlexAgRQ2iTL8z5USOI7wQE.jpeg,1HA_KWJL9xrlexAgRQ2iTL8z5USOI7wQE.jpeg,True,851,900,JPEG,fb456aa5c48664652cf338aba7cc32b76a1da288cc26cb99b0ac759f27f380f5,,False,,,,,
meme_001711,rus,data/raw/rus/2537.jpg,2537.jpg,True,512,512,JPEG,2acc8adeefce49809f89bb34904fd912f90dfc4dd4edc7d96125452ba8101633,,False,,,,,
meme_014098,ukr,data/raw/ukr/1lrMtorZdFH8ME6jOWwkVbCsjgvxrMyRi.jpeg,1lrMtorZdFH8ME6jOWwkVbCsjgvxrMyRi.jpeg,True,1280,1065,JPEG,4d74c69e3d4de29e8d808b53bf6602bc8e37cb751aae107467aee8f8deff2f08,,False,,,,,
meme_005207,rus,data/raw/rus/5684.jpg,5684.jpg,True,640,391,JPEG,23be9a93bc1382424cd640e4534a1f8a4f20c09994d1c785c3e698d30a1dedac,,False,,,,,
meme_015657,ukr,data/raw/ukr/1w-xmbuivmYo4yOTb2Dc4CS_7qdiNgB5e.jpeg,1w-xmbuivmYo4yOTb2Dc4CS_7qdiNgB5e.jpeg,True,872,1279,JPEG,4fe810cb53955040f39aedb9d0d8f03b3ecd55af11d06ce2eefca2eab82e1548,,False,,,,,
meme_007476,ukr,data/raw/ukr/15UpeaQdElip0NKe3OfIiAu285JWuBcrA.jpeg,15UpeaQdElip0NKe3OfIiAu285JWuBcrA.jpeg,True,1200,603,JPEG,dd7ee43197cb10a7c1549c8ee08f902c62e25e005128b14eda675dd58593d7c2,,False,,,,,
meme_011161,ukr,data/raw/ukr/1U42C3RACfUGFLxs09e6XqsTISY2nY9Uc.jpeg,1U42C3RACfUGFLxs09e6XqsTISY2nY9Uc.jpeg,True,1024,574,JPEG,d544923ce534ac6ec592e0e144151faf92fb4d2d0a892b5299201702f9d701f3,,False,,,,,
meme_012439,ukr,data/raw/ukr/1bTuvFO4R0af-OYUQuHaAqRKFBptf5jHS.jpeg,1bTuvFO4R0af-OYUQuHaAqRKFBptf5jHS.jpeg,True,2048,2047,JPEG,774c61e270b346ae869687164b231704a0a047cfaa99b2db37d326cb9a025901,,False,,,,,
meme_010414,ukr,data/raw/ukr/1Oxe2DcARM9B25Hj5gn8i7z7YjW1JzL5k.jpeg,1Oxe2DcARM9B25Hj5gn8i7z7YjW1JzL5k.jpeg,True,1080,1080,JPEG,052d01163cafeb07d68cdab454a22d8b3c72664ecd6ea9b32ef95e7f1bb3f380,,False,,,,,
meme_010843,ukr,data/raw/ukr/1RxdaoDuTzQeXuNEqrlt0dkomxoHvz76d.jpeg,1RxdaoDuTzQeXuNEqrlt0dkomxoHvz76d.jpeg,True,900,783,JPEG,f9fbddb74dbeceb0e2a18047dc68685c247272c37b419977e1900b4afaccf5d2,,False,,,,,
meme_014535,ukr,data/raw/ukr/1oojwC7KwczPe0WUmS_2A0Hp3yteg0XPY.jpeg,1oojwC7KwczPe0WUmS_2A0Hp3yteg0XPY.jpeg,True,720,821,JPEG,400100a6bf326b3b23f8027a0d1ae934105944eed09c93e6630e5892fa35d20f,,False,,,,,
meme_005141,rus,data/raw/rus/5624.jpg,5624.jpg,True,664,742,JPEG,d4d1b995521b59accd81ac934dd17ef30a5ebacbc52129fc25cd800925d6a5cc,,False,,,,,
meme_014229,ukr,data/raw/ukr/1mkt7qxekiAh1A_oevOJOvkPOwAu-LQel.jpeg,1mkt7qxekiAh1A_oevOJOvkPOwAu-LQel.jpeg,True,896,896,JPEG,578a26f3b90516a9302e902dbddf56ec72fdceff7c8db88ad7ef3cc19f16a7c9,,False,,,,,
meme_014294,ukr,data/raw/ukr/1nERWQLIK5welrGbfO0qj97I9pp8oXlMG.jpeg,1nERWQLIK5welrGbfO0qj97I9pp8oXlMG.jpeg,True,592,821,JPEG,1e254f8d4799d9710ecdc11f60162297fed6cf440a0c899e492804f5c3018f5a,,False,,,,,
meme_006516,ukr,data/raw/ukr/1-2KlwFvVP_It3H1jP30oMZ_eJV8VhyyL.jpeg,1-2KlwFvVP_It3H1jP30oMZ_eJV8VhyyL.jpeg,True,1114,1280,JPEG,cb37092ec435e36e39d0175553ad4eaae6081e28d4078cf3aac6d4cf24b05ee8,,False,,,,,
meme_004094,rus,data/raw/rus/4682.jpg,4682.jpg,True,750,742,JPEG,f4835f6e35589c37c053ad80890c8be0556cad4cc24a6755ebe29108fb259b61,,False,,,,,
meme_008583,ukr,data/raw/ukr/1CvQOCn-qkoz18slxDxibwKI4esAlZ3jX.jpeg,1CvQOCn-qkoz18slxDxibwKI4esAlZ3jX.jpeg,True,1000,837,JPEG,1ad7dec5392f1d613ee57c7331ac057b8815f2d01bcfcb79f8b88cfad64d4111,,False,,,,,
meme_014968,ukr,data/raw/ukr/1rhHy9pKlUmL2tWocj7WRwUhTMNwYFN3U.jpeg,1rhHy9pKlUmL2tWocj7WRwUhTMNwYFN3U.jpeg,True,699,931,JPEG,65e34d76c42fb041831d45406527965c3b4b14177b47e6c8e9965b4263dfa52c,,False,,,,,
meme_011482,ukr,data/raw/ukr/1W5EkKNEssWderVxS9hBkOK7qrO789tZK.jpeg,1W5EkKNEssWderVxS9hBkOK7qrO789tZK.jpeg,True,1025,999,JPEG,3eeb32670cb827c09b909008f9e2ebc870fb59820a06a9facd47cb72bd2ceecd,,False,,,,,
meme_008538,ukr,data/raw/ukr/1CbtUtSDrf7h1aLAOx_kguIrB2Fu_Orad.jpeg,1CbtUtSDrf7h1aLAOx_kguIrB2Fu_Orad.jpeg,True,1024,1280,JPEG,6ffbba7eeb40018004fcdedd536de666bc49778e0acb440b0ae3e82539f8b759,,False,,,,,
meme_014940,ukr,data/raw/ukr/1rU_OMgiylrOLaUtdwAFPt1bCqTfLLroE.jpeg,1rU_OMgiylrOLaUtdwAFPt1bCqTfLLroE.jpeg,True,1279,1159,JPEG,f1837e412f6f5352052e6ad504a923e6f6cc55a8ebc25799b358998f6db4618e,,False,,,,,
meme_006959,ukr,data/raw/ukr/12Bi7yGRMX47KzP21RXKhTXV7YU9Tx4OQ.webp,12Bi7yGRMX47KzP21RXKhTXV7YU9Tx4OQ.webp,True,500,930,WEBP,279170bd7a5a9dbb4ee11d05afc6bb8e34e8816e0634d25afb5a329902708add,,False,,,,,
meme_008216,ukr,data/raw/ukr/1ARNpU4L4_nAGkEv7BlsyPR4Ulr7BuHZg.jpeg,1ARNpU4L4_nAGkEv7BlsyPR4Ulr7BuHZg.jpeg,True,1134,1506,JPEG,2ef14b386d51e98d8ea311362be420455e5a86e893aafe34f63fd6b8242c1572,,False,,,,,
meme_004251,rus,data/raw/rus/4823.jpg,4823.jpg,True,600,600,JPEG,cc3817e12a46c1d3be4abdb992d916cebfc56720c298be7252006580bda750ba,,False,,,,,
meme_006110,rus,data/raw/rus/6497.jpg,6497.jpg,True,720,764,JPEG,cbb33343160ca362bfa7e83c395793a9d8de5c71f2fe041bd725fc92911e0c21,,False,,,,,
meme_007713,ukr,data/raw/ukr/174hQZ-LM2rnpQxEZ-RlRsSOipqCM2IjA.png,174hQZ-LM2rnpQxEZ-RlRsSOipqCM2IjA.png,True,1125,1270,PNG,968a11a5433bd6ee4f5ca87f34b3772d9ae4b5f6c2c5d0ccf73afe85ea43e953,,False,,,,,
meme_012754,ukr,data/raw/ukr/1dK_tZELq0Ey0c6fogzpYJPjHgdUI9TQX.jpeg,1dK_tZELq0Ey0c6fogzpYJPjHgdUI9TQX.jpeg,True,1080,1080,JPEG,650851e520db86e909f94a385f5365f2fa3bc82470cb7aabad5e4b585372f92d,,False,,,,,
meme_006089,rus,data/raw/rus/6478.jpg,6478.jpg,True,604,340,JPEG,a825eb8a313b4834c598280658c706233e27f526691b78c4c22ba6c16732e07d,,False,,,,,
meme_011005,ukr,data/raw/ukr/1T3_1FZ-nFRXzW720Rq6s0jSPGhMdiuvl.jpeg,1T3_1FZ-nFRXzW720Rq6s0jSPGhMdiuvl.jpeg,True,948,1100,JPEG,647a6ffcda7e4f0c8f4596533e1693e8dd64f0a88f4423c71fc654dab314c3cc,,False,,,,,
meme_015386,ukr,data/raw/ukr/1uNY85MIvwB7LbkLUVuPcW3q79ofk2Dnj.jpeg,1uNY85MIvwB7LbkLUVuPcW3q79ofk2Dnj.jpeg,True,661,433,JPEG,f172bd73e302ddd1ce42d6c83c21e9a095498db4458ebbbf2407de773b3267ea,,False,,,,,
meme_002030,rus,data/raw/rus/2824.jpg,2824.jpg,True,668,800,JPEG,e72a82f27a80221b94335e4991bf0a0ef68a30ce7e4ec1ea4d69054fbab5b61d,,False,,,,,
meme_012873,ukr,data/raw/ukr/1e7M_2MJxHLhbFDTBCdlBBwkyEJF9N6FG.jpeg,1e7M_2MJxHLhbFDTBCdlBBwkyEJF9N6FG.jpeg,True,1747,2238,JPEG,ca5485bc2926242ef08665e0454a9a709b7441c8707051322dd382cb4049a555,,False,,,,,
meme_014999,ukr,data/raw/ukr/1roqivKEoOuTZ_4ZtVz2pKPR31ahezdMS.jpeg,1roqivKEoOuTZ_4ZtVz2pKPR31ahezdMS.jpeg,True,720,544,JPEG,5c122e7f350d2361a1f1b8fe98a6ee3e1ce5befaf6fc3173d1107d79be50ef7a,,False,,,,,
meme_004150,rus,data/raw/rus/4732.jpg,4732.jpg,True,1080,1067,JPEG,a8219df1f21d85f6caa5fd5bf609e7470754f4ed89e43cb166c2ff0cb1f2412b,,False,,,,,
meme_015975,ukr,data/raw/ukr/1yB4M5yRsc2pluSE3MF_Td52LLwLq7WO5.jpeg,1yB4M5yRsc2pluSE3MF_Td52LLwLq7WO5.jpeg,True,1022,527,JPEG,79b9c353506f88b7e2ddad4ad61c9ee1c76a35e13a0a1b5a3d8d52d75344f156,,False,,,,,
meme_014917,ukr,data/raw/ukr/1rNeN-eXKfaV3JFHZtibBGN6ucpwkFl-u.jpeg,1rNeN-eXKfaV3JFHZtibBGN6ucpwkFl-u.jpeg,True,572,960,JPEG,3cc0f0adeeb5041190371059cd2a0b5cf68b24afafe295ddbc08643ed863056c,,False,,,,,
meme_001577,rus,data/raw/rus/2416.jpg,2416.jpg,True,901,1080,JPEG,df222c642351f3c4be83adf47a65ebf8a7c311a6d0ee5fe75ca2c2b0719595e6,,False,,,,,
meme_000336,rus,data/raw/rus/13.jpg,13.jpg,True,800,537,JPEG,b42bc599b8c7f329cd86fb15aa713368d601d63d4e906cb1228d117fdb982e3e,,False,,,,,
meme_012690,ukr,data/raw/ukr/1cvoESBlxY1Ne2hLb_gGYdD9oPGqLB_qP.jpeg,1cvoESBlxY1Ne2hLb_gGYdD9oPGqLB_qP.jpeg,True,952,1200,JPEG,a844ca0e5162131fa6b5641661f9d95aed087b2094921f8b369045cfc9f63a90,,False,,,,,
meme_005949,rus,data/raw/rus/6351.jpg,6351.jpg,True,564,559,JPEG,dd879a214e52640dc36466a043478f2debd3bb735d70b38995a47a74ef0bb058,,False,,,,,
meme_008133,ukr,data/raw/ukr/19zLC1BEIeE-pHou888hD2qibOEccj2kk.jpeg,19zLC1BEIeE-pHou888hD2qibOEccj2kk.jpeg,True,1185,1476,JPEG,0255febdc61e91a2a4f4669d2cbb1f9cc1d12261e8741eb813eecb9d186437f8,,False,,,,,
meme_003019,rus,data/raw/rus/3714.jpg,3714.jpg,True,612,783,JPEG,8a4bd0c88437e14cff54da02be54557457e16be0cfdb63cd2d38afb77331bafd,,False,,,,,
meme_002693,rus,data/raw/rus/3420.jpg,3420.jpg,True,788,800,JPEG,4b47ad518ce4ea961164f1b00b9608d2d14d3f5878730d6132dd9adb809c934a,,False,,,,,
meme_008762,ukr,data/raw/ukr/1E8eJ8FtqqN1h8AhobNJHnCsdHfM_Uzw7.jpeg,1E8eJ8FtqqN1h8AhobNJHnCsdHfM_Uzw7.jpeg,True,811,584,JPEG,62083e22818b0d28e9f7e95e04b47746a281452f1ce3b985a615b07e5006fe5a,,False,,,,,
meme_004177,rus,data/raw/rus/4757.jpg,4757.jpg,True,1006,1080,JPEG,455a341e110f729688181e3f884ce6f5e543b9bdb604abca0ca54a1be66aa0ea,,False,,,,,
meme_010314,ukr,data/raw/ukr/1OKzJTR80ylIrRcleY4hbVDsj7wZEyBnL.jpeg,1OKzJTR80ylIrRcleY4hbVDsj7wZEyBnL.jpeg,True,833,950,JPEG,ce02386c1d373f2dab5833b8038059cece6c0d06e28f74209cab02c0e5cf2a5d,,False,,,,,
meme_009354,ukr,data/raw/ukr/1I4bsSUuPL7XXXjmRavjHooo68GyWK3zZ.jpeg,1I4bsSUuPL7XXXjmRavjHooo68GyWK3zZ.jpeg,True,2048,1404,JPEG,abc59e5a598ed601683a7e2c34dcfb37af4b8b174c909d1a6174a807dc0e156a,,False,,,,,
meme_008972,ukr,data/raw/ukr/1FU-Ck3qbZQ0sBAscycMFd9gFNspqo4-i.jpeg,1FU-Ck3qbZQ0sBAscycMFd9gFNspqo4-i.jpeg,True,825,1090,JPEG,c72b8b081d41bb751cf71def6e7e6cfb2b0655b2b129a375c00fdb50064bb034,,False,,,,,
meme_005599,rus,data/raw/rus/6036.jpg,6036.jpg,True,600,533,JPEG,d3f38993eaa00ee2df2bcd8afe319e0d909bea60255604d3d9326b42433ef7d6,,False,,,,,
meme_010733,ukr,data/raw/ukr/1R6IiwDDPk32H05DKzLk0IMUxQkb5qJzD.jpeg,1R6IiwDDPk32H05DKzLk0IMUxQkb5qJzD.jpeg,True,450,333,JPEG,55e55d04885d7c5035da72c08ca02b9f7d91b942a703d796f1183e76299f2931,,False,,,,,
meme_005026,rus,data/raw/rus/5520.jpg,5520.jpg,True,564,489,JPEG,f10db81c593fe2acdcd9bf42453c38724ff05fb2480b5a391b63bb6fcd7e8e4d,,False,,,,,
meme_007306,ukr,data/raw/ukr/14L_LrhNJ3EZYxw-e0fdCamx2YKvcu3Y3.jpeg,14L_LrhNJ3EZYxw-e0fdCamx2YKvcu3Y3.jpeg,True,900,669,JPEG,48e4cd003b5d396dbf833e1ef35a74cb56b6a6058a91f49b3e9652479bfef7a4,,False,,,,,
meme_008411,ukr,data/raw/ukr/1Bo9jXM5xhZvrhGntSEdcXq3qU0g_Q9rc.jpeg,1Bo9jXM5xhZvrhGntSEdcXq3qU0g_Q9rc.jpeg,True,908,1279,JPEG,6aafcda55cae81deb4eb6df63561afc6b220c790dc83c059e6b73f06246ca27b,,False,,,,,
meme_008577,ukr,data/raw/ukr/1CtxQ1XwkTX66AeTl0Jm0Hxu52-esw3bK.jpeg,1CtxQ1XwkTX66AeTl0Jm0Hxu52-esw3bK.jpeg,True,1080,647,JPEG,7c418e1475c53cd8c6cbd00ca9eeda01acc47f4954322cd2848b59440776d43e,,False,,,,,
meme_005218,rus,data/raw/rus/5694.jpg,5694.jpg,True,787,1080,JPEG,dc6d21289ee9c444fe756289ee383534692933abcb154ddd15972fc94b398d90,,False,,,,,
meme_012124,ukr,data/raw/ukr/1_NpkoKnHUbISw5QNdZTxhVC7CaLPHlNv.jpeg,1_NpkoKnHUbISw5QNdZTxhVC7CaLPHlNv.jpeg,True,680,345,JPEG,56fdd497f2e5a6ec9925aa67335f6a4b1f0f34caed3953aa69c465c35d3fdb38,,False,,,,,
meme_002665,rus,data/raw/rus/3396.jpg,3396.jpg,True,863,1080,JPEG,916772a923e08f70337e2efaedb84868f250ea9e890f96efb139d7882ffcfe38,,False,,,,,
meme_000093,rus,data/raw/rus/1080.jpg,1080.jpg,True,699,800,JPEG,6454cbbe573076549b574c020149630468f28e2185ba7cc76604937eade25da3,,False,,,,,
meme_004603,rus,data/raw/rus/514.jpg,514.jpg,True,697,696,JPEG,cb58c5448ce236c7f4a5cb095d27861dc571235b32ad7ddd1cb685fe220fd9f0,,False,,,,,
meme_010797,ukr,data/raw/ukr/1R_kpzLE-e3YFh0EtOfAWqSUpYKYraznB.jpeg,1R_kpzLE-e3YFh0EtOfAWqSUpYKYraznB.jpeg,True,1080,1004,JPEG,661ddfebcdb817b9a2468a80da81eaf1d4101cd7418e393c6d3fb7b763326b95,,False,,,,,
meme_001732,rus,data/raw/rus/2556.jpg,2556.jpg,True,1000,1005,JPEG,a573c2ca6ed3986cd4ccea135f740b0ff41f87cdcda50ffc2a62f52188884e7d,,False,,,,,
meme_002623,rus,data/raw/rus/3358.jpg,3358.jpg,True,800,736,JPEG,a9b40880ae12e7560d762a5d1dea8614684a0e448cba411b613c9532939568d5,,False,,,,,
meme_004682,rus,data/raw/rus/5210.jpg,5210.jpg,True,1080,765,JPEG,a75598f8ddace61d07a1e6770d631ec60e8032398036999141e78d881413c5e5,,False,,,,,
meme_014000,ukr,data/raw/ukr/1l8ydCV44GJWUJbxves-j-yuc16ZxHMmq.jpeg,1l8ydCV44GJWUJbxves-j-yuc16ZxHMmq.jpeg,True,671,1022,JPEG,30820705253047eff61e35a33cd3ef39c134fe1d3ad71433c1c859e20e994779,,False,,,,,
meme_016206,ukr,data/raw/ukr/1ztPDLfIkOslSNI_misMaox4wbAn_aAFs.jpeg,1ztPDLfIkOslSNI_misMaox4wbAn_aAFs.jpeg,True,1280,1280,JPEG,e6f108672432ee94805f9aff76b6e43f55407678b2b44fef2d32ad26d5eda090,,False,,,,,
meme_015645,ukr,data/raw/ukr/1vwUT0ssuOKw0Ji-wUntIKCAlmbFh9CLP.jpeg,1vwUT0ssuOKw0Ji-wUntIKCAlmbFh9CLP.jpeg,True,955,1280,JPEG,58d2121da334e118b3967c8a6d330cb556a419972b77747a332fa1b427ca692d,,False,,,,,
meme_014443,ukr,data/raw/ukr/1o8mxOvcT2SP-dm9i8oWdbodvf-RIWqwN.jpeg,1o8mxOvcT2SP-dm9i8oWdbodvf-RIWqwN.jpeg,True,876,669,JPEG,f779a4049cb156b20860c16eaab192ba5cd751450695d32751ac9bbe3ea061a2,,False,,,,,
meme_010157,ukr,data/raw/ukr/1NG49KnERbQESA5rojuBHLLc9jkEnUK_3.jpeg,1NG49KnERbQESA5rojuBHLLc9jkEnUK_3.jpeg,True,1263,1263,JPEG,628c1ab3ee4420695e57e1c2e6589d5728940f6ef4ee47eaad193a5c04931efa,,False,,,,,
meme_002319,rus,data/raw/rus/3084.jpg,3084.jpg,True,492,603,JPEG,2e91f60919d8f3e45a4cb71ba4e0904739f0c8eb20cfec3bcd319ace2cdb8cc2,,False,,,,,
meme_009692,ukr,data/raw/ukr/1KKosPRcoFx1MTQ3-16kcUXByIWE7YuYD.jpeg,1KKosPRcoFx1MTQ3-16kcUXByIWE7YuYD.jpeg,True,650,400,JPEG,70764a09e17cdc822ceb0eead4afe32cce39624768f3ba48218a5f8bc4c82320,,False,,,,,
meme_006202,rus,data/raw/rus/723.jpg,723.jpg,True,523,733,JPEG,3cd0cc1b2e33120758739c520e85112616a8af3060acbf5ab5c0c9293bcde469,,False,,,,,
meme_003945,rus,data/raw/rus/4548.jpg,4548.jpg,True,959,705,JPEG,b429578f960a7a8fb933d7e1a9e10435faecfa11e3069de15a6f820c7cb54821,,False,,,,,
meme_014082,ukr,data/raw/ukr/1lkCgJS6tsdybd4ZXmCjK9Y0tY_sqR2cc.jpeg,1lkCgJS6tsdybd4ZXmCjK9Y0tY_sqR2cc.jpeg,True,768,550,JPEG,40d09ca167a946abbc137436c6bf1713cb7bde2edd0e9b992e68062db5ce4ba2,,False,,,,,
meme_005262,rus,data/raw/rus/5733.jpg,5733.jpg,True,800,765,JPEG,fc6dd3013f73a7a51d14de618673bf6c1da7247f2f33db4631cf2e6509f38889,,False,,,,,
meme_001167,rus,data/raw/rus/2047.jpg,2047.jpg,True,812,1080,JPEG,38a4f18fe55224de7f8a8ffd8ffd92f4b2ab9dced6109af6728237e83cff3e28,,False,,,,,
meme_012909,ukr,data/raw/ukr/1eR1V5j4C3g5cSwAwuFRv_VQiR3hIX8XL.jpeg,1eR1V5j4C3g5cSwAwuFRv_VQiR3hIX8XL.jpeg,True,500,629,JPEG,c9b22ccb9a176f39c6bfa244c1d1fd9d2b97a62c5e15a7b5fceeb946b85844f5,,False,,,,,
meme_001452,rus,data/raw/rus/2303.jpg,2303.jpg,True,997,1080,JPEG,e39b601d1cc73829d02b17ac6b595243190a6a65161480c13245b31790137d25,,False,,,,,
meme_009162,ukr,data/raw/ukr/1Gk65KGrCSY6eR0lBi3_gg7xLerzjc9I6.jpeg,1Gk65KGrCSY6eR0lBi3_gg7xLerzjc9I6.jpeg,True,1080,625,JPEG,aad858cf98171547c6a377835dcaf93360deb6980489ba209947d545978e15d3,,False,,,,,
meme_003468,rus,data/raw/rus/4118.jpg,4118.jpg,True,1080,813,JPEG,9c6e02293e882225e153619857eb8ff4898a13b09933400c1de3e9c9a51cb83e,,False,,,,,
meme_002967,rus,data/raw/rus/3668.jpg,3668.jpg,True,735,476,JPEG,54637fc05ff56759e432b529ef14b20d80275721e95916755cc764994358b49d,,False,,,,,
meme_016105,ukr,data/raw/ukr/1z4ICH8tsVurOmrViILM4kFA5j-_f1SEk.webp,1z4ICH8tsVurOmrViILM4kFA5j-_f1SEk.webp,True,1080,1226,WEBP,484c5b061d3981d76eecf692beddfa83a7993b8e79ff884a6fc99438046a8c98,,False,,,,,
meme_013520,ukr,data/raw/ukr/1i3LyiKIyped2YsGbqYXyGl1XN7hkxMwX.jpeg,1i3LyiKIyped2YsGbqYXyGl1XN7hkxMwX.jpeg,True,720,757,JPEG,2a2f72693ccc096d060355f102ed10605f0296dec050f59cce75503085225804,,False,,,,,
meme_009501,ukr,data/raw/ukr/1J0uA0CsgDDqWH8lR6MduwWggMZ6N0VOx.jpeg,1J0uA0CsgDDqWH8lR6MduwWggMZ6N0VOx.jpeg,True,847,960,JPEG,76e5df6a95f5ae55ac9087ca06734f90fd1f6679c32d34fad20c0825c91f8092,,False,,,,,
meme_010715,ukr,data/raw/ukr/1QylSqTxIKJ-Wk8sXgUTITFyh-hXyT7l9.jpeg,1QylSqTxIKJ-Wk8sXgUTITFyh-hXyT7l9.jpeg,True,961,1280,JPEG,10f17d762d82de4f0205c610532744d6f6868d99d0303297ab1d2a431acd051c,,False,,,,,
meme_012816,ukr,data/raw/ukr/1diR5XwUCEc_ernuuYlJF6TssHgvvZr4s.jpeg,1diR5XwUCEc_ernuuYlJF6TssHgvvZr4s.jpeg,True,821,760,JPEG,867ab19b39a62eb2ba131305a67dceebcd958a8053d047d8f0a7fdee9dcb4bab,,False,,,,,
meme_007865,ukr,data/raw/ukr/180wgJ69L27bp95Jr8Ol8tmogHotCJ_t1.jpeg,180wgJ69L27bp95Jr8Ol8tmogHotCJ_t1.jpeg,True,729,1280,JPEG,f70e66f499b44d77742f752ea873d3c50bbbd92832beea749dbe9e0de689e2a4,,False,,,,,
meme_010807,ukr,data/raw/ukr/1RgQJM6nVJBPKp4DcYzHpcjwIln-hLDga.jpeg,1RgQJM6nVJBPKp4DcYzHpcjwIln-hLDga.jpeg,True,493,606,JPEG,7c34f427961adf7cb3667baf32687ac2a83e923a150f0ac7f5029bba9c41aa3f,,False,,,,,
meme_010429,ukr,data/raw/ukr/1P1fSvThjmUngJvl7M-EXuDCegBj3LFrf.webp,1P1fSvThjmUngJvl7M-EXuDCegBj3LFrf.webp,True,700,685,WEBP,9b3da2ca948026a3d38411a7497901dc73e06b68defe787811a784f8818075d9,,False,,,,,
meme_005849,rus,data/raw/rus/6261.jpg,6261.jpg,True,720,528,JPEG,18193d1de1dda4aca06536602ed9ba322e1ef92158b4d9947ed6e135af7f9815,,False,,,,,
meme_002534,rus,data/raw/rus/3278.jpg,3278.jpg,True,600,300,JPEG,c635816631179b3713f574542863e07a0bbc115b0796ce5b43d86d5edea8fefe,,False,,,,,
meme_011804,ukr,data/raw/ukr/1YFRW3IGbDFjP8q0bBDW1hwWqXMKjxlXI.jpeg,1YFRW3IGbDFjP8q0bBDW1hwWqXMKjxlXI.jpeg,True,1018,1132,JPEG,c6604894367c4ac5ec0a185292c602c6327f232f3dd3bd4a0dfd8125a9f2dfe7,,False,,,,,
meme_003899,rus,data/raw/rus/4506.jpg,4506.jpg,True,736,629,JPEG,bca5baee16014e0a4231907ad88c01c868abbba1f08240f571b0660be8893655,,False,,,,,
meme_001944,rus,data/raw/rus/2747.jpg,2747.jpg,True,985,1280,JPEG,2ef797638ca331821f0f63dfd6c9004fff2950c80049f05e8f6956ff0c84745a,,False,,,,,
meme_011048,ukr,data/raw/ukr/1TJRWEpBytwRqiHE-97r960TR9f3S-1WI.jpeg,1TJRWEpBytwRqiHE-97r960TR9f3S-1WI.jpeg,True,1619,1110,JPEG,8af350e9ce8392506b0d75efcfa170b87de329cc54ff3716e67f12d79c4f4077,,False,,,,,
meme_004716,rus,data/raw/rus/5241.jpg,5241.jpg,True,870,1080,JPEG,0890ec0687a80a13dbcce2b86f355de2c5dd773b100ca3e5dc2b498fb9b26605,,False,,,,,
meme_007268,ukr,data/raw/ukr/144A2wxq-FnliRaWgk723IKUrT194ioZc.jpeg,144A2wxq-FnliRaWgk723IKUrT194ioZc.jpeg,True,1588,1191,JPEG,db55a3dd2bf9405dbe9c4b6fd66ffacdd9888218fc133d97b26766f692fe6caa,,False,,,,,
meme_013981,ukr,data/raw/ukr/1l0JLmywJL-vE7v88FYWbXVplddne7GSm.jpeg,1l0JLmywJL-vE7v88FYWbXVplddne7GSm.jpeg,True,500,625,JPEG,7ecba2c70e98997233e3339ac48710bfabdceb315924d8ba1ed94a56c9fbec32,,False,,,,,
meme_015259,ukr,data/raw/ukr/1tWgzpjdtO0IigECptZ8tWj6_a22Hdq3T.jpeg,1tWgzpjdtO0IigECptZ8tWj6_a22Hdq3T.jpeg,True,1280,1025,JPEG,a32676cd966e1ac1ac49a6f9ab31ff5198935d8ebc1617fd965bd540b96776f0,,False,,,,,
meme_001348,rus,data/raw/rus/221.jpg,221.jpg,True,426,604,JPEG,20d757b309d565d5b9eb87760a570db1c275a61ce756f4d9f340f8c96390bb62,,False,,,,,
meme_016163,ukr,data/raw/ukr/1zY7RZhtR_btc1G7St-LyiTOv0KorQHeo.jpeg,1zY7RZhtR_btc1G7St-LyiTOv0KorQHeo.jpeg,True,1024,1280,JPEG,3d4a5129a85beb77140765fd52904f50eabd4baede728efa453c6b038b0b81d6,,False,,,,,
meme_000317,rus,data/raw/rus/1282.jpg,1282.jpg,True,500,500,JPEG,7a6c6f09205786a77170bc71cd78bc90e83caee9dfc46239430ef0b1cf5dcf8a,,False,,,,,
meme_005829,rus,data/raw/rus/6243.jpg,6243.jpg,True,988,1280,JPEG,be2cf2abae3ff97dcebf892202e8157310dd3d8eff9dd8d1fa0d70f889e623ef,,False,,,,,
meme_004765,rus,data/raw/rus/5286.jpg,5286.jpg,True,800,372,JPEG,2b4cde24a43a193262bc0b341b1b9444c90a35cd87aedf665e48b103bb357685,,False,,,,,
meme_009056,ukr,data/raw/ukr/1G0IvMNSkzMq7kSiRXWU2GWHciQIGQ4vd.jpeg,1G0IvMNSkzMq7kSiRXWU2GWHciQIGQ4vd.jpeg,True,452,456,JPEG,fd610a00bf7d28107d57721574232f8ca9de5b9df91f05c019bb9132658e16d1,,False,,,,,
meme_001209,rus,data/raw/rus/2085.jpg,2085.jpg,True,879,1080,JPEG,8948f3ad495f6cc031d178a50417f96762fe4b58283e9e722b7b4797923fdf36,,False,,,,,
meme_006533,ukr,data/raw/ukr/1-GOceL5ONA6xy13oCrwp_0DvGB8EXFBF.jpeg,1-GOceL5ONA6xy13oCrwp_0DvGB8EXFBF.jpeg,True,397,604,JPEG,77ea56dcb346950a9b583c624455d39800f0c920297683d996972f912c22f63b,,False,,,,,
meme_000425,rus,data/raw/rus/138.jpg,138.jpg,True,1080,896,JPEG,18a269d45a30c183d967c12cc8fd654e3945168bf462d5cf01266784409db00c,,False,,,,,
meme_000555,rus,data/raw/rus/1497.jpg,1497.jpg,True,1141,1280,JPEG,f674939db7a474dc3e96be6982bf16eb073be68a97c8ec4db24af6c77bd3e187,,False,,,,,
meme_002993,rus,data/raw/rus/3691.jpg,3691.jpg,True,1276,635,JPEG,c68c4cbde7e248d246ec92507b84733b9554f3d4eb3cf7c9dde22cdfac3f3273,,False,,,,,
meme_001955,rus,data/raw/rus/2757.jpg,2757.jpg,True,497,497,JPEG,c7986291cbea23e6a9b45f2aa1fe0e83f64037282f349207edf344c53a42c436,,False,,,,,
meme_012256,ukr,data/raw/ukr/1aEGIbf9z8qWrK02s7kJY590lK8f_rFBL.jpeg,1aEGIbf9z8qWrK02s7kJY590lK8f_rFBL.jpeg,True,906,617,JPEG,26185bd8aafb216968672dcb8311d0ea444e58f7b5e44e19a5b5cd38e948c4e7,,False,,,,,
meme_008588,ukr,data/raw/ukr/1CwbGph7e1Cfq2ITtNBjk1KUjszs-U1U-.jpeg,1CwbGph7e1Cfq2ITtNBjk1KUjszs-U1U-.jpeg,True,1170,986,JPEG,5b00f76a69f2a572f90bcbf4dfff966d48551f546a577cf05ab3b069b37be8b5,,False,,,,,
meme_012072,ukr,data/raw/ukr/1_0CmY6hnHGdORcJaKmRigKUEYdkqe34X.jpeg,1_0CmY6hnHGdORcJaKmRigKUEYdkqe34X.jpeg,True,720,836,JPEG,7be7f94abf9e0a48e4dc2077e6f568b2525bba05e3e0b0865270388774918f9f,,False,,,,,
meme_001512,rus,data/raw/rus/2358.jpg,2358.jpg,True,800,784,JPEG,0cedcee6d804dc28fd8b234a5a518e8ed8385b19a69ea89a6c834955364df7a9,,False,,,,,
meme_006265,rus,data/raw/rus/780.jpg,780.jpg,True,728,800,JPEG,fde3cf91bdb69c341475c8950fff2f9707e5f45039d584c00aa134f33001a0db,,False,,,,,
meme_013333,ukr,data/raw/ukr/1gwoGKpLnqq5Aexdgr8ivG4Cc805SUYob.jpeg,1gwoGKpLnqq5Aexdgr8ivG4Cc805SUYob.jpeg,True,1048,1280,JPEG,551f97f0da8c2f76838daf30f5d10855f9a999086f3b8e2cf9ad4d4050142c0b,,False,,,,,
meme_009636,ukr,data/raw/ukr/1JwvKqvrkQROSfMntmLCQr0tshn6EJkyY.jpeg,1JwvKqvrkQROSfMntmLCQr0tshn6EJkyY.jpeg,True,544,306,JPEG,3dd92301903a70c961c9b7f4595fb0d26b66092bc0c0201e8ad93b938af8e9ea,,False,,,,,
meme_012756,ukr,data/raw/ukr/1dLkZjLswI3luZaWKAY40F84SS2e2FLlx.jpeg,1dLkZjLswI3luZaWKAY40F84SS2e2FLlx.jpeg,True,439,406,JPEG,35c395c1c79137d7b3610569f3b7c4aa31502baf1ce65c42f7ca5c4e95bdd9bb,,False,,,,,
meme_008021,ukr,data/raw/ukr/198qcGrhJwlw4DnDeo_Y2rq_YM4N59UFK.jpeg,198qcGrhJwlw4DnDeo_Y2rq_YM4N59UFK.jpeg,True,1080,1920,JPEG,34a4d27eddff70adf11d3a4a9fcc47bc412f6458f484dfb06e07cb64249757c6,,False,,,,,
meme_008086,ukr,data/raw/ukr/19efkmgABRaJABb65n4SZUd-9it41pyJk.jpeg,19efkmgABRaJABb65n4SZUd-9it41pyJk.jpeg,True,976,549,JPEG,a9ece3d31fba85b0020b851cb5e71fcd11da39eceea8b9f72e1658ae7daf6d9b,,False,,,,,
meme_012867,ukr,data/raw/ukr/1e4yfB3EYDvw9kysj8AAZwSZwGGLIORgV.jpeg,1e4yfB3EYDvw9kysj8AAZwSZwGGLIORgV.jpeg,True,960,960,JPEG,3faa09cc02ecc98c8d38b410b3792320671f0e3ede2b422aadfa5b50658f32c4,,False,,,,,
meme_001514,rus,data/raw/rus/236.jpg,236.jpg,True,799,800,JPEG,d6cc1468271a6c851a4200d2db64b8098a9e0c09e77b47ba772e8cbba16c8ee6,,False,,,,,
meme_008969,ukr,data/raw/ukr/1FRkCqUa7VMiReSgW2Nyn58V79hA1oOvT.jpeg,1FRkCqUa7VMiReSgW2Nyn58V79hA1oOvT.jpeg,True,1578,2560,JPEG,e3475f0fbaced977151a5f48b48be92ea415e4f2e3a68a89916100632b360960,,False,,,,,
meme_006499,rus,data/raw/rus/991.jpg,991.jpg,True,615,800,JPEG,85db827b93285a42726c474bada9ea7bc196ca649f661e3f9fa62747ac48793b,,False,,,,,
meme_016068,ukr,data/raw/ukr/1yqRplPYxVPEpWUPFh00RzM1MJ4zRMzTv.png,1yqRplPYxVPEpWUPFh00RzM1MJ4zRMzTv.png,True,710,573,PNG,e217f32262fc868c219c70d38db135487797ae950ed5c313f182c1e24f992c4f,,False,,,,,
meme_002597,rus,data/raw/rus/3334.jpg,3334.jpg,True,800,679,JPEG,807cf47584f8a07a92f1fdbf0fe4a87812769f0e645b377095ae32ba77e91fef,,False,,,,,
meme_004820,rus,data/raw/rus/5335.jpg,5335.jpg,True,600,575,JPEG,b1ebf604be626dbe73a311ed570cfea048e3f81a5f9b1c05017a17a3f6426eab,,False,,,,,
meme_012273,ukr,data/raw/ukr/1aOeXRGt4CozLNHtLZBXxyrVOcuPsZkVb.jpeg,1aOeXRGt4CozLNHtLZBXxyrVOcuPsZkVb.jpeg,True,1280,1206,JPEG,e711e9e677a12d50ee4f5991ff89eace2c8070a5150326a3149cff3313a69bd9,,False,,,,,
meme_000574,rus,data/raw/rus/1513.jpg,1513.jpg,True,600,614,JPEG,c9a79bc151bcfb925d9597c5006917dba3edf928de1e8df6f94ce4b7a6155a0a,,False,,,,,
meme_006635,ukr,data/raw/ukr/101UCZrHTHERTnw5Rp-oIhM_in_Z8UBpz.jpeg,101UCZrHTHERTnw5Rp-oIhM_in_Z8UBpz.jpeg,True,1002,753,JPEG,0d2bd0610f69d6a66a84c3dd7d1624a74b735c1967a8187346a5d3fdb732440c,,False,,,,,
meme_014194,ukr,data/raw/ukr/1mUYNVnAWJfAPqDhzuGjGURFIg7ffxjYa.jpeg,1mUYNVnAWJfAPqDhzuGjGURFIg7ffxjYa.jpeg,True,1280,1256,JPEG,070ab14d8b9b03c875ec1b0129a1cd70204adeaac115c294596fbb70d9597b45,,True,,,,,
meme_012381,ukr,data/raw/ukr/1b4JIbz5FePw19dNbeSob5O9o8NH3US-i.jpeg,1b4JIbz5FePw19dNbeSob5O9o8NH3US-i.jpeg,True,720,921,JPEG,08fd43c1f14bd26022e97d1007ff8f70741a74cf2042c1fa927225f7b3e87ad7,,False,,,,,
meme_004741,rus,data/raw/rus/5264.jpg,5264.jpg,True,1108,1057,JPEG,74a45c0e1616769fbec4736d9f35b599ef4010aca065b13e2ddc51a36ac4bd41,,False,,,,,
meme_008100,ukr,data/raw/ukr/19lMVNz-sNj_zRPOvxXY6HqH-TFqzP6EK.jpeg,19lMVNz-sNj_zRPOvxXY6HqH-TFqzP6EK.jpeg,True,1279,1279,JPEG,598b3f1258f224289a9b31850572bd91f15d4cefb223836cb66477f25a391095,,False,,,,,
meme_013662,ukr,data/raw/ukr/1j35TC-6h_cguxHq1ck5ICq4ITYzKMNZ8.jpeg,1j35TC-6h_cguxHq1ck5ICq4ITYzKMNZ8.jpeg,True,680,664,JPEG,32b6735be2e7dc098707324405a13b4f92f1d1e80dc4fe9f1fb37ba397059fa0,,False,,,,,
meme_007560,ukr,data/raw/ukr/163RNP8_qV33GyGMjI1VIGqgAggfEYOqb.jpeg,163RNP8_qV33GyGMjI1VIGqgAggfEYOqb.jpeg,True,1080,1080,JPEG,ff6c505a85b07a84a5a1843e4d11f9b9db2e770d85181644a48660aba4d08085,,False,,,,,
meme_007052,ukr,data/raw/ukr/12k-v6FLuDmipJi4SNt6LLXZ6fdkyCLGD.jpeg,12k-v6FLuDmipJi4SNt6LLXZ6fdkyCLGD.jpeg,True,547,722,JPEG,33ff0730d5c93f30bd5de9ace41ab7dadf06b11bb7576287d9a961b9d780db64,,False,,,,,
meme_014281,ukr,data/raw/ukr/1n8bf2lLmoqY-fndBgKCpv6PvDqPodgmy.jpeg,1n8bf2lLmoqY-fndBgKCpv6PvDqPodgmy.jpeg,True,1024,721,JPEG,a2b09600b8f17fec6f20e62228fb64087a139a24d547aab1df383c07734df21f,,False,,,,,
meme_007293,ukr,data/raw/ukr/14FbNhd_0Z-j_KQk82FSUidyKRhZlp4Hy.jpeg,14FbNhd_0Z-j_KQk82FSUidyKRhZlp4Hy.jpeg,True,584,455,JPEG,449ed4b260ed51cbccfd82762ed9d0ddae1addc8130a366a385ac510256f71c7,,False,,,,,
meme_004111,rus,data/raw/rus/4698.jpg,4698.jpg,True,604,604,JPEG,a2a8c3117f38cd289db0df0fcbce1b16aec98ca192715f51dd14c79b79219bd7,,False,,,,,
meme_001584,rus,data/raw/rus/2422.jpg,2422.jpg,True,571,546,JPEG,57891ee1597b0d1fc6012711f3c692fbea9be6e7849f1e19bb52416a494ff692,,False,,,,,
meme_003308,rus,data/raw/rus/3975.jpg,3975.jpg,True,520,302,JPEG,1e0763c5e873ba16b63ca180f71e5e85ba545fad92465dd3956fffd4a2d35992,,False,,,,,
meme_000069,rus,data/raw/rus/1059.jpg,1059.jpg,True,1264,881,JPEG,55f9f05262f41a8662a6fad37b1b0ed225466fefc8ac8493031232caa9780457,,False,,,,,
meme_011662,ukr,data/raw/ukr/1XM8wM0_HDPXVYIYJbCiCJPXKm_bgJYAd.jpeg,1XM8wM0_HDPXVYIYJbCiCJPXKm_bgJYAd.jpeg,True,852,1131,JPEG,36da035f0a9c8c1783574587a0fd273dbecf99070170ccd3d2e049deb0f3db15,,False,,,,,
meme_009148,ukr,data/raw/ukr/1GfplRhAoH5IrHPmVARUWj0zul06ZJP3n.png,1GfplRhAoH5IrHPmVARUWj0zul06ZJP3n.png,True,1095,715,PNG,56942f64468df12106b40a859eccf02e875d12bf6d3bfc5dc30c4c131b607c93,,False,,,,,
meme_010122,ukr,data/raw/ukr/1N2Uqj5yQBI99P-tIfCTIKKijTsYjmaw2.jpeg,1N2Uqj5yQBI99P-tIfCTIKKijTsYjmaw2.jpeg,True,706,852,JPEG,6beea3827472b6c2e04345a2ff0f8abf479aee6690bf2bf6bac758002638e15e,,False,,,,,
meme_015778,ukr,data/raw/ukr/1wxr-EbLXIfvPq9gJ-n4ZUhsLwqsx__-T.jpeg,1wxr-EbLXIfvPq9gJ-n4ZUhsLwqsx__-T.jpeg,True,1064,982,JPEG,ba018c796380e8d9344768aed7a7d2b7b0c410f152167379e14480fb85273414,,False,,,,,
meme_004926,rus,data/raw/rus/5430.jpg,5430.jpg,True,650,956,JPEG,643497be748d9733e54300f0a49ec1d9f473d85afd49655fba8afecebf1548d4,,False,,,,,
meme_004342,rus,data/raw/rus/4905.jpg,4905.jpg,True,573,546,JPEG,5072a032d77daccfbd8ad0ceab8bf1942f240818f84ef7572581e6a46020c7fa,,False,,,,,
meme_004661,rus,data/raw/rus/5192.jpg,5192.jpg,True,756,800,JPEG,bbd0e05b178c018e95aead48b8870ec404306e797e017f183a9709c33f313425,,False,,,,,
meme_006175,rus,data/raw/rus/7.jpg,7.jpg,True,1280,1280,JPEG,896366dbca60ba76de49c76c584b96d45d4b832d75b95133c9d4d4ba019c9807,,False,,,,,
meme_008952,ukr,data/raw/ukr/1FKn6h83BI51LqW21FA6JocHd-afKn3Mc.jpeg,1FKn6h83BI51LqW21FA6JocHd-afKn3Mc.jpeg,True,790,805,JPEG,c0babc21ab0121789eca748aee4f20eda052705b7adfa17be4778602ad9343d4,,False,,,,,
meme_002456,rus,data/raw/rus/3207.jpg,3207.jpg,True,800,464,JPEG,6f25aea35880f437a34a8f08dd63991dfddb13eabe3c51571717df52a3664753,,False,,,,,
meme_003478,rus,data/raw/rus/4127.jpg,4127.jpg,True,675,762,JPEG,e65923ddda5c92bd3aa0ec3f59b61a9ea1c4a27587d70aa44e36481650325880,,False,,,,,
meme_001596,rus,data/raw/rus/2433.jpg,2433.jpg,True,869,879,JPEG,792f81e1c443ce133b0b8778380017216a561573e7ed72985de3157d641514e1,,False,,,,,
meme_005958,rus,data/raw/rus/636.jpg,636.jpg,True,1045,1280,JPEG,7102e33e31b43c03ff7f5b6f4810e9285ff9b853502bde57d40a7af2f89f3ceb,,False,,,,,
meme_004232,rus,data/raw/rus/4806.jpg,4806.jpg,True,1280,1280,JPEG,b4e75337de90b03bd89eb997f8dab3f1f02cfa0ab28ffe121daf55812f052e98,,False,,,,,
meme_005529,rus,data/raw/rus/5974.jpg,5974.jpg,True,680,453,JPEG,86154ce6ca55742a1a890a6d216cf051b38448b25f92ccfa9ceebf6dc83e33f6,,False,,,,,
meme_015607,ukr,data/raw/ukr/1viHOOY-VQvoRKB18ImGg-hLLe2xORHVL.jpeg,1viHOOY-VQvoRKB18ImGg-hLLe2xORHVL.jpeg,True,1200,1100,JPEG,c4c6758d964f53e3bd26ff0f1242de5945f0a07372c3bef3765015dbb2c653e7,,False,,,,,
meme_006330,rus,data/raw/rus/839.jpg,839.jpg,True,570,309,JPEG,f16c74f5b49cb8473b54465af5f3efd35dfc8a96f60e4a02dc637ad75af541bb,,False,,,,,
meme_006919,ukr,data/raw/ukr/11uETuJdfooCnwbe8jz0cGXJoIjAa9peb.jpeg,11uETuJdfooCnwbe8jz0cGXJoIjAa9peb.jpeg,True,652,641,JPEG,2305455146f83dbc5e8b1a6a3854cfe8898e0a222a9eda7c9f95efa18257293d,,False,,,,,
meme_006836,ukr,data/raw/ukr/11KPOkqDFJNB87U3rLcW3390pBv5FCcW3.jpeg,11KPOkqDFJNB87U3rLcW3390pBv5FCcW3.jpeg,True,877,863,JPEG,fa9785c7ef7b6156cf5356bd98066a6628677c6be74bc91955ea20f3404f969c,,False,,,,,
meme_000246,rus,data/raw/rus/1218.jpg,1218.jpg,True,1241,894,JPEG,7c006656d958d2c1f0546848e52786df478fd9cdd93eea8e33ca1c88cf4d7a66,,False,,,,,
meme_003018,rus,data/raw/rus/3713.jpg,3713.jpg,True,704,1080,JPEG,8e6279b1fab73b82ff4e087ddf778a64adaa86911aeaf8c956624f7da61f734b,,False,,,,,
meme_014113,ukr,data/raw/ukr/1lwidx-EFeMMDi0Z7LSS-nNrVLousj3gX.jpeg,1lwidx-EFeMMDi0Z7LSS-nNrVLousj3gX.jpeg,True,787,672,JPEG,8160ce4cea16ac62bcbb692bdb3f7ec3cf1861d4e5672642dbac9c58ee603dfc,,False,,,,,
meme_005953,rus,data/raw/rus/6355.jpg,6355.jpg,True,764,1080,JPEG,a392bf21d1a05b20c0a2752a96de67bf4e9c78365f2d3c1ac3db924c4d6aa82c,,False,,,,,
meme_007169,ukr,data/raw/ukr/13YpCmD9qSU-zLST9P2_hZ9P-luEmp5Mo.jpeg,13YpCmD9qSU-zLST9P2_hZ9P-luEmp5Mo.jpeg,True,1560,2048,JPEG,29f436f36b9b6fdc767a114485a30f77dfbb1dcd11f42153045d3d0fdfaf8c79,,False,,,,,
meme_008998,ukr,data/raw/ukr/1FcVNEhNeH3hvcPhOW88_0RYy8hZQgixq.jpeg,1FcVNEhNeH3hvcPhOW88_0RYy8hZQgixq.jpeg,True,720,920,JPEG,e131db669772fd7eaf7d9cc4a64d48a1455f578b7bb230fc86d6e2d1340f15af,,False,,,,,
meme_005860,rus,data/raw/rus/6271.jpg,6271.jpg,True,714,800,JPEG,69a538792c839b5c6f33f71c4daf16eaa447301afd2783704385bf49586db87d,,False,,,,,
meme_011400,ukr,data/raw/ukr/1Vbc2FpKiOkxFNKb1guesOmjpjuAsYfRm.jpeg,1Vbc2FpKiOkxFNKb1guesOmjpjuAsYfRm.jpeg,True,1070,687,JPEG,74c1b6ebe6441f57189569c2239ce8776fc730732568cdd0ff4dd66b3b872d9d,,False,,,,,
meme_004873,rus,data/raw/rus/5383.jpg,5383.jpg,True,600,398,JPEG,812b9b03f153dcb88cdb03d5a4836202baf411d27cb6995bfb186d5e6521e08a,,False,,,,,
meme_007403,ukr,data/raw/ukr/153AuzKtl5ZMF6UxTXwLdMOKVDv7nQsY6.jpeg,153AuzKtl5ZMF6UxTXwLdMOKVDv7nQsY6.jpeg,True,1015,1064,JPEG,14a86272277dcdedc12671652d0ed811831dcfd10861efd5d0b103d54a3a0536,,False,,,,,
meme_012531,ukr,data/raw/ukr/1bwnZM7MeQ4sTTqSuPfDVd766NacNjNZS.jpeg,1bwnZM7MeQ4sTTqSuPfDVd766NacNjNZS.jpeg,True,934,960,JPEG,aa206c7328dfc2920a6eb68f04c5d45de6708bf314ca1ed09d2553cbcbe0f49c,,False,,,,,
meme_012481,ukr,data/raw/ukr/1bfrtsMDdwYZlWaM46S-tfVldQ8_lZyoU.jpeg,1bfrtsMDdwYZlWaM46S-tfVldQ8_lZyoU.jpeg,True,680,680,JPEG,50e20355381db7ea835c39f8ff3955db811451b8ae2e27db4d053c4cfa297299,,False,,,,,
meme_007488,ukr,data/raw/ukr/15Z8Rt1Ota8wub2hqnuiUIItFFPqsrPH5.jpeg,15Z8Rt1Ota8wub2hqnuiUIItFFPqsrPH5.jpeg,True,373,489,JPEG,9d4b7165c9888bd98d7fd66c9a1a6a829f162e912f7882468d7387be0f252e75,,False,,,,,
meme_013173,ukr,data/raw/ukr/1fsacI52LthfTj9liJ4goub99t046HBnj.jpeg,1fsacI52LthfTj9liJ4goub99t046HBnj.jpeg,True,720,540,JPEG,bf27b25900c39a4363e1be09d7c1691bd5660d4ae68485abd685e1bd91fd4e62,,False,,,,,
meme_000674,rus,data/raw/rus/1603.jpg,1603.jpg,True,1080,862,JPEG,895085146b020fe3961e568e378851ba9452fd22f777012234957b50710e4175,,False,,,,,
meme_010960,ukr,data/raw/ukr/1SjjoQgIIRC8Y2JPqSAh-3RyxNLLn4XEL.jpeg,1SjjoQgIIRC8Y2JPqSAh-3RyxNLLn4XEL.jpeg,True,2560,2560,JPEG,1846f6e1186c245fbe44484bd08950687ebb0987ad25228b1b938b6a68af1d98,,False,,,,,
meme_005382,rus,data/raw/rus/5841.jpg,5841.jpg,True,603,800,JPEG,8463388dd589ce6720d9c85dd07c8a6b3f3d3c30abad2fa47a3da4d46a9dfbc9,,False,,,,,
meme_003998,rus,data/raw/rus/4596.jpg,4596.jpg,True,585,800,JPEG,353a7be1cf6628a63c2bb86ef4fa4fb93a636f9f5da84daea3870f61f86859e4,,False,,,,,
meme_008539,ukr,data/raw/ukr/1Cc0QEQsn1yivxw5qlN3QEJqGVOYLfB6F.png,1Cc0QEQsn1yivxw5qlN3QEJqGVOYLfB6F.png,True,789,800,PNG,40c7b139626e588216ba1ef6e9b008710be374791c8d72199d2993acbb3a458b,,False,,,,,
meme_014050,ukr,data/raw/ukr/1lXQwV3JvJA8wk8R8J3rM8s5XREhv2FS7.jpeg,1lXQwV3JvJA8wk8R8J3rM8s5XREhv2FS7.jpeg,True,610,457,JPEG,1ddeb7acfb48d680b6ecc72d63f3fedd2e2178c1bc24f26e55745502d409ea87,,False,,,,,
meme_015952,ukr,data/raw/ukr/1y2hDIfFhGFuopJmIYIKSV0UjCm7G_mdy.jpeg,1y2hDIfFhGFuopJmIYIKSV0UjCm7G_mdy.jpeg,True,1080,1080,JPEG,a81672aef054ab8bd4d380bf43b9a637515ea4ee274291d82770f331f8a6f647,,False,,,,,
meme_004707,rus,data/raw/rus/5233.jpg,5233.jpg,True,800,739,JPEG,94114a272d472d0537345efdeacf8010535e07031e379005b088350de1cf6acc,,False,,,,,
meme_003025,rus,data/raw/rus/372.jpg,372.jpg,True,800,733,JPEG,03db462bb4ca8dd55e2dafec38fd57601486d7b82faba1466ac7387f9773f3d4,,False,,,,,
meme_013370,ukr,data/raw/ukr/1h8zhmbBtgdEwGRkYwa0g0eTbBi188_7H.jpeg,1h8zhmbBtgdEwGRkYwa0g0eTbBi188_7H.jpeg,True,680,577,JPEG,12cde576b884f52d8650cd53f00239a62d648b0c74ec4194469bf4dc9c1a188d,,False,,,,,
meme_005340,rus,data/raw/rus/5803.jpg,5803.jpg,True,699,1080,JPEG,b82510bb1f073dad84dbfd8a3c99e5c776f021c8e45163af60169862a5b2c68f,,False,,,,,
meme_008199,ukr,data/raw/ukr/1AK3l46L5fN0PLOVL7QZHLz1JXlPjdTHT.jpeg,1AK3l46L5fN0PLOVL7QZHLz1JXlPjdTHT.jpeg,True,704,500,JPEG,3c9837eef729a4e0967f227f5d601022d0f38b990f6c13d049c13497e6ff025d,,False,,,,,
meme_004863,rus,data/raw/rus/5374.jpg,5374.jpg,True,673,641,JPEG,791ab691c756e137af33a0952beff3795935e901f780f41878553eb0c3b18ff7,,False,,,,,
meme_009189,ukr,data/raw/ukr/1Gw4JSM1IAqBZstgymEbB-Fuwzfi-korF.jpeg,1Gw4JSM1IAqBZstgymEbB-Fuwzfi-korF.jpeg,True,1079,796,JPEG,a965fcea0687f33efaba3e0c8b43ca0b1d86e6f72262352c1053e9be1551a44b,,False,,,,,
meme_002426,rus,data/raw/rus/3180.jpg,3180.jpg,True,1280,1277,JPEG,8df8c085c58a59c3a1ecb7cee279506351fa5880e047a9fd1b4295f53d2355f0,,False,,,,,
meme_009397,ukr,data/raw/ukr/1IKp6gbSd-nRruyUxEqNNlxk3BxhnZs0V.jpeg,1IKp6gbSd-nRruyUxEqNNlxk3BxhnZs0V.jpeg,True,842,613,JPEG,2daa1a016e251ed87caafda32e0a9ea45522fd8e78379e5ed8ad8f764e3253b6,,False,,,,,
meme_013542,ukr,data/raw/ukr/1iG7z-ZxJzaUF4nAmlC2DDEEMHJ03a-Kw.jpeg,1iG7z-ZxJzaUF4nAmlC2DDEEMHJ03a-Kw.jpeg,True,552,499,JPEG,b061cafcbb6680a5ac08d9a63375037b3212143d57bdb4296f38263c48cfc240,,False,,,,,
meme_010657,ukr,data/raw/ukr/1Q_IYLN8zLoCcOZYtIrbeyDJ5hg5uFl4X.jpeg,1Q_IYLN8zLoCcOZYtIrbeyDJ5hg5uFl4X.jpeg,True,640,480,JPEG,b9b6f6a727032e72a0e5a297b1309a74018576d4912d958237404fd8ae3cf2aa,,False,,,,,
meme_004731,rus,data/raw/rus/5255.jpg,5255.jpg,True,1280,1280,JPEG,2b4c2c09bed29b96d8cced288c748d84360a31b7fa206265bc47c9dfdddc113d,,False,,,,,
meme_015069,ukr,data/raw/ukr/1sCH94j0887uDSfb6V3v2Ssj-0PIdvsnI.jpeg,1sCH94j0887uDSfb6V3v2Ssj-0PIdvsnI.jpeg,True,1024,1095,JPEG,e77562c571e2f69b8de9d5d36e49ccdfa6bec9e4759def5176f1555be08d76bb,,False,,,,,
meme_008911,ukr,data/raw/ukr/1F4GVhmPvYULz4EgxCjf86VYS4O_93pTr.jpeg,1F4GVhmPvYULz4EgxCjf86VYS4O_93pTr.jpeg,True,584,419,JPEG,52395f14aa145dd5e7ef6a30657b8ab9d59283f13619e13ecfc9a01ecc93d65b,,False,,,,,
meme_007714,ukr,data/raw/ukr/1756KQQmn9arhRHXqmTPPZk5vvE-t5EAg.png,1756KQQmn9arhRHXqmTPPZk5vvE-t5EAg.png,True,724,479,PNG,81df64a5eb582a23db0ff622c0d15c72e328d34bfc03718b8d837e2e48df155c,,False,,,,,
meme_012293,ukr,data/raw/ukr/1aXbRuArgvZzUfcZ5EiQXlB3I-zed600i.jpeg,1aXbRuArgvZzUfcZ5EiQXlB3I-zed600i.jpeg,True,828,913,JPEG,7cd6ed6b632990f8a77c3aa7eef3aec220228fadbee62f2afde75564a062b398,,False,,,,,
meme_009314,ukr,data/raw/ukr/1HfPwcGyCRJMa4_BcaHm1TXFYzZ8YvGFF.jpeg,1HfPwcGyCRJMa4_BcaHm1TXFYzZ8YvGFF.jpeg,True,754,964,JPEG,daf424da58a432d9873d395b3e2d3dda987f8eb5bedea9d392f2a7cefbbaf695,,False,,,,,
meme_010782,ukr,data/raw/ukr/1RWyczE7AEHumb4cTdWx1PTCh6afMhBxX.jpeg,1RWyczE7AEHumb4cTdWx1PTCh6afMhBxX.jpeg,True,1184,1148,JPEG,2d136a5e6acd6bdbbce33c865dedf25be8da36c2ac1a8d38ecb8e7fb3ea5998b,,False,,,,,
meme_004882,rus,data/raw/rus/5391.jpg,5391.jpg,True,1144,1084,JPEG,33a9d013dbae0872698b3ffe603e41ad2c4c2e9c4796faec3c5f58d3348d8ad0,,False,,,,,
meme_009684,ukr,data/raw/ukr/1KHkKe-N5C2_q3RYkeTtOrZSg0dQ7h_oq.jpeg,1KHkKe-N5C2_q3RYkeTtOrZSg0dQ7h_oq.jpeg,True,538,323,JPEG,1e6b2d82b0accca6ffae5c5a346ba51904491764282d15519d143bb98a0f9397,,False,,,,,
meme_003593,rus,data/raw/rus/4230.jpg,4230.jpg,True,584,482,JPEG,0a2b80f6e1e99c16d81ba8b8ce3ea7b46d14cb7a15da85cc951d5497d4b5b0a9,,False,,,,,
meme_014422,ukr,data/raw/ukr/1o2TcG2wjKUdtOjsL6QwIC4mCwQ9wp05Q.jpeg,1o2TcG2wjKUdtOjsL6QwIC4mCwQ9wp05Q.jpeg,True,912,1280,JPEG,5e15bffdfec6c86abab3746a7f95cd9f41433ca4fbe71008c2916231f72f6f67,,False,,,,,
meme_005884,rus,data/raw/rus/6293.jpg,6293.jpg,True,1125,1125,JPEG,9739b5873c6e1b546c4dc8381c433ab22eab7b797488f02089444b65eb0c7c06,,False,,,,,
meme_007220,ukr,data/raw/ukr/13nUobiqCAvq3aE0sCGcCKID8J_a3PgOy.jpeg,13nUobiqCAvq3aE0sCGcCKID8J_a3PgOy.jpeg,True,480,597,JPEG,864b89c28c78cb388e0c2dbaeea161f4b2d80fbce7fae5c7530cd008bc2fa960,,False,,,,,
meme_002518,rus,data/raw/rus/3263.jpg,3263.jpg,True,533,800,JPEG,94aa0b6f37bee2de44c77d79f7bb4f580aea8105232c4d756d9e076da8a81911,,False,,,,,
meme_007827,ukr,data/raw/ukr/17nYn-o-TfP0HMVFYfiNE-VJxOWFH-QGE.jpeg,17nYn-o-TfP0HMVFYfiNE-VJxOWFH-QGE.jpeg,True,828,991,JPEG,0d931125468acf7e317c394a92a670cb4943445b6f22a03e06e80db50e5dd895,,False,,,,,
meme_014049,ukr,data/raw/ukr/1lX5Hm-LYGZSpr6K9MUCu1NjSbKQK-tDk.jpeg,1lX5Hm-LYGZSpr6K9MUCu1NjSbKQK-tDk.jpeg,True,660,960,JPEG,8a8556dd6b66a57f61b5d28170c0fef9bcf8135be6f3a1dbd8a9b66b528cb376,,False,,,,,
meme_013276,ukr,data/raw/ukr/1gVXVLlDH_WJsBLpKrOdThDwH1c4EytN9.jpeg,1gVXVLlDH_WJsBLpKrOdThDwH1c4EytN9.jpeg,True,660,347,JPEG,f25674c02b4e1915d81e32a11f6fa72f4c857f0bb3f648000f4df6161abf5bd7,,False,,,,,
meme_002037,rus,data/raw/rus/2830.jpg,2830.jpg,True,1166,1080,JPEG,1362fa221d08cd5b19898858fb3807d9ab2f41192b2210549bd02dcfcaeecaa3,,False,,,,,
meme_003066,rus,data/raw/rus/3757.jpg,3757.jpg,True,523,540,JPEG,a36c4f0b8fe83a17bcaf56077a69552ee53f90f7a8f1cf6ce34867a89c5f7e92,,False,,,,,
meme_012886,ukr,data/raw/ukr/1eIKkkA3ZAgeQWznDA11R1L52bwNvsReJ.jpeg,1eIKkkA3ZAgeQWznDA11R1L52bwNvsReJ.jpeg,True,450,450,JPEG,10672d35224b77da664b98304977187758063f283e07efc2c051a0ab70add531,,False,,,,,
meme_007786,ukr,data/raw/ukr/17bGofmQU8jGtrIRorZgSfIgJu9nIaWBC.jpeg,17bGofmQU8jGtrIRorZgSfIgJu9nIaWBC.jpeg,True,1280,998,JPEG,797893a538380c491f48bbf5cf41542c0e5165726ab4ae6dd70b3d20c51262ca,,False,,,,,
meme_000730,rus,data/raw/rus/1654.jpg,1654.jpg,True,389,604,JPEG,4a140fdc1f97920d1f63643789f7963bb0f4891fc439965fc72b020dcbd628aa,,False,,,,,
meme_010147,ukr,data/raw/ukr/1NDYQSEtMaltlsym-tHrfFWYTeWyf020_.jpeg,1NDYQSEtMaltlsym-tHrfFWYTeWyf020_.jpeg,True,1176,1279,JPEG,1d558216aec629e2ccdeec16e17689b0fcea041cc65e48e5cf5015cbf47c92af,,False,,,,,
meme_009315,ukr,data/raw/ukr/1HfrMf7DpuMOLBnzxd0MdOvhuR6mHgvBf.jpeg,1HfrMf7DpuMOLBnzxd0MdOvhuR6mHgvBf.jpeg,True,1280,959,JPEG,51b859b0541fd59c3c1a2d6b26ab6f3222c2ec36ab63af205e7df92b0c42159d,,False,,,,,
meme_014607,ukr,data/raw/ukr/1pLjMlUJldadGzysAK-lkVeq6oszxmHWb.jpeg,1pLjMlUJldadGzysAK-lkVeq6oszxmHWb.jpeg,True,1080,1310,JPEG,d40bb233a2262b2e8b8244b199548de619abb6480a3b88953fcd4dda9e60a295,,False,,,,,
meme_010509,ukr,data/raw/ukr/1PgXXUy0ILBgJVgLjlPPsicdkcnzvfpAn.jpeg,1PgXXUy0ILBgJVgLjlPPsicdkcnzvfpAn.jpeg,True,1280,959,JPEG,4acde96e47fd8fdf780cb01e12999a27723e8d2f76bde4fcd7879c3a8fbb3ef4,,False,,,,,
meme_004339,rus,data/raw/rus/4902.jpg,4902.jpg,True,889,1080,JPEG,1cbd16a2b701f40776a6d62aa10eae24841b10a31254bafc143f4f5f573b5ed6,,False,,,,,
meme_014896,ukr,data/raw/ukr/1rEmiAS-Es93mJ6WO0aujI-I3-XCPbMX0.jpeg,1rEmiAS-Es93mJ6WO0aujI-I3-XCPbMX0.jpeg,True,690,420,JPEG,bf27cef5bdc95c6c7b62c75e22ff327f41848447dbe20a85bf668e38e92d854f,,False,,,,,
meme_001428,rus,data/raw/rus/2282.jpg,2282.jpg,True,604,551,JPEG,9fabd06aefcd46d4f887e13b7ebf21fa3a3be32898d8c3c9f05a5cbf5b380d62,,False,,,,,
meme_012032,ukr,data/raw/ukr/1ZhzUvKL7cTRBGxq40UePb40VIiXLYR2i.jpeg,1ZhzUvKL7cTRBGxq40UePb40VIiXLYR2i.jpeg,True,1080,1237,JPEG,e6b23520c8f58c24b3094bb5dd15852b7376db1e27fbcb86bae084d891707e62,,False,,,,,
meme_008817,ukr,data/raw/ukr/1EU40duBiQzOMpUyrzcWyMRXbU1Jls42E.jpeg,1EU40duBiQzOMpUyrzcWyMRXbU1Jls42E.jpeg,True,1280,842,JPEG,bf6ed60098d22ad8e093fc81b8f6e60898f7419848a167dd7ddb662963802f7c,,False,,,,,
meme_001042,rus,data/raw/rus/1935.jpg,1935.jpg,True,552,800,JPEG,2b5275e6fb051b28733c5e577f3777999e5f5b5dc3407c6b50d7bff4ed4143e6,,False,,,,,
meme_004102,rus,data/raw/rus/469.jpg,469.jpg,True,735,557,JPEG,94fac2e11f5b2b02a34bdb02435b113c888da98bc4ccd4af6158581076e5c141,,False,,,,,
meme_009810,ukr,data/raw/ukr/1L3SMO45Ea-i0o0Gh51XG-9ZwPgWbrRk5.jpeg,1L3SMO45Ea-i0o0Gh51XG-9ZwPgWbrRk5.jpeg,True,1179,984,JPEG,f87c06fadfaa2514649527f5445e5e635875377cd665f408f2302880dd644d5c,,False,,,,,
meme_006249,rus,data/raw/rus/766.jpg,766.jpg,True,639,621,JPEG,0a6cac040aa184de0f484723e4d3685695faf1eb2b9ae8045dcff1b0357a1db5,,False,,,,,
meme_001414,rus,data/raw/rus/227.jpg,227.jpg,True,800,532,JPEG,c42b80c19e7f065e53907a3ec69516b5111499f04013bf78382d915e75fbbd92,,False,,,,,
meme_000115,rus,data/raw/rus/110.jpg,110.jpg,True,735,502,JPEG,e71a3068c3b7877abf466d4227211ffefb69e9db0995944749e7bc64d490039f,,False,,,,,
meme_012749,ukr,data/raw/ukr/1dJUgeJD809LAKCC0ANntrdPg4YIpxnk5.jpeg,1dJUgeJD809LAKCC0ANntrdPg4YIpxnk5.jpeg,True,720,876,JPEG,95fa904bb04c547f168591d176fcabd3656b3fec8cc0e0ba850c38f6ea3e27ac,,False,,,,,
meme_012413,ukr,data/raw/ukr/1bIn4e3DrgzRm0UEaNcWuvFfLlV4NomQa.jpeg,1bIn4e3DrgzRm0UEaNcWuvFfLlV4NomQa.jpeg,True,1079,714,JPEG,fa1611e518e40031c9d7b8db9b0cfca6dfdfa9978425f7527f3ac39867454d3b,,False,,,,,
meme_008944,ukr,data/raw/ukr/1FIGKfh18pgNULDtkkdDyKW6NEufg4dp6.jpeg,1FIGKfh18pgNULDtkkdDyKW6NEufg4dp6.jpeg,True,1280,631,JPEG,a8a6f0ba829709f8ec54d4a1c81bb4ee0a8f165c246f36f18047757e0c21201d,,False,,,,,
meme_007256,ukr,data/raw/ukr/14-w9i2uC2W3J8nFE1CP62Nhp02qJ-Y1C.jpeg,14-w9i2uC2W3J8nFE1CP62Nhp02qJ-Y1C.jpeg,True,843,874,JPEG,f3ae69bd1f20023f13ef2c71b3120114a36afc792977aafe2c76a0283dbbf973,,False,,,,,
meme_000231,rus,data/raw/rus/1204.jpg,1204.jpg,True,499,450,JPEG,8263aa2320d2f285a7763a780aef0a80b555e54ea697fa6e4d2e97f190f673df,,False,,,,,
